YEAR,MONTH,DAY,DAY_OF_WEEK,AIRLINE,FLIGHT_NUMBER,TAIL_NUMBER,ORIGIN_AIRPORT,DESTINATION_AIRPORT,SCHEDULED_DEPARTURE,DEPARTURE_TIME,DEPARTURE_DELAY,TAXI_OUT,WHEELS_OFF,SCHEDULED_TIME,ELAPSED_TIME,AIR_TIME,DISTANCE,WHEELS_ON,TAXI_IN,SCHEDULED_ARRIVAL,ARRIVAL_TIME,ARRIVAL_DELAY,DIVERTED,CANCELLED,CANCELLATION_REASON,AIR_SYSTEM_DELAY,SECURITY_DELAY,AIRLINE_DELAY,LATE_AIRCRAFT_DELAY,WEATHER_DELAY,DEPART_TEMP,DEPART_HUMIDITY,DEPART_WINDIR,DEPART_WIND,DEPART_PRECIP,ARRIVAL_TEMP,ARRIVAL_HUMIDITY,ARRIVAL_WINDIR,ARRIVAL_WIND,ARRIVAL_PRECIP
2015,3,4,3,AA,2400,N5FCAA,LAX,DFW,5,2358.0,-7.0,21.0,19.0,168,164.0,138.0,1235,437.0,5.0,453,442.0,0.0,0,0,,,,,,,53.0,74.0,NNE,7.0,0.0,50.0,100.0,N,7.0,0.0
2015,3,4,3,DL,806,N553NW,SFO,MSP,15,10.0,-5.0,13.0,23.0,212,203.0,185.0,1589,528.0,5.0,547,533.0,0.0,0,0,,,,,,,50.0,80.0,WSW,3.0,0.0,0.0,66.0,W,9.0,0.0
2015,3,4,3,US,2020,N194UW,PHX,CLT,15,12.0,-3.0,15.0,27.0,225,204.0,179.0,1773,526.0,10.0,600,536.0,0.0,0,0,,,,,,,51.0,80.0,SW,5.0,0.0,46.0,93.0,S,9.0,0.0
2015,3,4,3,F9,1298,N947FR,PHX,CVG,15,255.0,160.0,12.0,307.0,205,176.0,160.0,1569,747.0,4.0,540,751.0,1.0,0,0,,16.0,0.0,2.0,113.0,0.0,51.0,80.0,SW,5.0,0.0,37.0,93.0,CALM,0.0,0.0
2015,3,4,3,AA,258,N3GHAA,LAX,MIA,20,12.0,-8.0,22.0,34.0,284,281.0,255.0,2342,749.0,4.0,804,753.0,0.0,0,0,,,,,,,53.0,74.0,NNE,7.0,0.0,79.0,15.0,E,15.0,0.0
2015,3,4,3,DL,1214,N523US,DEN,ATL,20,15.0,-5.0,46.0,101.0,166,182.0,126.0,1199,507.0,10.0,506,517.0,0.0,0,0,,,,,,,14.0,92.0,NNE,13.0,0.0,54.0,94.0,SSW,7.0,0.0
2015,3,4,3,NK,612,N631NK,LAS,MSP,20,42.0,22.0,12.0,54.0,177,160.0,143.0,1299,517.0,5.0,517,522.0,0.0,0,0,,,,,,,47.0,30.0,N,12.0,0.0,0.0,66.0,W,9.0,0.0
2015,3,4,3,AA,1234,N3MBAA,LAS,ORD,27,41.0,14.0,16.0,57.0,203,188.0,165.0,1514,542.0,7.0,550,549.0,0.0,0,0,,,,,,,47.0,30.0,N,12.0,0.0,18.0,78.0,WNW,14.0,0.0
2015,3,4,3,AA,1112,N3GKAA,SFO,DFW,30,19.0,-11.0,12.0,31.0,189,190.0,173.0,1464,524.0,5.0,539,529.0,0.0,0,0,,,,,,,50.0,80.0,WSW,3.0,0.0,50.0,100.0,N,9.0,0.0
2015,3,4,3,DL,1627,N623DL,LAS,ATL,30,31.0,1.0,17.0,48.0,223,219.0,179.0,1747,647.0,23.0,713,710.0,0.0,0,0,,,,,,,47.0,30.0,N,12.0,0.0,58.0,97.0,SSW,7.0,0.0
2015,3,4,3,US,448,N153UW,SLC,CLT,30,20.0,-10.0,17.0,37.0,225,209.0,184.0,1727,541.0,8.0,615,549.0,0.0,0,0,,,,,,,29.0,75.0,SE,6.0,0.0,46.0,93.0,S,9.0,0.0
2015,3,4,3,DL,2230,N585NW,PHX,DTW,35,41.0,6.0,19.0,100.0,216,195.0,167.0,1671,547.0,9.0,611,556.0,0.0,0,0,,,,,,,51.0,80.0,SW,5.0,0.0,31.0,72.0,WSW,6.0,0.0
2015,3,4,3,US,677,N553UW,LAS,PHL,35,27.0,-8.0,14.0,41.0,268,239.0,219.0,2176,720.0,6.0,803,726.0,0.0,0,0,,,,,,,47.0,30.0,N,12.0,0.0,37.0,93.0,WSW,10.0,0.0
2015,3,4,3,UA,1432,N35260,LAS,IAH,38,31.0,-7.0,13.0,44.0,165,167.0,147.0,1222,511.0,7.0,523,518.0,0.0,0,0,,,,,,,47.0,30.0,N,12.0,0.0,70.0,90.0,SSE,7.0,0.0
2015,3,4,3,DL,2440,N532US,SEA,MSP,40,37.0,-3.0,16.0,53.0,189,186.0,166.0,1399,539.0,4.0,549,543.0,0.0,0,0,,,,,,,36.0,57.0,SE,5.0,0.0,0.0,66.0,W,9.0,0.0
2015,3,4,3,AA,1674,N3ANAA,LAS,MIA,45,50.0,5.0,17.0,107.0,264,260.0,238.0,2174,805.0,5.0,809,810.0,0.0,0,0,,,,,,,47.0,30.0,N,12.0,0.0,78.0,66.0,ESE,14.0,0.0
2015,3,4,3,AS,108,N464AS,ANC,SEA,45,33.0,-12.0,17.0,50.0,200,196.0,168.0,1448,438.0,11.0,505,449.0,0.0,0,0,,,,,,,34.0,85.0,CALM,0.0,0.0,31.0,67.0,CALM,0.0,0.0
2015,3,4,3,DL,2020,N396DA,LAX,MEM,45,48.0,3.0,17.0,105.0,216,199.0,175.0,1619,600.0,7.0,621,607.0,0.0,0,0,,,,,,,53.0,74.0,NNE,7.0,0.0,55.0,93.0,NW,6.0,0.0
2015,3,4,3,DL,1471,N813DN,LAX,ATL,45,108.0,23.0,17.0,125.0,250,239.0,217.0,1947,802.0,5.0,755,807.0,0.0,0,0,,,,,,,53.0,74.0,NNE,7.0,0.0,58.0,97.0,SSW,7.0,0.0
2015,3,4,3,DL,2256,N388DA,PHX,CVG,45,41.0,-4.0,11.0,52.0,205,174.0,159.0,1569,531.0,4.0,610,535.0,0.0,0,0,,,,,,,51.0,80.0,SW,5.0,0.0,36.0,97.0,CALM,0.0,0.0
2015,3,4,3,DL,2379,N370NW,PDX,MSP,45,33.0,-12.0,7.0,40.0,192,175.0,165.0,1426,525.0,3.0,557,528.0,0.0,0,0,,,,,,,39.0,73.0,CALM,0.0,0.0,0.0,66.0,W,9.0,0.0
2015,3,4,3,UA,1200,N69835,SFO,IAH,45,59.0,14.0,13.0,112.0,212,213.0,194.0,1635,626.0,6.0,617,632.0,1.0,0,0,,1.0,0.0,14.0,0.0,0.0,50.0,80.0,WSW,3.0,0.0,70.0,90.0,SSE,7.0,0.0
2015,3,4,3,DL,1351,N587NW,LAX,MSP,47,54.0,7.0,26.0,120.0,208,210.0,179.0,1535,619.0,5.0,615,624.0,0.0,0,0,,,,,,,53.0,74.0,NNE,7.0,0.0,-1.0,69.0,W,8.0,0.0
2015,3,4,3,UA,1407,N39423,LAX,IAH,47,56.0,9.0,11.0,107.0,188,179.0,162.0,1379,549.0,6.0,555,555.0,0.0,0,0,,,,,,,53.0,74.0,NNE,7.0,0.0,70.0,90.0,SSE,7.0,0.0
2015,3,4,3,AS,122,N519AS,ANC,PDX,50,41.0,-9.0,7.0,48.0,218,188.0,177.0,1542,445.0,4.0,528,449.0,0.0,0,0,,,,,,,34.0,85.0,CALM,0.0,0.0,31.0,89.0,CALM,0.0,0.0
2015,3,4,3,F9,1284,N216FR,LAS,ORD,50,348.0,178.0,16.0,404.0,210,194.0,167.0,1514,851.0,11.0,620,902.0,1.0,0,0,,137.0,0.0,25.0,0.0,0.0,47.0,30.0,N,12.0,0.0,17.0,74.0,NW,9.0,0.0
2015,3,4,3,DL,1450,N124DE,LAS,MSP,55,49.0,-6.0,17.0,106.0,179,168.0,147.0,1299,533.0,4.0,554,537.0,0.0,0,0,,,,,,,47.0,30.0,N,12.0,0.0,0.0,66.0,W,9.0,0.0
2015,3,4,3,DL,2354,N3742C,SLC,JFK,55,105.0,10.0,22.0,127.0,259,259.0,206.0,1990,653.0,31.0,714,724.0,0.0,0,0,,,,,,,29.0,75.0,SE,6.0,0.0,36.0,87.0,WSW,10.0,0.0
2015,3,4,3,NK,214,N625NK,LAS,DFW,58,55.0,-3.0,15.0,110.0,145,145.0,121.0,1055,511.0,9.0,523,520.0,0.0,0,0,,,,,,,47.0,30.0,N,12.0,0.0,50.0,100.0,N,9.0,0.0
2015,3,4,3,DL,1630,N554NW,PHX,ATL,100,116.0,16.0,11.0,127.0,205,185.0,161.0,1587,608.0,13.0,625,621.0,0.0,0,0,,,,,,,51.0,77.0,WSW,3.0,0.0,54.0,100.0,SSW,12.0,0.0
2015,3,4,3,NK,520,N504NK,LAS,MCI,100,50.0,-10.0,10.0,100.0,164,139.0,124.0,1139,504.0,5.0,544,509.0,0.0,0,0,,,,,,,47.0,32.0,NNW,7.0,0.0,19.0,57.0,NNE,14.0,0.0
2015,3,4,3,AA,115,N3APAA,LAX,MIA,105,53.0,-12.0,26.0,119.0,285,292.0,260.0,2342,839.0,6.0,850,845.0,0.0,0,0,,,,,,,51.0,80.0,NE,3.0,0.0,78.0,66.0,ESE,14.0,0.0
2015,3,4,3,AA,2406,N3HYAA,LAX,DFW,105,109.0,4.0,15.0,124.0,166,170.0,148.0,1235,552.0,7.0,551,559.0,0.0,0,0,,,,,,,51.0,80.0,NE,3.0,0.0,50.0,100.0,N,9.0,0.0
2015,3,4,3,DL,2324,N681DA,SLC,ATL,110,140.0,30.0,11.0,151.0,204,192.0,172.0,1590,643.0,9.0,634,652.0,1.0,0,0,,0.0,0.0,8.0,10.0,0.0,29.0,75.0,SSE,7.0,0.0,54.0,100.0,SSW,12.0,0.0
2015,3,4,3,AS,130,N402AS,FAI,SEA,115,111.0,-4.0,15.0,126.0,213,200.0,181.0,1533,527.0,4.0,548,531.0,0.0,0,0,,,,,,,24.0,91.0,CALM,0.0,0.0,31.0,67.0,CALM,0.0,0.0
2015,3,4,3,NK,597,N528NK,MSP,FLL,115,122.0,7.0,12.0,134.0,206,201.0,178.0,1487,532.0,11.0,541,543.0,0.0,0,0,,,,,,,3.0,63.0,W,9.0,0.0,73.0,84.0,SE,13.0,0.0
2015,3,4,3,AA,2392,N3DPAA,DEN,MIA,120,145.0,25.0,42.0,227.0,226,242.0,191.0,1709,738.0,9.0,706,747.0,1.0,0,0,,16.0,0.0,25.0,0.0,0.0,13.0,88.0,NE,14.0,0.0,76.0,74.0,ESE,9.0,0.0
2015,3,4,3,US,1813,N538UW,DEN,CLT,120,157.0,37.0,43.0,240.0,179,188.0,139.0,1337,659.0,6.0,619,705.0,1.0,0,0,,9.0,0.0,0.0,37.0,0.0,13.0,88.0,NE,14.0,0.0,46.0,93.0,S,9.0,0.0
2015,3,4,3,NK,168,N614NK,PHX,ORD,125,210.0,45.0,9.0,219.0,201,168.0,151.0,1440,550.0,8.0,546,558.0,0.0,0,0,,,,,,,51.0,77.0,WSW,3.0,0.0,46.0,93.0,S,9.0,0.0
2015,3,4,3,AA,2211,N3GUAA,PHX,MIA,130,123.0,-7.0,9.0,132.0,235,231.0,217.0,1972,709.0,5.0,725,714.0,0.0,0,0,,,,,,,51.0,77.0,WSW,3.0,0.0,76.0,74.0,ESE,9.0,0.0
2015,3,4,3,NK,298,N508NK,LAS,IAH,144,141.0,-3.0,13.0,154.0,168,169.0,148.0,1222,622.0,8.0,632,630.0,0.0,0,0,,,,,,,47.0,32.0,NNW,7.0,0.0,70.0,90.0,SSE,7.0,0.0
2015,3,4,3,HA,17,N370HA,LAS,HNL,145,139.0,-6.0,13.0,152.0,375,392.0,372.0,2762,604.0,7.0,600,611.0,0.0,0,0,,,,,,,47.0,32.0,NNW,7.0,0.0,73.0,68.0,N,12.0,0.0
2015,3,4,3,DL,2152,N136DL,PHX,MSP,155,146.0,-9.0,16.0,202.0,179,156.0,137.0,1276,519.0,3.0,554,522.0,0.0,0,0,,,,,,,51.0,77.0,WSW,3.0,0.0,0.0,66.0,W,9.0,0.0
2015,3,4,3,NK,451,N534NK,PBG,FLL,155,209.0,14.0,36.0,245.0,203,225.0,182.0,1334,547.0,7.0,518,554.0,1.0,0,0,,22.0,0.0,14.0,0.0,0.0,27.0,85.0,SSE,13.0,0.0,73.0,84.0,SE,13.0,0.0
2015,3,4,3,B6,1204,N640JB,SJU,JFK,159,154.0,-5.0,15.0,209.0,235,254.0,228.0,1598,457.0,11.0,454,508.0,0.0,0,0,,,,,,,74.0,87.0,ESE,13.0,0.0,36.0,86.0,WSW,7.0,0.0
2015,3,4,3,NK,972,N616NK,PHX,DFW,200,156.0,-4.0,13.0,209.0,121,120.0,100.0,868,449.0,7.0,501,456.0,0.0,0,0,,,,,,,49.0,83.0,SW,3.0,0.0,50.0,100.0,N,9.0,0.0
2015,3,4,3,AS,114,N413AS,ANC,SEA,215,213.0,-2.0,16.0,229.0,198,188.0,169.0,1448,618.0,3.0,633,621.0,0.0,0,0,,,,,,,35.0,85.0,NNE,5.0,0.0,34.0,59.0,CALM,0.0,0.0
2015,3,4,3,NK,647,N619NK,IAG,FLL,238,,,,,178,,,1176,,,536,,1.0,0,1,B,,,,,,33.0,89.0,W,13.0,0.0,73.0,84.0,SE,13.0,0.0
2015,3,4,3,NK,374,N636NK,BQN,FLL,410,405.0,-5.0,13.0,418.0,157,150.0,128.0,983,526.0,9.0,547,535.0,0.0,0,0,,,,,,,33.0,89.0,W,13.0,0.0,73.0,84.0,SE,13.0,0.0
2015,3,4,3,B6,730,N630JB,BQN,MCO,420,423.0,3.0,9.0,432.0,181,166.0,149.0,1129,601.0,8.0,621,609.0,0.0,0,0,,,,,,,,,,,,66.0,100.0,SSE,3.0,0.0
2015,3,4,3,B6,768,N663JB,PSE,MCO,425,420.0,-5.0,9.0,429.0,185,171.0,158.0,1179,607.0,4.0,630,611.0,0.0,0,0,,,,,,,73.0,73.0,E,9.0,0.0,66.0,100.0,SSE,3.0,0.0
2015,3,4,3,AA,1342,N3HLAA,ORD,MIA,500,451.0,-9.0,11.0,502.0,179,178.0,156.0,1197,838.0,11.0,859,849.0,0.0,0,0,,,,,,,18.0,78.0,WNW,14.0,0.0,78.0,66.0,ESE,14.0,0.0
2015,3,4,3,AS,695,N403AS,GEG,SEA,500,453.0,-7.0,17.0,510.0,65,68.0,40.0,224,550.0,11.0,605,601.0,0.0,0,0,,,,,,,19.0,68.0,CALM,0.0,0.0,73.0,94.0,E,2.0,0.0
2015,3,4,3,DL,1679,N364NB,BIS,MSP,500,457.0,-3.0,12.0,509.0,85,72.0,57.0,386,606.0,3.0,625,609.0,0.0,0,0,,,,,,,-2.0,69.0,NW,15.0,0.0,-1.0,69.0,W,8.0,0.0
2015,3,4,3,DL,2619,N916DN,FAR,MSP,500,457.0,-3.0,14.0,511.0,72,56.0,37.0,223,548.0,5.0,612,553.0,0.0,0,0,,,,,,,,,,,,-1.0,69.0,W,8.0,0.0
2015,3,4,3,US,469,N112US,EWR,CLT,500,456.0,-4.0,13.0,509.0,111,115.0,97.0,529,646.0,5.0,651,651.0,0.0,0,0,,,,,,,,,,,,46.0,93.0,S,9.0,0.0
2015,3,4,3,US,602,N541UW,ORD,PHX,500,455.0,-5.0,9.0,504.0,231,246.0,233.0,1440,757.0,4.0,751,801.0,0.0,0,0,,,,,,,40.0,81.0,WNW,14.0,0.0,50.0,71.0,WSW,5.0,0.0
2015,3,4,3,US,1852,N715UW,BOS,CLT,500,455.0,-5.0,18.0,513.0,145,148.0,123.0,728,716.0,7.0,725,723.0,0.0,0,0,,,,,,,37.0,89.0,SW,12.0,0.0,46.0,93.0,S,9.0,0.0
2015,3,4,3,US,1984,N818AW,FLL,CLT,500,457.0,-3.0,17.0,514.0,115,129.0,103.0,631,657.0,9.0,655,706.0,0.0,0,0,,,,,,,73.0,84.0,SE,13.0,0.0,46.0,93.0,S,9.0,0.0
2015,3,4,3,UA,288,N854UA,EWR,IAH,500,456.0,-4.0,11.0,507.0,244,239.0,225.0,1400,752.0,3.0,804,755.0,0.0,0,0,,,,,,,36.0,87.0,SW,6.0,0.0,72.0,84.0,S,13.0,0.0
2015,3,4,3,HA,102,N480HA,HNL,ITO,500,452.0,-8.0,11.0,503.0,49,58.0,41.0,216,544.0,6.0,549,550.0,0.0,0,0,,,,,,,73.0,68.0,NNW,13.0,0.0,72.0,84.0,S,13.0,0.0
2015,3,4,3,OO,5393,N946SW,MKE,ORD,500,457.0,-3.0,10.0,507.0,49,40.0,24.0,67,531.0,6.0,549,537.0,0.0,0,0,,,,,,,16.0,57.0,NW,16.0,0.0,18.0,78.0,WNW,14.0,0.0
2015,3,4,3,HA,108,N485HA,HNL,KOA,502,455.0,-7.0,14.0,509.0,42,45.0,26.0,163,535.0,5.0,544,540.0,0.0,0,0,,,,,,,73.0,68.0,NNW,13.0,0.0,,,,,
2015,3,4,3,AS,730,N433AS,ANC,SEA,505,456.0,-9.0,17.0,513.0,199,194.0,173.0,1448,906.0,4.0,924,910.0,0.0,0,0,,,,,,,34.0,87.0,CALM,0.0,0.0,43.0,43.0,CALM,0.0,0.0
2015,3,4,3,US,1982,N189UW,DFW,CLT,505,458.0,-7.0,16.0,514.0,143,137.0,105.0,936,759.0,16.0,828,815.0,0.0,0,0,,,,,,,50.0,100.0,N,9.0,0.0,48.0,93.0,S,8.0,0.0
2015,3,4,3,HA,206,N484HA,HNL,OGG,505,500.0,-5.0,14.0,514.0,36,45.0,25.0,100,539.0,6.0,541,545.0,0.0,0,0,,,,,,,73.0,68.0,NNW,13.0,0.0,70.0,94.0,N,13.0,0.1
2015,3,4,3,OO,7370,N416SW,BJI,MSP,505,505.0,0.0,26.0,531.0,60,70.0,38.0,199,609.0,6.0,605,615.0,0.0,0,0,,,,,,,-9.0,79.0,W,8.0,0.0,-1.0,69.0,W,8.0,0.0
2015,3,4,3,AA,1323,N3JKAA,MCO,MIA,510,504.0,-6.0,11.0,515.0,62,53.0,34.0,192,549.0,8.0,612,557.0,0.0,0,0,,,,,,,65.0,100.0,ESE,5.0,0.0,74.0,76.0,ESE,9.0,0.0
2015,3,4,3,US,1709,N171US,MSP,CLT,510,507.0,-3.0,32.0,539.0,156,184.0,139.0,930,858.0,13.0,846,911.0,1.0,0,0,,25.0,0.0,0.0,0.0,0.0,0.0,66.0,W,9.0,0.0,48.0,93.0,S,8.0,0.0
2015,3,4,3,US,2061,N121UW,TPA,CLT,510,459.0,-11.0,22.0,521.0,96,119.0,83.0,507,644.0,14.0,646,658.0,0.0,0,0,,,,,,,68.0,87.0,VAR,5.0,0.0,46.0,93.0,S,9.0,0.0
2015,3,4,3,UA,260,N823UA,ORD,IAH,510,504.0,-6.0,13.0,517.0,175,179.0,153.0,925,750.0,13.0,805,803.0,0.0,0,0,,,,,,,18.0,78.0,WNW,14.0,0.0,72.0,84.0,S,13.0,0.0
2015,3,4,3,NK,103,N620NK,BOS,MYR,510,510.0,0.0,14.0,524.0,131,134.0,114.0,738,718.0,6.0,721,724.0,0.0,0,0,,,,,,,37.0,89.0,SW,12.0,0.0,55.0,94.0,S,8.0,0.0
2015,3,4,3,AA,1388,N3BXAA,DFW,MIA,515,517.0,2.0,15.0,532.0,159,154.0,132.0,1121,844.0,7.0,854,851.0,0.0,0,0,,,,,,,50.0,100.0,N,9.0,0.0,78.0,66.0,ESE,14.0,0.0
2015,3,4,3,AA,2454,N3GLAA,BOS,MIA,515,517.0,2.0,15.0,532.0,210,202.0,176.0,1258,828.0,11.0,845,839.0,0.0,0,0,,,,,,,37.0,89.0,SW,12.0,0.0,78.0,66.0,ESE,14.0,0.0
2015,3,4,3,US,819,N711UW,IAH,CLT,515,508.0,-7.0,11.0,519.0,139,139.0,118.0,912,817.0,10.0,834,827.0,0.0,0,0,,,,,,,70.0,90.0,SSE,7.0,0.0,48.0,93.0,S,8.0,0.0
2015,3,4,3,US,1732,N827AW,BWI,CLT,515,507.0,-8.0,13.0,520.0,89,93.0,71.0,361,631.0,9.0,644,640.0,0.0,0,0,,,,,,,37.0,93.0,WSW,6.0,0.0,46.0,93.0,S,9.0,0.0
2015,3,4,3,US,1879,N805AW,PIT,CLT,515,513.0,-2.0,28.0,541.0,93,112.0,70.0,366,651.0,14.0,648,705.0,1.0,0,0,,17.0,0.0,0.0,0.0,0.0,20.0,89.0,W,8.0,0.0,46.0,93.0,S,9.0,0.0
2015,3,4,3,US,425,N190UW,SEA,PHX,515,514.0,-1.0,26.0,540.0,164,168.0,138.0,1107,858.0,4.0,859,902.0,0.0,0,0,,,,,,,31.0,67.0,CALM,0.0,0.0,53.0,64.0,WSW,3.0,0.0
2015,3,4,3,US,1990,N724UW,ORF,CLT,515,508.0,-7.0,13.0,521.0,76,77.0,58.0,290,619.0,6.0,631,625.0,0.0,0,0,,,,,,,47.0,93.0,SW,21.0,0.0,46.0,93.0,S,9.0,0.0
2015,3,4,3,UA,271,N852UA,MSY,IAH,515,506.0,-9.0,11.0,517.0,77,67.0,51.0,305,608.0,5.0,632,613.0,0.0,0,0,,,,,,,68.0,93.0,CALM,0.0,0.0,70.0,90.0,SSE,7.0,0.0
2015,3,4,3,UA,842,N475UA,PHL,IAH,515,510.0,-5.0,12.0,522.0,231,214.0,186.0,1325,728.0,16.0,806,744.0,0.0,0,0,,,,,,,35.0,92.0,WSW,10.0,0.0,72.0,84.0,S,13.0,0.0
2015,3,4,3,OO,5484,N701SK,BOI,SFO,515,507.0,-8.0,24.0,531.0,113,99.0,71.0,522,542.0,4.0,608,546.0,0.0,0,0,,,,,,,21.0,71.0,CALM,0.0,0.0,47.0,86.0,SW,3.0,0.0
2015,3,4,3,OO,5254,N791SK,MAF,IAH,515,509.0,-6.0,9.0,518.0,84,79.0,66.0,429,624.0,4.0,639,628.0,0.0,0,0,,,,,,,47.0,100.0,ESE,6.0,0.0,70.0,90.0,SSE,7.0,0.0
2015,3,4,3,OO,7365,N455CA,ABR,MSP,515,506.0,-9.0,32.0,538.0,70,78.0,42.0,257,620.0,4.0,625,624.0,0.0,0,0,,,,,,,3.0,80.0,CALM,0.0,0.0,-1.0,69.0,W,8.0,0.0
2015,3,4,3,US,1724,N948UW,RDU,PHL,519,511.0,-8.0,12.0,523.0,76,71.0,57.0,337,620.0,2.0,635,622.0,0.0,0,0,,,,,,,42.0,92.0,WSW,8.0,0.0,35.0,92.0,SW,6.0,0.0
2015,3,4,3,AA,89,N3FMAA,IAH,MIA,520,514.0,-6.0,14.0,528.0,137,136.0,114.0,964,822.0,8.0,837,830.0,0.0,0,0,,,,,,,70.0,90.0,SSE,7.0,0.0,78.0,66.0,ESE,14.0,0.0
2015,3,4,3,DL,1991,N551NW,MSP,ATL,520,518.0,-2.0,16.0,534.0,148,154.0,130.0,907,844.0,8.0,848,852.0,0.0,0,0,,,,,,,0.0,66.0,W,9.0,0.0,59.0,93.0,SSW,6.0,0.0
2015,3,4,3,DL,1418,N802DN,MCO,ATL,520,515.0,-5.0,15.0,530.0,84,84.0,63.0,404,633.0,6.0,644,639.0,0.0,0,0,,,,,,,65.0,100.0,ESE,5.0,0.0,54.0,100.0,SSW,12.0,0.0
2015,3,4,3,DL,2323,N911DA,TPA,ATL,520,519.0,-1.0,11.0,530.0,85,79.0,61.0,406,631.0,7.0,645,638.0,0.0,0,0,,,,,,,68.0,87.0,VAR,5.0,0.0,54.0,100.0,SSW,12.0,0.0
2015,3,4,3,DL,2517,N975DL,VPS,ATL,520,518.0,-2.0,15.0,533.0,68,65.0,45.0,250,718.0,5.0,728,723.0,0.0,0,0,,,,,,,63.0,94.0,ESE,3.0,0.0,58.0,97.0,SSW,7.0,0.0
2015,3,4,3,EV,4288,N27152,MFE,IAH,520,517.0,-3.0,10.0,527.0,70,70.0,51.0,316,618.0,9.0,630,627.0,0.0,0,0,,,,,,,79.0,100.0,E,5.0,0.0,70.0,90.0,SSE,7.0,0.0
2015,3,4,3,UA,1497,N37413,SEA,SFO,520,513.0,-7.0,16.0,529.0,130,110.0,89.0,679,658.0,5.0,730,703.0,0.0,0,0,,,,,,,31.0,67.0,CALM,0.0,0.0,52.0,80.0,CALM,0.0,0.0
2015,3,4,3,US,560,N677AW,MSP,PHX,520,517.0,-3.0,10.0,527.0,202,208.0,192.0,1276,739.0,6.0,742,745.0,0.0,0,0,,,,,,,0.0,66.0,W,9.0,0.0,50.0,71.0,WSW,5.0,0.0
2015,3,4,3,US,646,N660AW,PDX,PHX,520,516.0,-4.0,30.0,546.0,150,159.0,125.0,1009,851.0,4.0,850,855.0,0.0,0,0,,,,,,,31.0,89.0,CALM,0.0,0.0,53.0,64.0,WSW,3.0,0.0
2015,3,4,3,US,2062,N543UW,MCO,CLT,520,512.0,-8.0,13.0,525.0,97,120.0,100.0,468,705.0,7.0,657,712.0,1.0,0,0,,15.0,0.0,0.0,0.0,0.0,65.0,100.0,ESE,5.0,0.0,46.0,93.0,S,9.0,0.0
2015,3,4,3,WN,2418,N399WN,LAS,PHX,520,517.0,-3.0,10.0,527.0,65,57.0,42.0,255,709.0,5.0,725,714.0,0.0,0,0,,,,,,,44.0,31.0,NNW,13.0,0.0,50.0,71.0,WSW,5.0,0.0
2015,3,4,3,EV,4685,N14125,BRO,IAH,520,1207.0,407.0,11.0,1218.0,76,70.0,53.0,308,1311.0,6.0,636,1317.0,1.0,0,0,,0.0,0.0,401.0,0.0,0.0,34.0,93.0,SW,7.0,0.0,70.0,90.0,SSE,7.0,0.0
2015,3,4,3,OO,5632,N923SW,SBA,SFO,520,520.0,0.0,18.0,538.0,74,66.0,45.0,262,623.0,3.0,634,626.0,0.0,0,0,,,,,,,44.0,82.0,CALM,0.0,0.0,47.0,86.0,SW,3.0,0.0
2015,3,4,3,EV,4671,N10575,HRL,IAH,521,515.0,-6.0,11.0,526.0,74,72.0,54.0,295,620.0,7.0,635,627.0,0.0,0,0,,,,,,,71.0,90.0,S,17.0,0.0,70.0,90.0,SSE,7.0,0.0
2015,3,4,3,AA,1182,N3GWAA,MSP,MIA,522,525.0,3.0,43.0,608.0,223,233.0,182.0,1501,1010.0,8.0,1005,1018.0,0.0,0,0,,,,,,,0.0,66.0,W,9.0,0.0,79.0,64.0,ESE,15.0,0.0
2015,3,4,3,AA,328,N3KWAA,DEN,DFW,523,524.0,1.0,45.0,609.0,116,164.0,108.0,641,857.0,11.0,819,908.0,1.0,0,0,,49.0,0.0,0.0,0.0,0.0,11.0,84.0,NE,7.0,0.0,48.0,96.0,NNE,13.0,0.0
2015,3,4,3,HA,103,N491HA,HNL,LIH,523,522.0,-1.0,12.0,534.0,37,40.0,23.0,102,557.0,5.0,600,602.0,0.0,0,0,,,,,,,73.0,68.0,NNW,13.0,0.0,48.0,96.0,NNE,13.0,0.0
2015,3,4,3,DL,1091,N541US,JAX,ATL,525,527.0,2.0,10.0,537.0,70,64.0,46.0,270,623.0,8.0,635,631.0,0.0,0,0,,,,,,,65.0,100.0,S,8.0,0.0,54.0,100.0,SSW,12.0,0.0
2015,3,4,3,US,843,N721UW,RIC,CLT,525,518.0,-7.0,20.0,538.0,77,97.0,71.0,257,649.0,6.0,642,655.0,0.0,0,0,,,,,,,51.0,89.0,SW,10.0,0.0,46.0,93.0,S,9.0,0.0
2015,3,4,3,EV,4209,N18114,BTR,IAH,525,,,,,72,,,253,,,637,,1.0,0,1,C,,,,,,68.0,96.0,S,6.0,0.0,70.0,90.0,SSE,7.0,0.0
2015,3,4,3,MQ,3659,N649MQ,SGF,DFW,525,,,,,92,,,364,,,657,,1.0,0,1,B,,,,,,32.0,88.0,N,17.0,0.0,50.0,96.0,N,9.0,0.0
2015,3,4,3,OO,5243,N728SK,MKE,IAH,525,,,,,176,,,984,,,821,,1.0,0,1,A,,,,,,16.0,57.0,NW,16.0,0.0,72.0,84.0,S,13.0,0.0
2015,3,4,3,OO,4541,N441SW,LWS,SLC,525,520.0,-5.0,15.0,535.0,88,79.0,59.0,461,734.0,5.0,753,739.0,0.0,0,0,,,,,,,24.0,75.0,CALM,0.0,0.0,28.0,78.0,SSE,7.0,0.0
2015,3,4,3,OO,5249,N745SK,DSM,IAH,525,521.0,-4.0,45.0,606.0,160,198.0,145.0,802,831.0,8.0,805,839.0,1.0,0,0,,34.0,0.0,0.0,0.0,0.0,13.0,56.0,NNW,9.0,0.0,72.0,84.0,S,13.0,0.0
2015,3,4,3,OO,4779,N432SW,DIK,MSP,525,521.0,-4.0,20.0,541.0,103,99.0,68.0,481,749.0,11.0,808,800.0,0.0,0,0,,,,,,,,,,,,3.0,60.0,WNW,10.0,0.0
2015,3,4,3,EV,4651,N12135,IAD,IAH,527,608.0,41.0,30.0,638.0,225,267.0,225.0,1190,923.0,12.0,812,935.0,1.0,0,0,,83.0,0.0,0.0,0.0,0.0,,,,,,72.0,84.0,S,13.0,0.0
2015,3,4,3,OO,7423,N459SW,BRD,MSP,528,528.0,0.0,32.0,600.0,47,67.0,27.0,114,627.0,8.0,615,635.0,1.0,0,0,,20.0,0.0,0.0,0.0,0.0,-8.0,79.0,W,8.0,0.0,-1.0,69.0,W,8.0,0.0
2015,3,4,3,B6,1554,N641JB,SJU,FLL,529,519.0,-10.0,10.0,529.0,170,169.0,141.0,1046,650.0,18.0,719,708.0,0.0,0,0,,,,,,,72.0,87.0,ESE,6.0,0.0,74.0,85.0,SE,12.0,0.0
2015,3,4,3,B6,1434,N328JB,SJU,MCO,530,524.0,-6.0,12.0,536.0,190,176.0,160.0,1189,716.0,4.0,740,720.0,0.0,0,0,,,,,,,72.0,87.0,ESE,6.0,0.0,69.0,96.0,SSE,6.0,0.0
2015,3,4,3,DL,2007,N956AT,SAV,ATL,530,530.0,0.0,13.0,543.0,67,61.0,42.0,214,625.0,6.0,637,631.0,0.0,0,0,,,,,,,,,,,,54.0,100.0,SSW,12.0,0.0
2015,3,4,3,DL,1129,N934AT,HSV,ATL,530,526.0,-4.0,10.0,536.0,53,46.0,33.0,151,709.0,3.0,723,712.0,0.0,0,0,,,,,,,66.0,83.0,SSW,12.0,0.0,58.0,97.0,SSW,7.0,0.0
2015,3,4,3,DL,1231,N307DQ,CHS,ATL,530,527.0,-3.0,10.0,537.0,73,66.0,49.0,259,626.0,7.0,643,633.0,0.0,0,0,,,,,,,59.0,94.0,SSW,8.0,0.0,54.0,100.0,SSW,12.0,0.0
2015,3,4,3,DL,1316,N965DN,BOI,MSP,530,530.0,0.0,22.0,552.0,163,164.0,137.0,1142,909.0,5.0,913,914.0,0.0,0,0,,,,,,,21.0,71.0,CALM,0.0,0.0,5.0,55.0,W,14.0,0.0
2015,3,4,3,DL,2377,N908DA,ORF,ATL,530,627.0,57.0,13.0,640.0,114,108.0,86.0,516,806.0,9.0,724,815.0,1.0,0,0,,0.0,0.0,51.0,0.0,0.0,47.0,93.0,SW,21.0,0.0,58.0,97.0,SSW,7.0,0.0
2015,3,4,3,DL,2393,N981DL,BNA,ATL,530,533.0,3.0,31.0,604.0,61,81.0,44.0,214,748.0,6.0,731,754.0,1.0,0,0,,23.0,0.0,0.0,0.0,0.0,52.0,94.0,NW,14.0,0.0,58.0,97.0,SSW,7.0,0.0
2015,3,4,3,UA,1545,N17233,DFW,IAH,530,527.0,-3.0,13.0,540.0,70,69.0,51.0,224,631.0,5.0,640,636.0,0.0,0,0,,,,,,,50.0,100.0,N,9.0,0.0,70.0,90.0,SSE,7.0,0.0
2015,3,4,3,US,1901,N125UW,RDU,CLT,530,527.0,-3.0,16.0,543.0,57,76.0,52.0,130,635.0,8.0,627,643.0,1.0,0,0,,16.0,0.0,0.0,0.0,0.0,42.0,92.0,WSW,8.0,0.0,46.0,93.0,S,9.0,0.0
2015,3,4,3,US,1909,N947UW,BOS,PHL,530,526.0,-4.0,33.0,559.0,89,101.0,65.0,280,704.0,3.0,659,707.0,0.0,0,0,,,,,,,37.0,89.0,SW,12.0,0.0,35.0,92.0,SW,6.0,0.0
2015,3,4,3,WN,141,N957WN,ALB,MDW,530,526.0,-4.0,10.0,536.0,160,155.0,139.0,717,655.0,6.0,710,701.0,0.0,0,0,,,,,,,33.0,82.0,E,3.0,0.0,20.0,71.0,NW,16.0,0.0
2015,3,4,3,UA,259,N459UA,AUS,IAH,530,524.0,-6.0,12.0,536.0,56,45.0,29.0,140,605.0,4.0,626,609.0,0.0,0,0,,,,,,,,,,,,70.0,90.0,SSE,7.0,0.0
2015,3,4,3,EV,4568,N16546,LFT,IAH,530,521.0,-9.0,15.0,536.0,67,63.0,41.0,201,617.0,7.0,637,624.0,0.0,0,0,,,,,,,66.0,96.0,SSE,3.0,0.0,70.0,90.0,SSE,7.0,0.0
2015,3,4,3,EV,5362,N914EV,SHV,ATL,530,606.0,36.0,7.0,613.0,98,97.0,79.0,551,832.0,11.0,808,843.0,1.0,0,0,,0.0,0.0,35.0,0.0,0.0,62.0,93.0,SE,7.0,0.0,59.0,93.0,SSW,6.0,0.0
2015,3,4,3,EV,5518,N676CA,BTR,ATL,530,,,,,86,,,448,,,756,,1.0,0,1,C,,,,,,68.0,96.0,S,6.0,0.0,58.0,97.0,SSW,7.0,0.0
2015,3,4,3,F9,1279,N935FR,PHL,MCO,530,537.0,7.0,23.0,600.0,145,145.0,115.0,861,755.0,7.0,755,802.0,0.0,0,0,,,,,,,35.0,92.0,WSW,10.0,0.0,69.0,96.0,SSE,6.0,0.0
2015,3,4,3,MQ,3379,N836MQ,LEX,ORD,530,524.0,-6.0,12.0,536.0,98,77.0,57.0,323,533.0,8.0,608,541.0,0.0,0,0,,,,,,,41.0,100.0,CALM,0.0,0.0,17.0,74.0,NW,9.0,0.0
2015,3,4,3,NK,409,N531NK,ORD,FLL,530,527.0,-3.0,16.0,543.0,181,187.0,159.0,1182,922.0,12.0,931,934.0,0.0,0,0,,,,,,,18.0,78.0,WNW,14.0,0.0,78.0,74.0,SE,16.0,0.0
2015,3,4,3,OO,4997,N718SK,SBN,ORD,530,522.0,-8.0,15.0,537.0,59,41.0,20.0,84,457.0,6.0,529,503.0,0.0,0,0,,,,,,,31.0,79.0,WNW,9.0,0.0,18.0,78.0,WNW,14.0,0.0
2015,3,4,3,OO,5460,N567SW,RDD,SFO,530,542.0,12.0,39.0,621.0,86,95.0,52.0,199,713.0,4.0,656,717.0,1.0,0,0,,9.0,0.0,12.0,0.0,0.0,35.0,78.0,CALM,0.0,0.0,47.0,86.0,SW,3.0,0.0
2015,3,4,3,OO,5509,N110SY,DFW,SFO,530,530.0,0.0,23.0,553.0,249,240.0,211.0,1464,724.0,6.0,739,730.0,0.0,0,0,,,,,,,50.0,100.0,N,9.0,0.0,52.0,80.0,CALM,0.0,0.0
2015,3,4,3,OO,5435,N693BR,PSC,SFO,530,524.0,-6.0,24.0,548.0,126,111.0,82.0,620,710.0,5.0,736,715.0,0.0,0,0,,,,,,,19.0,85.0,NW,6.0,0.0,52.0,80.0,CALM,0.0,0.0
2015,3,4,3,OO,6378,N932SW,DAY,ORD,530,540.0,10.0,27.0,607.0,82,84.0,50.0,240,557.0,7.0,552,604.0,0.0,0,0,,,,,,,,,,,,18.0,78.0,WNW,14.0,0.0
2015,3,4,3,OO,6391,N952SW,EUG,DEN,530,521.0,-9.0,20.0,541.0,163,176.0,145.0,996,906.0,11.0,913,917.0,0.0,0,0,,,,,,,0.0,0.0,CALM,0.0,0.0,12.0,80.0,E,7.0,0.0
2015,3,4,3,AA,1433,N482AA,SAT,DFW,535,532.0,-3.0,15.0,547.0,66,61.0,36.0,247,623.0,10.0,641,633.0,0.0,0,0,,,,,,,45.0,93.0,,0.0,0.0,50.0,96.0,N,9.0,0.0
2015,3,4,3,DL,667,N913DL,BHM,ATL,535,532.0,-3.0,12.0,544.0,55,53.0,36.0,134,720.0,5.0,730,725.0,0.0,0,0,,,,,,,62.0,96.0,SSW,13.0,0.0,58.0,97.0,SSW,7.0,0.0
2015,3,4,3,DL,823,N373NW,CLT,ATL,535,535.0,0.0,17.0,552.0,75,72.0,47.0,226,639.0,8.0,650,647.0,0.0,0,0,,,,,,,45.0,93.0,SSW,6.0,0.0,54.0,100.0,SSW,12.0,0.0
2015,3,4,3,US,1904,N756US,DCA,CLT,535,532.0,-3.0,16.0,548.0,87,91.0,67.0,331,655.0,8.0,702,703.0,0.0,0,0,,,,,,,39.0,87.0,S,6.0,0.0,46.0,93.0,S,9.0,0.0
2015,3,4,3,WN,23,N414WN,MDW,DCA,535,536.0,1.0,15.0,551.0,110,98.0,79.0,601,810.0,4.0,825,814.0,0.0,0,0,,,,,,,22.0,72.0,WNW,10.0,0.0,43.0,81.0,S,6.0,0.0
2015,3,4,3,UA,264,N825UA,SAT,IAH,535,532.0,-3.0,17.0,549.0,59,62.0,40.0,191,629.0,5.0,634,634.0,0.0,0,0,,,,,,,64.0,93.0,SSE,6.0,0.0,70.0,90.0,SSE,7.0,0.0
2015,3,4,3,UA,1067,N69830,PDX,DEN,535,533.0,-2.0,12.0,545.0,155,151.0,130.0,991,855.0,9.0,910,904.0,0.0,0,0,,,,,,,31.0,89.0,CALM,0.0,0.0,12.0,80.0,E,7.0,0.0
2015,3,4,3,EV,4557,N11187,CRP,IAH,535,,,,,62,,,201,,,637,,1.0,0,1,C,,,,,,67.0,97.0,SSE,10.0,0.0,70.0,90.0,SSE,7.0,0.0
2015,3,4,3,EV,5275,N878AS,DHN,ATL,535,532.0,-3.0,6.0,538.0,57,51.0,38.0,170,716.0,7.0,732,723.0,0.0,0,0,,,,,,,62.0,100.0,S,7.0,0.0,58.0,97.0,SSW,7.0,0.0
2015,3,4,3,EV,6022,N13965,BNA,ORD,535,528.0,-7.0,17.0,545.0,108,96.0,70.0,409,655.0,9.0,723,704.0,0.0,0,0,,,,,,,52.0,94.0,NW,14.0,0.0,17.0,74.0,NW,10.0,0.0
2015,3,4,3,OO,5467,N903SW,ONT,SFO,535,529.0,-6.0,15.0,544.0,88,80.0,61.0,363,645.0,4.0,703,649.0,0.0,0,0,,,,,,,44.0,89.0,W,3.0,0.0,52.0,80.0,CALM,0.0,0.0
2015,3,4,3,OO,4735,N614SK,GRB,ATL,535,655.0,80.0,18.0,713.0,145,155.0,127.0,774,1020.0,10.0,900,1030.0,1.0,0,0,,10.0,0.0,80.0,0.0,0.0,11.0,64.0,WNW,13.0,0.0,61.0,100.0,SW,5.0,0.0
2015,3,4,3,B6,2001,N236JB,BUF,JFK,536,533.0,-3.0,26.0,559.0,84,86.0,56.0,301,655.0,4.0,700,659.0,0.0,0,0,,,,,,,33.0,72.0,W,14.0,0.0,36.0,87.0,WSW,10.0,0.0
2015,3,4,3,UA,707,N474UA,ORD,DEN,536,527.0,-9.0,11.0,538.0,169,182.0,164.0,888,722.0,7.0,725,729.0,0.0,0,0,,,,,,,18.0,78.0,WNW,14.0,0.0,10.0,87.0,NNE,7.0,0.0
2015,3,4,3,UA,334,N839UA,SEA,DEN,537,535.0,-2.0,16.0,551.0,158,169.0,141.0,1024,912.0,12.0,915,924.0,0.0,0,0,,,,,,,31.0,67.0,CALM,0.0,0.0,12.0,80.0,E,7.0,0.0
2015,3,4,3,OO,7368,N438SW,ESC,DTW,537,630.0,53.0,26.0,656.0,78,84.0,48.0,306,744.0,10.0,655,754.0,1.0,0,0,,6.0,0.0,53.0,0.0,0.0,12.0,62.0,WNW,6.0,0.0,31.0,72.0,WSW,6.0,0.0
2015,3,4,3,DL,1069,N925DN,OMA,ATL,540,530.0,-10.0,30.0,600.0,142,143.0,108.0,821,848.0,5.0,902,853.0,0.0,0,0,,,,,,,15.0,70.0,N,3.0,0.0,61.0,100.0,SW,5.0,0.0
2015,3,4,3,DL,2182,N949DL,GSP,ATL,540,538.0,-2.0,27.0,605.0,57,72.0,36.0,153,641.0,9.0,637,650.0,0.0,0,0,,,,,,,47.0,100.0,SSW,6.0,0.0,54.0,100.0,SSW,12.0,0.0
2015,3,4,3,DL,2417,N301DQ,TLH,ATL,540,533.0,-7.0,43.0,616.0,68,94.0,45.0,223,701.0,6.0,648,707.0,1.0,0,0,,19.0,0.0,0.0,0.0,0.0,62.0,93.0,CALM,0.0,0.0,54.0,100.0,SSW,12.0,0.0
2015,3,4,3,DL,2510,N345NW,RSW,ATL,540,535.0,-5.0,16.0,551.0,105,103.0,82.0,515,713.0,5.0,725,718.0,0.0,0,0,,,,,,,65.0,93.0,CALM,0.0,0.0,58.0,97.0,SSW,7.0,0.0
2015,3,4,3,DL,2646,N961AT,ATW,ATL,540,602.0,22.0,26.0,628.0,136,148.0,118.0,765,926.0,4.0,856,930.0,1.0,0,0,,12.0,0.0,22.0,0.0,0.0,10.0,62.0,WNW,15.0,0.0,59.0,93.0,SSW,6.0,0.0
2015,3,4,3,EV,4208,N11150,SHV,IAH,540,651.0,71.0,8.0,659.0,60,61.0,39.0,192,738.0,14.0,640,752.0,1.0,0,0,,1.0,0.0,71.0,0.0,0.0,62.0,93.0,SE,7.0,0.0,70.0,90.0,SSE,7.0,0.0
2015,3,4,3,EV,4095,N16561,AEX,IAH,540,540.0,0.0,10.0,550.0,63,52.0,38.0,190,628.0,4.0,643,632.0,0.0,0,0,,,,,,,65.0,100.0,SE,6.0,0.0,70.0,90.0,SSE,7.0,0.0
2015,3,4,3,UA,1246,N36247,SFO,DEN,540,542.0,2.0,16.0,558.0,152,146.0,123.0,967,901.0,7.0,912,908.0,0.0,0,0,,,,,,,47.0,86.0,CALM,0.0,0.0,12.0,80.0,E,7.0,0.0
2015,3,4,3,UA,1578,N68801,RSW,EWR,540,541.0,1.0,15.0,556.0,169,162.0,137.0,1068,813.0,10.0,829,823.0,0.0,0,0,,,,,,,65.0,93.0,CALM,0.0,0.0,36.0,93.0,SSW,8.0,0.0
2015,3,4,3,WN,3814,N631SW,MKE,MCO,540,538.0,-2.0,16.0,554.0,175,167.0,143.0,1066,917.0,8.0,935,925.0,0.0,0,0,,,,,,,16.0,57.0,NW,16.0,0.0,77.0,74.0,S,13.0,0.0
2015,3,4,3,WN,4542,N772SW,PHX,DEN,540,537.0,-3.0,9.0,546.0,115,93.0,77.0,602,703.0,7.0,735,710.0,0.0,0,0,,,,,,,48.0,80.0,WSW,3.0,0.0,10.0,87.0,NNE,7.0,0.0
2015,3,4,3,WN,1156,N7702A,PIT,ATL,540,542.0,2.0,35.0,617.0,130,126.0,84.0,526,741.0,7.0,750,748.0,0.0,0,0,,,,,,,33.0,96.0,WNW,3.0,0.1,58.0,97.0,SSW,7.0,0.0
2015,3,4,3,WN,4036,N646SW,SMF,LAX,540,537.0,-3.0,9.0,546.0,85,75.0,60.0,373,646.0,6.0,705,652.0,0.0,0,0,,,,,,,37.0,82.0,CALM,0.0,0.0,55.0,64.0,CALM,0.0,0.0
2015,3,4,3,EV,5128,N849AS,MGM,ATL,540,,,,,54,,,147,,,734,,1.0,0,1,C,,,,,,64.0,94.0,,0.0,0.0,58.0,97.0,SSW,7.0,0.0
2015,3,4,3,OO,5482,N744SK,SBA,DEN,540,537.0,-3.0,14.0,551.0,152,148.0,121.0,916,852.0,13.0,912,905.0,0.0,0,0,,,,,,,44.0,82.0,CALM,0.0,0.0,12.0,80.0,E,7.0,0.0
2015,3,4,3,OO,4983,N785SK,OMA,IAH,540,556.0,16.0,33.0,629.0,144,172.0,132.0,781,841.0,7.0,804,848.0,1.0,0,0,,28.0,0.0,16.0,0.0,0.0,15.0,70.0,N,3.0,0.0,72.0,84.0,S,13.0,0.0
2015,3,4,3,OO,6285,N945SW,MFR,DEN,540,540.0,0.0,28.0,608.0,160,176.0,144.0,964,932.0,4.0,920,936.0,1.0,0,0,,16.0,0.0,0.0,0.0,0.0,33.0,85.0,CALM,0.0,0.0,12.0,80.0,E,7.0,0.0
2015,3,4,3,OO,6469,N967SW,CID,ORD,540,535.0,-5.0,30.0,605.0,80,74.0,37.0,196,642.0,7.0,700,649.0,0.0,0,0,,,,,,,10.0,67.0,NNW,18.0,0.0,17.0,74.0,NW,10.0,0.0
2015,3,4,3,UA,1708,N78501,SMF,DEN,541,540.0,-1.0,10.0,550.0,142,144.0,119.0,909,849.0,15.0,903,904.0,0.0,0,0,,,,,,,37.0,82.0,CALM,0.0,0.0,12.0,80.0,E,7.0,0.0
2015,3,4,3,UA,602,N420UA,LAX,DEN,542,542.0,0.0,12.0,554.0,149,131.0,114.0,862,848.0,5.0,911,853.0,0.0,0,0,,,,,,,48.0,77.0,E,7.0,0.0,12.0,80.0,E,7.0,0.0
2015,3,4,3,AA,1178,N490AA,AUS,DFW,543,541.0,-2.0,12.0,553.0,62,53.0,36.0,190,629.0,5.0,645,634.0,0.0,0,0,,,,,,,57.0,100.0,ESE,5.0,0.0,50.0,96.0,N,9.0,0.0
2015,3,4,3,AA,1249,N4XDAA,MSP,ORD,543,613.0,30.0,24.0,637.0,92,89.0,51.0,334,728.0,14.0,715,742.0,1.0,0,0,,0.0,0.0,27.0,0.0,0.0,0.0,66.0,W,9.0,0.0,17.0,74.0,NW,10.0,0.0
2015,3,4,3,AA,347,N3CDAA,MSY,MIA,545,542.0,-3.0,11.0,553.0,108,101.0,82.0,675,815.0,8.0,833,823.0,0.0,0,0,,,,,,,68.0,93.0,CALM,0.0,0.0,78.0,66.0,ESE,14.0,0.0
2015,3,4,3,AA,1028,N3EPAA,DEN,ORD,545,550.0,5.0,61.0,651.0,149,167.0,97.0,888,928.0,9.0,914,937.0,1.0,0,0,,23.0,0.0,0.0,0.0,0.0,11.0,84.0,NE,7.0,0.0,18.0,65.0,NW,13.0,0.0
2015,3,4,3,AA,1238,N3MGAA,ORD,FLL,545,537.0,-8.0,10.0,547.0,177,169.0,153.0,1182,920.0,6.0,942,926.0,0.0,0,0,,,,,,,18.0,78.0,WNW,14.0,0.0,78.0,74.0,SE,16.0,0.0
2015,3,4,3,AA,2299,N3ELAA,JFK,MIA,545,542.0,-3.0,49.0,631.0,189,213.0,156.0,1089,907.0,8.0,854,915.0,1.0,0,0,,21.0,0.0,0.0,0.0,0.0,37.0,87.0,W,10.0,0.0,78.0,66.0,ESE,14.0,0.0
2015,3,4,3,B6,917,N643JB,BOS,JFK,545,545.0,0.0,35.0,620.0,75,95.0,52.0,187,712.0,8.0,700,720.0,1.0,0,0,,20.0,0.0,0.0,0.0,0.0,37.0,89.0,SW,12.0,0.0,36.0,87.0,WSW,10.0,0.0
2015,3,4,3,DL,1782,N310NW,MSO,MSP,545,539.0,-6.0,27.0,606.0,158,156.0,123.0,1013,909.0,6.0,923,915.0,0.0,0,0,,,,,,,12.0,84.0,CALM,0.0,0.0,5.0,55.0,W,14.0,0.0
2015,3,4,3,DL,1890,N988DL,DFW,ATL,545,540.0,-5.0,27.0,607.0,124,135.0,96.0,731,843.0,12.0,849,855.0,0.0,0,0,,,,,,,50.0,100.0,N,9.0,0.0,59.0,93.0,SSW,6.0,0.0
2015,3,4,3,DL,2014,N909DL,SYR,ATL,545,537.0,-8.0,27.0,604.0,157,189.0,146.0,794,830.0,16.0,822,846.0,1.0,0,0,,24.0,0.0,0.0,0.0,0.0,30.0,92.0,WNW,14.0,0.0,59.0,93.0,SSW,6.0,0.0
2015,3,4,3,DL,2127,N552NW,FLL,ATL,545,537.0,-8.0,15.0,552.0,110,107.0,86.0,581,718.0,6.0,735,724.0,0.0,0,0,,,,,,,73.0,84.0,SE,13.0,0.0,58.0,97.0,SSW,7.0,0.0
2015,3,4,3,DL,977,N920DN,ORD,ATL,545,546.0,1.0,20.0,606.0,125,124.0,97.0,606,843.0,7.0,850,850.0,0.0,0,0,,,,,,,18.0,78.0,WNW,14.0,0.0,59.0,93.0,SSW,6.0,0.0
2015,3,4,3,DL,2568,N945DN,PBI,ATL,545,539.0,-6.0,12.0,551.0,106,97.0,80.0,545,711.0,5.0,731,716.0,0.0,0,0,,,,,,,74.0,79.0,SE,12.0,0.0,58.0,97.0,SSW,7.0,0.0
2015,3,4,3,EV,4418,N11164,CLE,IAH,545,541.0,-4.0,11.0,552.0,205,205.0,189.0,1091,801.0,5.0,810,806.0,0.0,0,0,,,,,,,34.0,82.0,WSW,6.0,0.0,72.0,84.0,S,13.0,0.0
2015,3,4,3,UA,1434,N77296,LGA,IAH,545,548.0,3.0,12.0,600.0,250,243.0,226.0,1416,846.0,5.0,855,851.0,0.0,0,0,,,,,,,37.0,81.0,WSW,7.0,0.0,72.0,84.0,S,13.0,0.0
2015,3,4,3,UA,1500,N29717,DCA,IAH,545,543.0,-2.0,9.0,552.0,218,210.0,191.0,1208,803.0,10.0,823,813.0,0.0,0,0,,,,,,,39.0,87.0,S,6.0,0.0,72.0,84.0,S,13.0,0.0
2015,3,4,3,UA,1527,N77865,LAX,EWR,545,536.0,-9.0,15.0,551.0,310,284.0,259.0,2454,1310.0,10.0,1355,1320.0,0.0,0,0,,,,,,,48.0,77.0,E,7.0,0.0,42.0,85.0,SW,8.0,0.0
2015,3,4,3,UA,1532,N77525,GEG,DEN,545,540.0,-5.0,18.0,558.0,137,140.0,109.0,836,847.0,13.0,902,900.0,0.0,0,0,,,,,,,19.0,68.0,CALM,0.0,0.0,12.0,80.0,E,7.0,0.0
2015,3,4,3,US,403,N655AW,IND,PHX,545,539.0,-6.0,13.0,552.0,243,254.0,236.0,1488,748.0,5.0,748,753.0,0.0,0,0,,,,,,,33.0,75.0,NW,9.0,0.0,50.0,71.0,WSW,5.0,0.0
2015,3,4,3,US,410,N758US,DEN,PHX,545,543.0,-2.0,39.0,622.0,122,132.0,88.0,602,750.0,5.0,747,755.0,0.0,0,0,,,,,,,11.0,84.0,NE,7.0,0.0,50.0,71.0,WSW,5.0,0.0
2015,3,4,3,WN,346,N728SW,BDL,ATL,545,542.0,-3.0,13.0,555.0,175,159.0,138.0,859,813.0,8.0,840,821.0,0.0,0,0,,,,,,,36.0,86.0,S,10.0,0.0,59.0,93.0,SSW,6.0,0.0
2015,3,4,3,WN,1974,N630WN,LAX,SFO,545,540.0,-5.0,12.0,552.0,85,74.0,58.0,337,650.0,4.0,710,654.0,0.0,0,0,,,,,,,48.0,77.0,E,7.0,0.0,52.0,80.0,CALM,0.0,0.0
2015,3,4,3,WN,2513,N8611F,MHT,BWI,545,540.0,-5.0,14.0,554.0,115,96.0,77.0,377,711.0,5.0,740,716.0,0.0,0,0,,,,,,,33.0,100.0,CALM,0.0,0.0,39.0,93.0,W,5.0,0.0
2015,3,4,3,WN,122,N746SW,STL,HOU,545,543.0,-2.0,30.0,613.0,140,149.0,114.0,687,807.0,5.0,805,812.0,0.0,0,0,,,,,,,30.0,75.0,N,14.0,0.0,70.0,94.0,SSE,9.0,0.0
2015,3,4,3,WN,595,N761RR,PDX,PHX,545,543.0,-2.0,7.0,550.0,160,144.0,127.0,1009,857.0,10.0,925,907.0,0.0,0,0,,,,,,,31.0,89.0,CALM,0.0,0.0,57.0,51.0,S,5.0,0.0
2015,3,4,3,WN,153,N8329B,PVD,MDW,545,548.0,3.0,10.0,558.0,175,165.0,148.0,842,726.0,7.0,740,733.0,0.0,0,0,,,,,,,37.0,86.0,WSW,12.0,0.0,20.0,71.0,NW,16.0,0.0
2015,3,4,3,WN,252,N7718B,PWM,BWI,545,546.0,1.0,23.0,609.0,125,112.0,85.0,452,734.0,4.0,750,738.0,0.0,0,0,,,,,,,31.0,89.0,SSW,7.0,0.0,39.0,93.0,W,5.0,0.0
2015,3,4,3,WN,217,N499WN,ROC,MDW,545,543.0,-2.0,13.0,556.0,130,125.0,106.0,523,642.0,6.0,655,648.0,0.0,0,0,,,,,,,28.0,85.0,,0.0,0.0,20.0,74.0,WNW,10.0,0.0
2015,3,4,3,UA,1101,N65832,SEA,IAH,545,914.0,209.0,15.0,929.0,255,245.0,223.0,1874,1512.0,7.0,1200,1519.0,1.0,0,0,,0.0,0.0,199.0,0.0,0.0,31.0,67.0,CALM,0.0,0.0,79.0,61.0,SSE,14.0,0.0
2015,3,4,3,EV,4555,N13914,LCH,IAH,545,542.0,-3.0,20.0,602.0,54,54.0,26.0,127,628.0,8.0,639,636.0,0.0,0,0,,,,,,,67.0,93.0,SE,6.0,0.0,70.0,90.0,SSE,7.0,0.0
2015,3,4,3,EV,4603,N17984,ORF,EWR,545,545.0,0.0,35.0,620.0,80,100.0,59.0,284,719.0,6.0,705,725.0,1.0,0,0,,20.0,0.0,0.0,0.0,0.0,47.0,93.0,SW,21.0,0.0,36.0,93.0,SW,6.0,0.0
2015,3,4,3,EV,4882,N841AS,BTV,DTW,545,549.0,4.0,33.0,622.0,139,148.0,109.0,537,811.0,6.0,804,817.0,0.0,0,0,,,,,,,32.0,79.0,W,3.0,0.0,32.0,69.0,W,8.0,0.0
2015,3,4,3,EV,5286,N855AS,AEX,ATL,545,543.0,-2.0,12.0,555.0,99,92.0,76.0,500,811.0,4.0,824,815.0,0.0,0,0,,,,,,,65.0,100.0,SE,6.0,0.0,59.0,93.0,SSW,6.0,0.0
2015,3,4,3,EV,5501,N838AS,VLD,ATL,545,544.0,-1.0,6.0,550.0,60,60.0,48.0,208,638.0,6.0,645,644.0,0.0,0,0,,,,,,,61.0,97.0,CALM,0.0,0.0,54.0,100.0,SSW,12.0,0.0
2015,3,4,3,EV,5543,N854AS,CAE,ATL,545,542.0,-3.0,13.0,555.0,62,66.0,48.0,192,643.0,5.0,647,648.0,0.0,0,0,,,,,,,48.0,96.0,CALM,0.0,0.0,54.0,100.0,SSW,12.0,0.0
2015,3,4,3,F9,365,N920FR,MKE,DEN,545,537.0,-8.0,16.0,553.0,152,177.0,155.0,896,728.0,6.0,717,734.0,1.0,0,0,,17.0,0.0,0.0,0.0,0.0,16.0,57.0,NW,16.0,0.0,10.0,87.0,NNE,7.0,0.0
2015,3,4,3,OO,4502,N187PQ,MKE,DTW,545,543.0,-2.0,18.0,601.0,80,65.0,39.0,237,740.0,8.0,805,748.0,0.0,0,0,,,,,,,16.0,57.0,NW,16.0,0.0,32.0,69.0,W,8.0,0.0
2015,3,4,3,OO,6235,N120SY,AUS,SFO,545,540.0,-5.0,15.0,555.0,255,241.0,218.0,1504,733.0,8.0,800,741.0,0.0,0,0,,,,,,,57.0,100.0,ESE,5.0,0.0,54.0,80.0,SE,3.0,0.0
2015,3,4,3,OO,6401,N916SW,EUG,SFO,545,540.0,-5.0,23.0,603.0,98,93.0,65.0,451,708.0,5.0,723,713.0,0.0,0,0,,,,,,,0.0,0.0,CALM,0.0,0.0,52.0,80.0,CALM,0.0,0.0
2015,3,4,3,MQ,3691,N615MQ,PIA,ORD,545,547.0,2.0,23.0,610.0,62,62.0,30.0,130,640.0,9.0,647,649.0,0.0,0,0,,,,,,,,,,,,17.0,74.0,NW,9.0,0.0
2015,3,4,3,MQ,3411,N543MQ,DSM,ORD,546,542.0,-4.0,9.0,551.0,89,58.0,44.0,299,635.0,5.0,715,640.0,0.0,0,0,,,,,,,13.0,56.0,NNW,9.0,0.0,17.0,74.0,NW,10.0,0.0
2015,3,4,3,OO,4557,N812SK,GEG,SEA,547,535.0,-12.0,24.0,559.0,73,69.0,39.0,224,638.0,6.0,700,644.0,0.0,0,0,,,,,,,19.0,68.0,CALM,0.0,0.0,36.0,55.0,SE,5.0,0.0
2015,3,4,3,HA,218,N478HA,HNL,KOA,548,548.0,0.0,12.0,600.0,42,45.0,28.0,163,628.0,5.0,630,633.0,0.0,0,0,,,,,,,73.0,68.0,NNW,13.0,0.0,68.0,90.0,,0.0,0.0
2015,3,4,3,EV,4411,N26545,MEM,EWR,549,547.0,-2.0,15.0,602.0,161,138.0,117.0,946,859.0,6.0,930,905.0,0.0,0,0,,,,,,,57.0,94.0,WNW,7.0,0.0,37.0,93.0,SW,8.0,0.0
2015,3,4,3,AA,302,N5ECAA,MCO,LAX,550,540.0,-10.0,11.0,551.0,340,343.0,305.0,2218,756.0,27.0,830,823.0,0.0,0,0,,,,,,,65.0,100.0,ESE,5.0,0.0,59.0,55.0,ENE,5.0,0.0
2015,3,4,3,AA,1205,N3JCAA,EWR,MIA,550,544.0,-6.0,28.0,612.0,187,195.0,159.0,1085,851.0,8.0,857,859.0,0.0,0,0,,,,,,,36.0,87.0,SW,6.0,0.0,79.0,15.0,E,15.0,0.0
2015,3,4,3,B6,115,N192JB,SYR,JFK,550,540.0,-10.0,12.0,552.0,80,61.0,44.0,209,636.0,5.0,710,641.0,0.0,0,0,,,,,,,30.0,92.0,WNW,14.0,0.0,36.0,87.0,WSW,10.0,0.0
2015,3,4,3,DL,774,N669DN,SAT,ATL,550,545.0,-5.0,11.0,556.0,135,128.0,108.0,874,844.0,9.0,905,853.0,0.0,0,0,,,,,,,64.0,93.0,SSE,6.0,0.0,61.0,100.0,SW,5.0,0.0
2015,3,4,3,DL,2489,N959DN,PHL,DTW,550,545.0,-5.0,11.0,556.0,101,100.0,83.0,453,719.0,6.0,731,725.0,0.0,0,0,,,,,,,35.0,92.0,WSW,10.0,0.0,30.0,75.0,WSW,6.0,0.0
2015,3,4,3,UA,1264,,PBI,EWR,550,,,,,166,,,1023,,,836,,1.0,0,1,A,,,,,,74.0,79.0,SE,12.0,0.0,36.0,93.0,SSW,8.0,0.0
2015,3,4,3,US,438,N744P,IAH,PHX,550,541.0,-9.0,15.0,556.0,176,173.0,152.0,1009,728.0,6.0,746,734.0,0.0,0,0,,,,,,,70.0,90.0,SSE,7.0,0.0,50.0,71.0,WSW,5.0,0.0
2015,3,4,3,US,482,N656AW,MCI,PHX,550,549.0,-1.0,12.0,601.0,177,181.0,163.0,1044,744.0,6.0,747,750.0,0.0,0,0,,,,,,,19.0,57.0,NNE,14.0,0.0,50.0,71.0,WSW,5.0,0.0
2015,3,4,3,US,641,N819AW,OMA,PHX,550,550.0,0.0,27.0,617.0,177,194.0,162.0,1037,759.0,5.0,747,804.0,1.0,0,0,,17.0,0.0,0.0,0.0,0.0,15.0,70.0,N,3.0,0.0,50.0,71.0,WSW,5.0,0.0
2015,3,4,3,US,658,N575UW,ATL,CLT,550,546.0,-4.0,22.0,608.0,66,80.0,45.0,226,653.0,13.0,656,706.0,0.0,0,0,,,,,,,54.0,94.0,SSW,7.0,0.0,46.0,93.0,S,9.0,0.0
2015,3,4,3,US,1910,N187US,ORD,CLT,550,544.0,-6.0,14.0,558.0,121,113.0,90.0,599,828.0,9.0,851,837.0,0.0,0,0,,,,,,,18.0,78.0,WNW,14.0,0.0,48.0,93.0,S,8.0,0.0
2015,3,4,3,WN,4720,N618WN,BNA,MCO,550,545.0,-5.0,12.0,557.0,110,104.0,85.0,616,822.0,7.0,840,829.0,0.0,0,0,,,,,,,52.0,94.0,NW,14.0,0.0,73.0,87.0,SSE,10.0,0.0
2015,3,4,3,WN,464,N559WN,FNT,BWI,550,550.0,0.0,6.0,556.0,105,82.0,65.0,452,701.0,11.0,735,712.0,0.0,0,0,,,,,,,30.0,69.0,W,10.0,0.0,39.0,93.0,W,5.0,0.0
2015,3,4,3,UA,1134,N39450,MSP,ORD,550,554.0,4.0,20.0,614.0,98,82.0,52.0,334,706.0,10.0,728,716.0,0.0,0,0,,,,,,,0.0,66.0,W,9.0,0.0,17.0,74.0,NW,10.0,0.0
2015,3,4,3,EV,4862,N12201,MCI,IAH,550,544.0,-6.0,12.0,556.0,130,142.0,117.0,643,753.0,13.0,800,806.0,0.0,0,0,,,,,,,19.0,57.0,NNE,14.0,0.0,72.0,84.0,S,13.0,0.0
2015,3,4,3,MQ,3161,N500MQ,XNA,DFW,550,550.0,0.0,12.0,602.0,75,85.0,57.0,280,659.0,16.0,705,715.0,0.0,0,0,,,,,,,35.0,92.0,NNE,15.0,0.0,50.0,96.0,N,10.0,0.0
2015,3,4,3,MQ,3597,N637MQ,CVG,DFW,550,549.0,-1.0,50.0,639.0,174,221.0,156.0,812,815.0,15.0,744,830.0,1.0,0,0,,46.0,0.0,0.0,0.0,0.0,37.0,93.0,CALM,0.0,0.0,50.0,96.0,N,10.0,0.0
2015,3,4,3,MQ,3534,N830MQ,ABI,DFW,550,,,,,53,,,158,,,643,,1.0,0,1,B,,,,,,79.0,100.0,SW,3.0,0.0,50.0,96.0,N,9.0,0.0
2015,3,4,3,MQ,3680,N648MQ,MSN,ORD,550,549.0,-1.0,15.0,604.0,56,50.0,28.0,108,632.0,7.0,646,639.0,0.0,0,0,,,,,,,11.0,70.0,WNW,6.0,0.0,17.0,74.0,NW,9.0,0.0
2015,3,4,3,OO,4600,N820SK,MCI,SLC,550,553.0,3.0,14.0,607.0,166,162.0,142.0,920,729.0,6.0,736,735.0,0.0,0,0,,,,,,,19.0,57.0,NNE,14.0,0.0,28.0,78.0,SSE,7.0,0.0
2015,3,4,3,OO,6204,N937SW,BFL,DEN,550,551.0,1.0,15.0,606.0,149,133.0,114.0,845,900.0,4.0,919,904.0,0.0,0,0,,,,,,,45.0,82.0,CALM,0.0,0.0,12.0,80.0,E,7.0,0.0
2015,3,4,3,OO,6369,N738SK,TUS,SFO,550,535.0,-15.0,16.0,551.0,140,129.0,108.0,751,639.0,5.0,710,644.0,0.0,0,0,,,,,,,39.0,93.0,CALM,0.0,0.0,52.0,80.0,CALM,0.0,0.0
2015,3,4,3,OO,6465,N779SK,SLC,LAX,550,,,,,125,,,590,,,655,,1.0,0,1,A,,,,,,27.0,81.0,SSE,6.0,0.0,51.0,71.0,VAR,5.0,0.0
2015,3,4,3,MQ,3083,N907MQ,FNT,ORD,551,546.0,-5.0,12.0,558.0,79,69.0,48.0,223,546.0,9.0,610,555.0,0.0,0,0,,,,,,,30.0,69.0,W,10.0,0.0,17.0,74.0,NW,9.0,0.0
2015,3,4,3,MQ,3377,N676MQ,MOB,DFW,553,,,,,117,,,539,,,750,,1.0,0,1,B,,,,,,65.0,100.0,SE,7.0,0.0,50.0,96.0,N,10.0,0.0
2015,3,4,3,OO,4972,N117SY,BOI,ORD,554,552.0,-2.0,14.0,606.0,211,197.0,176.0,1437,1002.0,7.0,1025,1009.0,0.0,0,0,,,,,,,21.0,71.0,CALM,0.0,0.0,19.0,57.0,WNW,13.0,0.0
2015,3,4,3,AA,1055,N502AA,MCO,DFW,555,547.0,-8.0,16.0,603.0,180,169.0,147.0,985,730.0,6.0,755,736.0,0.0,0,0,,,,,,,65.0,100.0,ESE,5.0,0.0,50.0,96.0,N,10.0,0.0
2015,3,4,3,AA,1233,N3FXAA,BOS,DFW,555,553.0,-2.0,18.0,611.0,274,306.0,279.0,1562,950.0,9.0,929,959.0,1.0,0,0,,30.0,0.0,0.0,0.0,0.0,37.0,89.0,SW,12.0,0.0,48.0,96.0,NNE,14.0,0.0
2015,3,4,3,AA,2410,N3KXAA,LAX,DFW,555,552.0,-3.0,13.0,605.0,178,167.0,148.0,1235,1033.0,6.0,1053,1039.0,0.0,0,0,,,,,,,48.0,77.0,E,7.0,0.0,44.0,93.0,NNE,16.0,0.0
2015,3,4,3,DL,1799,N900DE,ECP,ATL,555,705.0,70.0,23.0,728.0,70,87.0,51.0,240,919.0,13.0,805,932.0,1.0,0,0,,17.0,0.0,0.0,0.0,70.0,64.0,100.0,SE,7.0,0.0,59.0,93.0,SSW,6.0,0.0
2015,3,4,3,DL,2079,N340NW,BOS,DTW,555,556.0,1.0,31.0,627.0,130,158.0,122.0,632,829.0,5.0,805,834.0,1.0,0,0,,29.0,0.0,0.0,0.0,0.0,37.0,89.0,SW,12.0,0.0,32.0,69.0,W,8.0,0.0
2015,3,4,3,DL,1260,N953DN,GRR,DTW,555,552.0,-3.0,28.0,620.0,57,61.0,24.0,120,644.0,9.0,652,653.0,0.0,0,0,,,,,,,27.0,69.0,WNW,13.0,0.0,31.0,72.0,WSW,6.0,0.0
2015,3,4,3,EV,4126,N12175,BOS,CLE,555,554.0,-1.0,27.0,621.0,137,142.0,111.0,563,812.0,4.0,812,816.0,0.0,0,0,,,,,,,37.0,89.0,SW,12.0,0.0,32.0,75.0,NW,7.0,0.0
2015,3,4,3,UA,1584,N69826,FLL,EWR,555,553.0,-2.0,14.0,607.0,174,172.0,148.0,1065,835.0,10.0,849,845.0,0.0,0,0,,,,,,,73.0,84.0,SE,13.0,0.0,36.0,93.0,SSW,8.0,0.0
2015,3,6,5,AA,2336,N3LYAA,LAX,PBI,5,5.0,0.0,18.0,23.0,280,284.0,263.0,2330,746.0,3.0,745,749.0,0.0,0,0,,,,,,,54.0,49.0,E,3.0,0.0,73.0,84.0,S,6.0,0.0
2015,3,6,5,AS,98,N520AS,ANC,SEA,5,9.0,4.0,18.0,27.0,202,197.0,175.0,1448,422.0,4.0,427,426.0,0.0,0,0,,,,,,,33.0,92.0,CALM,0.0,0.1,41.0,79.0,CALM,0.0,0.0
2015,3,6,5,DL,1745,N336NW,SMF,MSP,10,7.0,-3.0,12.0,19.0,203,197.0,181.0,1517,520.0,4.0,533,524.0,0.0,0,0,,,,,,,46.0,79.0,NW,5.0,0.0,10.0,67.0,SSE,7.0,0.0
2015,3,6,5,DL,806,N587NW,SFO,MSP,15,27.0,12.0,10.0,37.0,212,198.0,185.0,1589,542.0,3.0,547,545.0,0.0,0,0,,,,,,,55.0,62.0,SSW,3.0,0.0,10.0,67.0,SSE,7.0,0.0
2015,3,6,5,US,794,N174US,LAX,PHL,15,14.0,-1.0,18.0,32.0,301,318.0,288.0,2402,820.0,12.0,816,832.0,1.0,0,0,,16.0,0.0,0.0,0.0,0.0,54.0,49.0,E,3.0,0.0,15.0,59.0,N,9.0,0.0
2015,3,6,5,F9,1350,N908FR,PHX,CVG,15,205.0,110.0,31.0,236.0,200,230.0,173.0,1569,729.0,26.0,535,755.0,1.0,0,0,,56.0,0.0,83.0,1.0,0.0,61.0,21.0,E,8.0,0.0,1.0,87.0,CALM,0.0,0.0
2015,3,6,5,AA,258,N3KXAA,LAX,MIA,20,35.0,15.0,25.0,100.0,284,297.0,262.0,2342,822.0,10.0,804,832.0,1.0,0,0,,13.0,0.0,9.0,6.0,0.0,54.0,49.0,E,3.0,0.0,78.0,74.0,E,7.0,0.0
2015,3,6,5,AA,2400,N5ENAA,LAX,DFW,20,22.0,2.0,15.0,37.0,168,162.0,143.0,1235,500.0,4.0,508,504.0,0.0,0,0,,,,,,,54.0,49.0,E,3.0,0.0,25.0,81.0,SSW,5.0,0.0
2015,3,6,5,DL,1214,N522US,DEN,ATL,20,22.0,2.0,12.0,34.0,166,148.0,130.0,1199,444.0,6.0,506,450.0,0.0,0,0,,,,,,,54.0,49.0,E,3.0,0.0,26.0,81.0,SE,5.0,0.0
2015,3,6,5,US,2020,N562UW,PHX,CLT,20,21.0,1.0,11.0,32.0,221,196.0,181.0,1773,533.0,4.0,601,537.0,0.0,0,0,,,,,,,61.0,21.0,E,8.0,0.0,25.0,60.0,NNE,10.0,0.0
2015,3,6,5,NK,612,N605NK,LAS,MSP,20,322.0,182.0,10.0,332.0,177,178.0,162.0,1299,814.0,6.0,517,820.0,1.0,0,0,,183.0,0.0,0.0,0.0,0.0,48.0,52.0,SSW,10.0,0.0,10.0,67.0,SSE,7.0,0.0
2015,3,6,5,US,1905,N557UW,SFO,CLT,25,16.0,-9.0,12.0,28.0,286,287.0,259.0,2296,747.0,16.0,811,803.0,0.0,0,0,,,,,,,55.0,62.0,SSW,3.0,0.0,29.0,49.0,NE,12.0,0.0
2015,3,6,5,AA,1234,N3LKAA,LAS,ORD,27,22.0,-5.0,14.0,36.0,203,219.0,194.0,1514,550.0,11.0,550,601.0,0.0,0,0,,,,,,,48.0,52.0,SSW,10.0,0.0,5.0,76.0,SSW,9.0,0.0
2015,3,6,5,UA,1586,N33209,SFO,ORD,27,25.0,-2.0,14.0,39.0,257,251.0,227.0,1846,626.0,10.0,644,636.0,0.0,0,0,,,,,,,55.0,62.0,SSW,3.0,0.0,6.0,73.0,SW,12.0,0.0
2015,3,6,5,DL,1716,N377DA,LAS,DTW,29,24.0,-5.0,18.0,42.0,225,230.0,208.0,1749,710.0,4.0,714,714.0,0.0,0,0,,,,,,,48.0,52.0,SSW,10.0,0.0,3.0,84.0,S,7.0,0.0
2015,3,6,5,AA,1112,N3AGAA,SFO,DFW,30,117.0,47.0,14.0,131.0,189,196.0,178.0,1464,629.0,4.0,539,633.0,1.0,0,0,,7.0,0.0,47.0,0.0,0.0,55.0,62.0,SSW,3.0,0.0,25.0,81.0,SSW,5.0,0.0
2015,3,6,5,DL,2379,N557NW,PDX,MSP,30,28.0,-2.0,11.0,39.0,192,172.0,159.0,1426,518.0,2.0,542,520.0,0.0,0,0,,,,,,,42.0,79.0,CALM,0.0,0.0,10.0,67.0,SSE,7.0,0.0
2015,3,6,5,DL,1627,N654DL,LAS,ATL,30,27.0,-3.0,13.0,40.0,223,211.0,192.0,1747,652.0,6.0,713,658.0,0.0,0,0,,,,,,,48.0,52.0,SSW,10.0,0.0,28.0,80.0,N,8.0,0.0
2015,3,6,5,DL,1897,N332NW,SLC,DTW,30,20.0,-10.0,12.0,32.0,198,193.0,176.0,1481,528.0,5.0,548,533.0,0.0,0,0,,,,,,,34.0,64.0,SSE,8.0,0.0,2.0,76.0,S,5.0,0.0
2015,3,6,5,UA,1032,N69816,SMF,IAH,30,19.0,-11.0,10.0,29.0,214,209.0,192.0,1609,541.0,7.0,604,548.0,0.0,0,0,,,,,,,46.0,79.0,NW,5.0,0.0,30.0,79.0,CALM,0.0,0.0
2015,3,6,5,UA,1563,N12216,LAX,ORD,30,114.0,44.0,13.0,127.0,247,227.0,209.0,1744,656.0,5.0,637,701.0,1.0,0,0,,0.0,0.0,9.0,15.0,0.0,54.0,49.0,E,3.0,0.0,6.0,73.0,SW,12.0,0.0
2015,3,6,5,US,448,N541UW,SLC,CLT,30,34.0,4.0,16.0,50.0,225,217.0,196.0,1727,606.0,5.0,615,611.0,0.0,0,0,,,,,,,34.0,64.0,SSE,8.0,0.0,25.0,60.0,NNE,10.0,0.0
2015,3,6,5,US,630,N758US,PHX,IND,30,24.0,-6.0,10.0,34.0,192,182.0,164.0,1488,518.0,8.0,542,526.0,0.0,0,0,,,,,,,61.0,21.0,E,8.0,0.0,5.0,76.0,CALM,0.0,0.0
2015,3,6,5,DL,910,N822DN,LAX,DTW,35,41.0,6.0,22.0,103.0,260,265.0,239.0,1979,802.0,4.0,755,806.0,0.0,0,0,,,,,,,54.0,49.0,E,3.0,0.0,3.0,84.0,S,7.0,0.0
2015,3,6,5,DL,2230,N582NW,PHX,DTW,35,31.0,-4.0,13.0,44.0,216,204.0,183.0,1671,547.0,8.0,611,555.0,0.0,0,0,,,,,,,61.0,21.0,E,8.0,0.0,2.0,80.0,S,5.0,0.0
2015,3,6,5,US,1866,N165US,LAX,CLT,35,41.0,6.0,15.0,56.0,269,267.0,237.0,2125,753.0,15.0,804,808.0,0.0,0,0,,,,,,,54.0,49.0,E,3.0,0.0,29.0,49.0,NE,12.0,0.0
2015,3,6,5,US,677,N198UW,LAS,PHL,35,33.0,-2.0,13.0,46.0,268,289.0,248.0,2176,754.0,28.0,803,822.0,1.0,0,0,,19.0,0.0,0.0,0.0,0.0,48.0,52.0,SSW,10.0,0.0,15.0,59.0,N,9.0,0.0
2015,3,6,5,UA,1010,N23721,LAS,IAH,38,50.0,12.0,13.0,103.0,165,156.0,138.0,1222,521.0,5.0,523,526.0,0.0,0,0,,,,,,,48.0,52.0,SSW,10.0,0.0,31.0,76.0,N,6.0,0.0
2015,3,6,5,DL,2440,N594NW,SEA,MSP,40,38.0,-2.0,35.0,113.0,189,203.0,161.0,1399,554.0,7.0,549,601.0,0.0,0,0,,,,,,,45.0,74.0,CALM,0.0,0.0,10.0,67.0,SSE,7.0,0.0
2015,3,6,5,UA,1528,N68817,PHX,ORD,40,128.0,48.0,10.0,138.0,207,181.0,167.0,1440,525.0,4.0,507,529.0,1.0,0,0,,0.0,0.0,9.0,13.0,0.0,61.0,21.0,E,8.0,0.0,5.0,76.0,SSW,9.0,0.0
2015,3,6,5,US,583,N585UW,DEN,PHL,40,36.0,-4.0,19.0,55.0,200,207.0,172.0,1558,547.0,16.0,600,603.0,0.0,0,0,,,,,,,20.0,71.0,S,12.0,0.0,12.0,61.0,N,6.0,0.0
2015,3,6,5,US,631,N558UW,PHX,MCO,40,49.0,9.0,18.0,107.0,232,227.0,204.0,1849,631.0,5.0,632,636.0,0.0,0,0,,,,,,,61.0,21.0,E,8.0,0.0,72.0,93.0,CALM,0.0,0.0
2015,3,6,5,US,672,N744P,PHX,DTW,40,30.0,-10.0,21.0,51.0,220,218.0,185.0,1671,556.0,12.0,620,608.0,0.0,0,0,,,,,,,61.0,21.0,E,8.0,0.0,2.0,80.0,S,5.0,0.0
2015,3,6,5,AS,108,N442AS,ANC,SEA,45,39.0,-6.0,24.0,103.0,200,197.0,168.0,1448,451.0,5.0,505,456.0,0.0,0,0,,,,,,,33.0,92.0,CALM,0.0,0.1,41.0,79.0,CALM,0.0,0.0
2015,3,6,5,DL,2020,N383DN,LAX,MEM,45,37.0,-8.0,18.0,55.0,216,226.0,180.0,1619,555.0,28.0,621,623.0,0.0,0,0,,,,,,,54.0,49.0,E,3.0,0.0,41.0,79.0,CALM,0.0,0.0
2015,3,6,5,DL,2256,N391DA,PHX,CVG,45,35.0,-10.0,15.0,50.0,205,192.0,172.0,1569,542.0,5.0,610,547.0,0.0,0,0,,,,,,,61.0,21.0,E,8.0,0.0,3.0,80.0,CALM,0.0,0.0
2015,3,6,5,DL,1471,N812DN,LAX,ATL,45,59.0,14.0,17.0,116.0,250,241.0,220.0,1947,756.0,4.0,755,800.0,0.0,0,0,,,,,,,54.0,49.0,E,3.0,0.0,28.0,80.0,N,8.0,0.0
2015,3,6,5,UA,1407,N68807,LAX,IAH,45,47.0,2.0,14.0,101.0,190,179.0,159.0,1379,540.0,6.0,555,546.0,0.0,0,0,,,,,,,54.0,49.0,E,3.0,0.0,31.0,76.0,N,6.0,0.0
2015,3,6,5,US,514,N742PS,PHX,CMH,45,122.0,37.0,9.0,131.0,213,208.0,183.0,1670,634.0,16.0,618,650.0,1.0,0,0,,0.0,0.0,32.0,0.0,0.0,61.0,21.0,E,8.0,0.0,5.0,84.0,CALM,0.0,0.0
2015,3,6,5,DL,1351,N595NW,LAX,MSP,47,52.0,5.0,15.0,107.0,208,217.0,197.0,1535,624.0,5.0,615,629.0,0.0,0,0,,,,,,,54.0,49.0,E,3.0,0.0,14.0,64.0,S,7.0,0.0
2015,3,6,5,AA,1674,N3FLAA,LAS,MIA,50,38.0,-12.0,16.0,54.0,264,258.0,233.0,2174,747.0,9.0,814,756.0,0.0,0,0,,,,,,,48.0,52.0,SSW,10.0,0.0,78.0,74.0,E,7.0,0.0
2015,3,6,5,AS,122,N708AS,ANC,PDX,50,49.0,-1.0,16.0,105.0,218,214.0,194.0,1542,519.0,4.0,528,523.0,0.0,0,0,,,,,,,33.0,92.0,CALM,0.0,0.1,37.0,89.0,CALM,0.0,0.0
2015,3,6,5,DL,1560,N3740C,ANC,SEA,50,243.0,113.0,9.0,252.0,204,187.0,168.0,1448,640.0,10.0,514,650.0,1.0,0,0,,0.0,0.0,80.0,16.0,0.0,33.0,92.0,CALM,0.0,0.1,41.0,79.0,CALM,0.0,0.0
2015,3,6,5,US,564,N665AW,PHX,BOS,50,53.0,3.0,21.0,114.0,280,278.0,248.0,2300,722.0,9.0,730,731.0,0.0,0,0,,,,,,,61.0,21.0,E,8.0,0.0,12.0,42.0,NW,12.0,0.0
2015,3,6,5,US,598,N581UW,PHX,ATL,50,48.0,-2.0,14.0,102.0,204,190.0,170.0,1587,552.0,6.0,614,558.0,0.0,0,0,,,,,,,61.0,21.0,E,8.0,0.0,28.0,81.0,NNW,9.0,0.0
2015,3,6,5,F9,1274,N213FR,LAS,ORD,50,40.0,-10.0,16.0,56.0,210,254.0,188.0,1514,604.0,50.0,620,654.0,1.0,0,0,,34.0,0.0,0.0,0.0,0.0,48.0,52.0,SSW,10.0,0.0,6.0,73.0,SW,12.0,0.0
2015,3,6,5,DL,922,N372NW,DEN,LGA,51,221.0,90.0,12.0,233.0,218,197.0,179.0,1620,732.0,6.0,629,738.0,1.0,0,0,,0.0,0.0,0.0,69.0,0.0,20.0,71.0,S,12.0,0.0,15.0,56.0,N,7.0,0.0
2015,3,6,5,UA,1200,N69835,SFO,IAH,52,49.0,-3.0,12.0,101.0,212,211.0,194.0,1635,615.0,5.0,624,620.0,0.0,0,0,,,,,,,55.0,62.0,SSW,3.0,0.0,30.0,79.0,CALM,0.0,0.0
2015,3,6,5,DL,2354,N385DN,SLC,JFK,55,222.0,87.0,11.0,233.0,259,259.0,228.0,1990,821.0,20.0,714,841.0,1.0,0,0,,0.0,0.0,24.0,63.0,0.0,34.0,64.0,SSE,8.0,0.0,16.0,52.0,N,14.0,0.0
2015,3,6,5,DL,1450,N124DE,LAS,MSP,55,100.0,5.0,15.0,115.0,179,181.0,156.0,1299,551.0,10.0,554,601.0,0.0,0,0,,,,,,,48.0,52.0,SSW,10.0,0.0,10.0,67.0,SSE,7.0,0.0
2015,3,6,5,US,2079,N125UW,PHX,TPA,55,50.0,-5.0,18.0,108.0,220,217.0,195.0,1788,623.0,4.0,635,627.0,0.0,0,0,,,,,,,61.0,21.0,E,8.0,0.0,68.0,93.0,CALM,0.0,0.0
2015,3,6,5,US,1720,N539UW,PHX,BWI,55,105.0,10.0,15.0,120.0,246,255.0,229.0,1999,709.0,11.0,701,720.0,1.0,0,0,,9.0,0.0,0.0,10.0,0.0,61.0,21.0,E,8.0,0.0,14.0,59.0,CALM,0.0,0.0
2015,3,6,5,NK,214,N607NK,LAS,DFW,58,118.0,20.0,10.0,128.0,145,142.0,121.0,1055,529.0,11.0,523,540.0,1.0,0,0,,1.0,0.0,10.0,6.0,0.0,48.0,52.0,SSW,10.0,0.0,25.0,81.0,SSW,5.0,0.0
2015,3,6,5,US,2021,N579UW,PHX,MSP,59,53.0,-6.0,19.0,112.0,180,185.0,159.0,1276,451.0,7.0,459,458.0,0.0,0,0,,,,,,,61.0,21.0,E,8.0,0.0,9.0,67.0,SE,7.0,0.0
2015,3,6,5,US,707,N802AW,PHX,STL,59,52.0,-7.0,19.0,111.0,165,165.0,141.0,1262,432.0,5.0,444,437.0,0.0,0,0,,,,,,,61.0,21.0,E,8.0,0.0,17.0,62.0,S,8.0,0.0
2015,3,6,5,US,764,N194UW,PHX,ORD,59,109.0,10.0,13.0,122.0,199,199.0,177.0,1440,519.0,9.0,518,528.0,0.0,0,0,,,,,,,61.0,21.0,E,8.0,0.0,5.0,76.0,SSW,9.0,0.0
2015,3,6,5,US,1772,N524UW,LAS,CLT,59,133.0,34.0,17.0,150.0,243,246.0,221.0,1916,831.0,8.0,802,839.0,1.0,0,0,,3.0,0.0,0.0,34.0,0.0,48.0,52.0,SSW,10.0,0.0,29.0,49.0,NE,12.0,0.0
2015,3,6,5,AA,115,N3KSAA,LAX,MIA,100,150.0,50.0,13.0,203.0,285,282.0,257.0,2342,920.0,12.0,845,932.0,1.0,0,0,,0.0,0.0,0.0,47.0,0.0,55.0,37.0,CALM,0.0,0.0,78.0,74.0,E,7.0,0.0
2015,3,6,5,DL,1630,N523US,PHX,ATL,100,101.0,1.0,14.0,115.0,205,186.0,169.0,1587,604.0,3.0,625,607.0,0.0,0,0,,,,,,,58.0,30.0,ESE,3.0,0.0,28.0,81.0,NNW,9.0,0.0
2015,3,6,5,NK,520,N514NK,LAS,MCI,100,59.0,-1.0,14.0,113.0,164,161.0,142.0,1139,535.0,5.0,544,540.0,0.0,0,0,,,,,,,48.0,52.0,SSW,9.0,0.0,28.0,66.0,SSW,17.0,0.0
2015,3,6,5,DL,2324,N686DA,SLC,ATL,110,105.0,-5.0,12.0,117.0,204,198.0,180.0,1590,617.0,6.0,634,623.0,0.0,0,0,,,,,,,32.0,69.0,SE,6.0,0.0,28.0,81.0,NNW,9.0,0.0
2015,3,6,5,AA,2406,N3BAAA,LAX,DFW,114,120.0,6.0,13.0,133.0,166,164.0,144.0,1235,557.0,7.0,600,604.0,0.0,0,0,,,,,,,55.0,37.0,CALM,0.0,0.0,24.0,88.0,CALM,0.0,0.0
2015,3,6,5,AS,130,N457AS,FAI,SEA,115,121.0,6.0,18.0,139.0,213,204.0,181.0,1533,540.0,5.0,548,545.0,0.0,0,0,,,,,,,55.0,37.0,CALM,0.0,0.0,41.0,79.0,CALM,0.0,0.0
2015,3,6,5,NK,597,N530NK,MSP,FLL,115,108.0,-7.0,7.0,115.0,206,199.0,182.0,1487,517.0,10.0,541,527.0,0.0,0,0,,,,,,,10.0,70.0,SE,7.0,0.0,73.0,93.0,SSE,3.0,0.0
2015,3,6,5,AA,2392,N3LBAA,DEN,MIA,120,122.0,2.0,10.0,132.0,226,205.0,188.0,1709,640.0,7.0,706,647.0,0.0,0,0,,,,,,,21.0,68.0,S,8.0,0.0,75.0,84.0,ESE,6.0,0.0
2015,3,6,5,US,1813,N912UY,DEN,CLT,120,131.0,11.0,15.0,146.0,179,167.0,146.0,1337,612.0,6.0,619,618.0,0.0,0,0,,,,,,,21.0,68.0,S,8.0,0.0,25.0,60.0,NNE,10.0,0.0
2015,3,6,5,NK,168,N637NK,PHX,ORD,125,116.0,-9.0,9.0,125.0,201,205.0,168.0,1440,513.0,28.0,546,541.0,0.0,0,0,,,,,,,58.0,30.0,ESE,3.0,0.0,5.0,76.0,SSW,9.0,0.0
2015,3,6,5,AA,2211,N3CHAA,PHX,MIA,129,138.0,9.0,13.0,151.0,235,234.0,214.0,1972,725.0,7.0,724,732.0,0.0,0,0,,,,,,,58.0,30.0,ESE,3.0,0.0,75.0,84.0,ESE,6.0,0.0
2015,3,6,5,AS,136,N548AS,ANC,SEA,130,130.0,0.0,16.0,146.0,200,198.0,177.0,1448,543.0,5.0,550,548.0,0.0,0,0,,,,,,,34.0,87.0,E,3.0,0.0,41.0,79.0,CALM,0.0,0.0
2015,3,6,5,NK,298,N502NK,LAS,IAH,144,138.0,-6.0,10.0,148.0,168,169.0,142.0,1222,610.0,17.0,632,627.0,0.0,0,0,,,,,,,48.0,52.0,SSW,9.0,0.0,30.0,79.0,CALM,0.0,0.0
2015,3,6,5,HA,17,N393HA,LAS,HNL,145,143.0,-2.0,10.0,153.0,375,378.0,361.0,2762,554.0,7.0,600,601.0,0.0,0,0,,,,,,,48.0,52.0,SSW,9.0,0.0,63.0,84.0,NNW,8.0,0.0
2015,3,6,5,UA,1199,N35271,SJU,EWR,149,221.0,32.0,11.0,232.0,255,225.0,206.0,1608,458.0,8.0,504,506.0,0.0,0,0,,,,,,,48.0,52.0,SSW,9.0,0.0,13.0,62.0,NW,9.0,0.0
2015,3,6,5,DL,2152,N136DL,PHX,MSP,155,150.0,-5.0,13.0,203.0,179,165.0,149.0,1276,532.0,3.0,554,535.0,0.0,0,0,,,,,,,58.0,30.0,ESE,3.0,0.0,10.0,67.0,SSE,7.0,0.0
2015,3,6,5,B6,1204,N598JB,SJU,JFK,159,,,,,235,,,1598,,,454,,1.0,0,1,B,,,,,,75.0,84.0,ESE,5.0,0.0,14.0,54.0,N,12.0,0.0
2015,3,6,5,NK,972,N624NK,PHX,DFW,200,210.0,10.0,9.0,219.0,121,118.0,103.0,868,502.0,6.0,501,508.0,0.0,0,0,,,,,,,54.0,40.0,S,5.0,0.0,25.0,81.0,SSW,5.0,0.0
2015,3,6,5,US,2074,N109UW,PHX,CLT,205,200.0,-5.0,9.0,209.0,223,199.0,187.0,1773,716.0,3.0,748,719.0,0.0,0,0,,,,,,,54.0,40.0,S,5.0,0.0,27.0,51.0,NNE,14.0,0.0
2015,3,6,5,AS,114,N440AS,ANC,SEA,215,207.0,-8.0,24.0,231.0,198,203.0,172.0,1448,623.0,7.0,633,630.0,0.0,0,0,,,,,,,34.0,93.0,ESE,3.0,0.0,41.0,79.0,CALM,0.0,0.0
2015,3,6,5,NK,647,N622NK,IAG,FLL,238,225.0,-13.0,14.0,239.0,178,179.0,160.0,1176,519.0,5.0,536,524.0,0.0,0,0,,,,,,,2.0,80.0,WSW,10.0,0.0,73.0,93.0,SSE,3.0,0.0
2015,3,6,5,UA,1162,N68836,BQN,EWR,255,254.0,-1.0,11.0,305.0,240,233.0,211.0,1585,536.0,11.0,555,547.0,0.0,0,0,,,,,,,2.0,80.0,WSW,10.0,0.0,13.0,62.0,NW,9.0,0.0
2015,3,6,5,NK,374,N604NK,BQN,FLL,410,446.0,36.0,19.0,505.0,157,153.0,126.0,983,611.0,8.0,547,619.0,1.0,0,0,,32.0,0.0,0.0,0.0,0.0,,,,,,73.0,93.0,SSE,3.0,0.0
2015,3,6,5,B6,730,N527JB,BQN,MCO,420,415.0,-5.0,7.0,422.0,181,147.0,137.0,1129,539.0,3.0,621,542.0,0.0,0,0,,,,,,,,,,,,72.0,93.0,CALM,0.0,0.0
2015,3,6,5,B6,768,N793JB,PSE,MCO,427,424.0,-3.0,10.0,434.0,185,169.0,153.0,1179,607.0,6.0,632,613.0,0.0,0,0,,,,,,,,,,,,72.0,93.0,CALM,0.0,0.0
2015,3,6,5,AA,1342,N3EPAA,ORD,MIA,500,455.0,-5.0,13.0,508.0,180,172.0,153.0,1197,841.0,6.0,900,847.0,0.0,0,0,,,,,,,5.0,76.0,SSW,9.0,0.0,80.0,67.0,ESE,10.0,0.0
2015,3,6,5,AS,695,N792AS,GEG,SEA,500,456.0,-4.0,11.0,507.0,65,74.0,45.0,224,552.0,18.0,605,610.0,0.0,0,0,,,,,,,33.0,66.0,SSE,6.0,0.0,41.0,79.0,CALM,0.0,0.0
2015,3,6,5,DL,2619,N937DN,FAR,MSP,500,457.0,-3.0,12.0,509.0,72,52.0,35.0,223,544.0,5.0,612,549.0,0.0,0,0,,,,,,,,,,,,14.0,64.0,S,7.0,0.0
2015,3,6,5,DL,1679,N345NB,BIS,MSP,500,455.0,-5.0,32.0,527.0,85,93.0,53.0,386,620.0,8.0,625,628.0,0.0,0,0,,,,,,,16.0,84.0,W,6.0,0.0,14.0,64.0,S,7.0,0.0
2015,3,6,5,EV,3950,N13969,DSM,ORD,500,541.0,41.0,9.0,550.0,80,71.0,52.0,299,642.0,10.0,620,652.0,1.0,0,0,,0.0,0.0,32.0,0.0,0.0,23.0,63.0,SSW,13.0,0.0,6.0,73.0,SW,12.0,0.0
2015,3,6,5,EV,3958,N11184,PIA,ORD,500,,,,,59,,,130,,,559,,1.0,0,1,B,,,,,,23.0,63.0,SSW,13.0,0.0,5.0,76.0,SSW,9.0,0.0
2015,3,6,5,US,1852,N721UW,BOS,CLT,500,456.0,-4.0,13.0,509.0,145,137.0,121.0,728,710.0,3.0,725,713.0,0.0,0,0,,,,,,,9.0,46.0,NNW,8.0,0.0,27.0,51.0,NNE,14.0,0.0
2015,3,6,5,US,1906,N760US,FLL,CLT,500,454.0,-6.0,8.0,502.0,115,103.0,89.0,631,631.0,6.0,655,637.0,0.0,0,0,,,,,,,73.0,93.0,SSE,3.0,0.0,25.0,60.0,NNE,10.0,0.0
2015,3,6,5,US,469,N112US,EWR,CLT,500,458.0,-2.0,29.0,527.0,111,130.0,96.0,529,703.0,5.0,651,708.0,1.0,0,0,,17.0,0.0,0.0,0.0,0.0,13.0,62.0,NW,9.0,0.0,25.0,60.0,NNE,10.0,0.0
2015,3,6,5,US,602,N186US,ORD,PHX,500,458.0,-2.0,22.0,520.0,231,219.0,191.0,1440,731.0,6.0,751,737.0,0.0,0,0,,,,,,,5.0,76.0,SSW,9.0,0.0,60.0,20.0,ENE,17.0,0.0
2015,3,6,5,HA,102,N487HA,HNL,ITO,500,450.0,-10.0,8.0,458.0,49,48.0,34.0,216,532.0,6.0,549,538.0,0.0,0,0,,,,,,,63.0,81.0,NNW,8.0,0.0,48.0,40.0,SE,5.0,0.0
2015,3,6,5,OO,4842,N8968E,ISN,MSP,500,451.0,-9.0,41.0,532.0,105,119.0,73.0,546,645.0,5.0,645,650.0,0.0,0,0,,,,,,,17.0,84.0,CALM,0.0,0.0,14.0,64.0,S,7.0,0.0
2015,3,6,5,HA,108,N486HA,HNL,KOA,502,456.0,-6.0,8.0,504.0,42,43.0,29.0,163,533.0,6.0,544,539.0,0.0,0,0,,,,,,,63.0,81.0,NNW,8.0,0.0,14.0,64.0,S,7.0,0.0
2015,3,6,5,AS,730,N469AS,ANC,SEA,505,502.0,-3.0,19.0,521.0,199,198.0,176.0,1448,917.0,3.0,924,920.0,0.0,0,0,,,,,,,32.0,93.0,CALM,0.0,0.0,49.0,61.0,NE,3.0,0.0
2015,3,6,5,US,1982,N572UW,DFW,CLT,505,501.0,-4.0,36.0,537.0,143,152.0,107.0,936,824.0,9.0,828,833.0,0.0,0,0,,,,,,,25.0,81.0,SSW,5.0,0.0,29.0,49.0,NE,12.0,0.0
2015,3,6,5,HA,206,N480HA,HNL,OGG,505,502.0,-3.0,9.0,511.0,36,38.0,23.0,100,534.0,6.0,541,540.0,0.0,0,0,,,,,,,63.0,81.0,NNW,8.0,0.0,29.0,49.0,NE,12.0,0.0
2015,3,6,5,OO,7370,N675BR,BJI,MSP,505,459.0,-6.0,19.0,518.0,60,54.0,31.0,199,549.0,4.0,605,553.0,0.0,0,0,,,,,,,11.0,73.0,SW,3.0,0.0,14.0,64.0,S,7.0,0.0
2015,3,6,5,AA,1323,N3APAA,MCO,MIA,510,507.0,-3.0,12.0,519.0,62,63.0,46.0,192,605.0,5.0,612,610.0,0.0,0,0,,,,,,,72.0,91.0,NNW,5.0,0.0,69.0,93.0,CALM,0.0,0.0
2015,3,6,5,US,2061,N111US,TPA,CLT,510,505.0,-5.0,16.0,521.0,96,91.0,68.0,507,629.0,7.0,646,636.0,0.0,0,0,,,,,,,68.0,93.0,NW,6.0,0.0,25.0,60.0,NNE,10.0,0.0
2015,3,6,5,US,1709,N183UW,MSP,CLT,510,548.0,38.0,24.0,612.0,156,151.0,114.0,930,906.0,13.0,846,919.0,1.0,0,0,,0.0,0.0,33.0,0.0,0.0,10.0,67.0,SSE,7.0,0.0,29.0,49.0,NE,12.0,0.0
2015,3,6,5,OO,5494,N746SK,MKE,IAH,510,531.0,21.0,11.0,542.0,180,165.0,151.0,984,813.0,3.0,810,816.0,0.0,0,0,,,,,,,0.0,69.0,SW,8.0,0.0,38.0,57.0,NE,10.0,0.0
2015,3,6,5,OO,5549,N569SW,BFL,SFO,510,504.0,-6.0,18.0,522.0,92,73.0,54.0,238,616.0,1.0,642,617.0,0.0,0,0,,,,,,,45.0,74.0,CALM,0.0,0.0,49.0,93.0,SSW,3.0,0.0
2015,3,6,5,NK,103,N617NK,BOS,MYR,510,507.0,-3.0,18.0,525.0,131,148.0,123.0,738,728.0,7.0,721,735.0,0.0,0,0,,,,,,,9.0,46.0,NNW,8.0,0.0,36.0,70.0,NNE,16.0,0.0
2015,3,6,5,AA,1388,N3BKAA,DFW,MIA,515,530.0,15.0,23.0,553.0,159,158.0,128.0,1121,901.0,7.0,854,908.0,0.0,0,0,,,,,,,25.0,81.0,SSW,5.0,0.0,78.0,74.0,E,7.0,0.0
2015,3,6,5,AA,2454,N3AWAA,BOS,MIA,515,515.0,0.0,12.0,527.0,210,212.0,192.0,1258,839.0,8.0,845,847.0,0.0,0,0,,,,,,,9.0,46.0,NNW,8.0,0.0,78.0,74.0,E,7.0,0.0
2015,3,6,5,UA,341,N829UA,ORD,IAH,515,514.0,-1.0,13.0,527.0,176,163.0,144.0,925,751.0,6.0,811,757.0,0.0,0,0,,,,,,,5.0,76.0,SSW,9.0,0.0,38.0,57.0,NE,10.0,0.0
2015,3,6,5,UA,440,N805UA,PHL,IAH,515,519.0,4.0,12.0,531.0,234,230.0,213.0,1325,804.0,5.0,809,809.0,0.0,0,0,,,,,,,12.0,64.0,N,8.0,0.0,38.0,57.0,NE,10.0,0.0
2015,3,6,5,UA,1500,N33264,MSY,IAH,515,515.0,0.0,9.0,524.0,79,70.0,54.0,305,618.0,7.0,634,625.0,0.0,0,0,,,,,,,31.0,69.0,N,18.0,0.0,30.0,79.0,CALM,0.0,0.0
2015,3,6,5,US,1879,N732US,PIT,CLT,515,514.0,-1.0,36.0,550.0,93,106.0,66.0,366,656.0,4.0,648,700.0,0.0,0,0,,,,,,,-2.0,83.0,CALM,0.0,0.0,25.0,60.0,NNE,10.0,0.0
2015,3,6,5,US,425,N190UW,SEA,PHX,515,516.0,1.0,11.0,527.0,164,155.0,142.0,1107,849.0,2.0,859,851.0,0.0,0,0,,,,,,,41.0,79.0,CALM,0.0,0.0,62.0,21.0,NE,12.0,0.0
2015,3,6,5,US,819,N701UW,IAH,CLT,515,511.0,-4.0,11.0,522.0,139,123.0,101.0,912,803.0,11.0,834,814.0,0.0,0,0,,,,,,,31.0,76.0,N,6.0,0.0,29.0,49.0,NE,12.0,0.0
2015,3,6,5,US,1732,N801AW,BWI,CLT,515,517.0,2.0,11.0,528.0,89,79.0,65.0,361,633.0,3.0,644,636.0,0.0,0,0,,,,,,,10.0,70.0,NW,7.0,0.0,25.0,60.0,NNE,10.0,0.0
2015,3,6,5,OO,5484,N920SW,BOI,SFO,515,512.0,-3.0,9.0,521.0,115,96.0,83.0,522,544.0,4.0,610,548.0,0.0,0,0,,,,,,,,,,,,49.0,93.0,SSW,3.0,0.0
2015,3,6,5,OO,6514,N119SY,PDX,SFO,515,512.0,-3.0,13.0,525.0,114,105.0,89.0,550,654.0,3.0,709,657.0,0.0,0,0,,,,,,,37.0,89.0,CALM,0.0,0.0,54.0,90.0,E,3.0,0.0
2015,3,6,5,OO,7365,N432SW,ABR,MSP,515,515.0,0.0,10.0,525.0,70,57.0,39.0,257,604.0,8.0,625,612.0,0.0,0,0,,,,,,,-13.0,86.0,E,3.0,0.0,14.0,64.0,S,7.0,0.0
2015,3,6,5,OO,5254,N730SK,MAF,IAH,516,516.0,0.0,29.0,545.0,84,91.0,58.0,429,643.0,4.0,640,647.0,0.0,0,0,,,,,,,36.0,56.0,W,8.0,0.0,30.0,79.0,CALM,0.0,0.0
2015,3,6,5,US,1724,,RDU,PHL,519,,,,,76,,,337,,,635,,1.0,0,1,A,,,,,,26.0,69.0,NNE,8.0,0.0,12.0,61.0,N,6.0,0.0
2015,3,6,5,AA,89,N3JLAA,IAH,MIA,520,517.0,-3.0,15.0,532.0,137,137.0,112.0,964,824.0,10.0,837,834.0,0.0,0,0,,,,,,,31.0,76.0,N,6.0,0.0,78.0,74.0,E,7.0,0.0
2015,3,6,5,DL,2517,N953DL,VPS,ATL,520,518.0,-2.0,16.0,534.0,68,63.0,42.0,250,716.0,5.0,728,721.0,0.0,0,0,,,,,,,31.0,76.0,N,14.0,0.0,28.0,80.0,N,8.0,0.0
2015,3,6,5,DL,1991,N532US,MSP,ATL,520,519.0,-1.0,14.0,533.0,148,142.0,120.0,907,833.0,8.0,848,841.0,0.0,0,0,,,,,,,10.0,67.0,SSE,7.0,0.0,30.0,80.0,N,6.0,0.0
2015,3,6,5,DL,2323,N927DN,TPA,ATL,520,517.0,-3.0,9.0,526.0,86,81.0,63.0,406,629.0,9.0,646,638.0,0.0,0,0,,,,,,,68.0,93.0,NW,6.0,0.0,28.0,81.0,NNW,9.0,0.0
2015,3,6,5,DL,1418,N805DN,MCO,ATL,520,518.0,-2.0,13.0,531.0,84,77.0,59.0,404,630.0,5.0,644,635.0,0.0,0,0,,,,,,,72.0,91.0,NNW,5.0,0.0,28.0,81.0,NNW,9.0,0.0
2015,3,6,5,US,2062,N162UW,MCO,CLT,520,518.0,-2.0,15.0,533.0,97,84.0,66.0,468,639.0,3.0,657,642.0,0.0,0,0,,,,,,,72.0,91.0,NNW,5.0,0.0,25.0,60.0,NNE,10.0,0.0
2015,3,6,5,US,568,N546UW,PDX,PHX,520,518.0,-2.0,10.0,528.0,150,148.0,131.0,1009,839.0,7.0,850,846.0,0.0,0,0,,,,,,,37.0,89.0,CALM,0.0,0.0,62.0,21.0,NE,12.0,0.0
2015,3,6,5,US,843,,RIC,CLT,520,,,,,77,,,257,,,637,,1.0,0,1,A,,,,,,17.0,59.0,N,14.0,0.0,25.0,60.0,NNE,10.0,0.0
2015,3,6,5,WN,2418,N359SW,LAS,PHX,520,512.0,-8.0,17.0,529.0,65,71.0,49.0,255,718.0,5.0,725,723.0,0.0,0,0,,,,,,,45.0,53.0,S,10.0,0.0,60.0,20.0,ENE,17.0,0.0
2015,3,6,5,EV,4685,N12967,BRO,IAH,520,518.0,-2.0,10.0,528.0,76,69.0,51.0,308,619.0,8.0,636,627.0,0.0,0,0,,,,,,,34.0,81.0,S,10.0,0.0,30.0,79.0,CALM,0.0,0.0
2015,3,6,5,OO,5249,N719SK,DSM,IAH,520,523.0,3.0,11.0,534.0,158,138.0,116.0,802,730.0,11.0,758,741.0,0.0,0,0,,,,,,,23.0,63.0,SSW,13.0,0.0,33.0,72.0,VAR,7.0,0.0
2015,3,6,5,OO,5393,N479CA,MKE,ORD,520,532.0,12.0,10.0,542.0,49,35.0,20.0,67,602.0,5.0,609,607.0,0.0,0,0,,,,,,,0.0,69.0,SW,8.0,0.0,6.0,73.0,SW,12.0,0.0
2015,3,6,5,OO,6403,N912SW,MFR,SFO,520,511.0,-9.0,10.0,521.0,88,70.0,56.0,329,617.0,4.0,648,621.0,0.0,0,0,,,,,,,34.0,85.0,CALM,0.0,0.0,49.0,93.0,SSW,3.0,0.0
2015,3,6,5,OO,5632,N961SW,SBA,SFO,520,515.0,-5.0,14.0,529.0,75,71.0,45.0,262,614.0,12.0,635,626.0,0.0,0,0,,,,,,,41.0,73.0,CALM,0.0,0.0,49.0,93.0,SSW,3.0,0.0
2015,3,6,5,EV,4671,N11526,HRL,IAH,521,525.0,4.0,9.0,534.0,74,63.0,47.0,295,621.0,7.0,635,628.0,0.0,0,0,,,,,,,44.0,60.0,N,15.0,0.0,30.0,79.0,CALM,0.0,0.0
2015,3,6,5,AA,328,N3DHAA,DEN,DFW,523,1215.0,412.0,22.0,1237.0,116,115.0,89.0,641,1506.0,4.0,819,1510.0,1.0,0,0,,0.0,0.0,411.0,0.0,0.0,25.0,55.0,SW,12.0,0.0,33.0,72.0,S,3.0,0.0
2015,3,6,5,HA,103,N481HA,HNL,LIH,523,521.0,-2.0,12.0,533.0,37,41.0,23.0,102,556.0,6.0,600,602.0,0.0,0,0,,,,,,,63.0,81.0,NNW,8.0,0.0,68.0,63.0,N,24.0,0.0
2015,3,6,5,DL,1091,N943DN,JAX,ATL,525,528.0,3.0,8.0,536.0,69,56.0,43.0,270,619.0,5.0,634,624.0,0.0,0,0,,,,,,,27.0,78.0,SW,3.0,0.0,28.0,81.0,NNW,9.0,0.0
2015,3,6,5,EV,4209,N11192,BTR,IAH,525,528.0,3.0,13.0,541.0,72,67.0,47.0,253,628.0,7.0,637,635.0,0.0,0,0,,,,,,,26.0,63.0,VAR,5.0,0.0,30.0,79.0,CALM,0.0,0.0
2015,3,6,5,UA,1067,N66837,PDX,DEN,525,523.0,-2.0,11.0,534.0,154,144.0,124.0,991,838.0,9.0,859,847.0,0.0,0,0,,,,,,,37.0,89.0,CALM,0.0,0.0,36.0,44.0,SSW,10.0,0.0
2015,3,6,5,UA,1538,N15712,ORD,DEN,525,527.0,2.0,17.0,544.0,164,150.0,125.0,888,649.0,8.0,709,657.0,0.0,0,0,,,,,,,5.0,76.0,SSW,9.0,0.0,32.0,45.0,SSW,13.0,0.0
2015,3,6,5,UA,1614,N87507,SEA,DEN,525,521.0,-4.0,9.0,530.0,157,144.0,128.0,1024,838.0,7.0,902,845.0,0.0,0,0,,,,,,,41.0,79.0,CALM,0.0,0.0,41.0,40.0,SSW,6.0,0.0
2015,3,6,5,UA,1679,N76522,SEA,SFO,525,525.0,0.0,26.0,551.0,130,128.0,97.0,679,728.0,5.0,735,733.0,0.0,0,0,,,,,,,41.0,79.0,CALM,0.0,0.0,54.0,90.0,E,3.0,0.0
2015,3,6,5,EV,4740,N14180,GRB,ORD,525,515.0,-10.0,17.0,532.0,59,61.0,36.0,173,608.0,8.0,624,616.0,0.0,0,0,,,,,,,1.0,72.0,SSW,9.0,0.0,6.0,73.0,SW,12.0,0.0
2015,3,6,5,MQ,3659,N691MQ,SGF,DFW,525,525.0,0.0,27.0,552.0,92,93.0,60.0,364,652.0,6.0,657,658.0,0.0,0,0,,,,,,,21.0,68.0,S,10.0,0.0,24.0,88.0,CALM,0.0,0.0
2015,3,6,5,OO,4541,N445SW,LWS,SLC,525,522.0,-3.0,15.0,537.0,88,79.0,60.0,461,737.0,4.0,753,741.0,0.0,0,0,,,,,,,30.0,79.0,CALM,0.0,0.0,33.0,70.0,SE,8.0,0.0
2015,3,6,5,OO,4779,N936SW,DIK,MSP,525,515.0,-10.0,18.0,533.0,103,91.0,64.0,481,737.0,9.0,808,746.0,0.0,0,0,,,,,,,,,,,,20.0,60.0,SW,8.0,0.0
2015,3,6,5,OO,7423,N454SW,BRD,MSP,528,528.0,0.0,15.0,543.0,47,40.0,20.0,114,603.0,5.0,615,608.0,0.0,0,0,,,,,,,12.0,73.0,SSW,9.0,0.0,14.0,64.0,S,7.0,0.0
2015,3,6,5,OO,5366,N925SW,DVL,JMS,528,525.0,-3.0,28.0,553.0,38,47.0,16.0,83,609.0,3.0,606,612.0,0.0,0,0,,,,,,,12.0,79.0,WNW,7.0,0.0,14.0,80.0,NW,7.0,0.0
2015,3,6,5,B6,1554,N646JB,SJU,FLL,529,701.0,92.0,9.0,710.0,170,150.0,138.0,1046,828.0,3.0,719,831.0,1.0,0,0,,0.0,0.0,0.0,72.0,0.0,74.0,85.0,CALM,0.0,0.0,74.0,91.0,SE,5.0,0.0
2015,3,6,5,OO,5429,N947SW,PAH,ORD,529,526.0,-3.0,19.0,545.0,95,91.0,62.0,342,647.0,10.0,704,657.0,0.0,0,0,,,,,,,74.0,85.0,CALM,0.0,0.0,9.0,67.0,SSW,14.0,0.0
2015,3,6,5,AA,1287,N3HRAA,MSP,MIA,530,530.0,0.0,29.0,559.0,225,221.0,182.0,1501,1001.0,10.0,1015,1011.0,0.0,0,0,,,,,,,10.0,67.0,SSE,7.0,0.0,83.0,60.0,ESE,10.0,0.0
2015,3,6,5,B6,1434,N183JB,SJU,MCO,530,712.0,102.0,9.0,721.0,190,155.0,144.0,1189,845.0,2.0,740,847.0,1.0,0,0,,0.0,0.0,67.0,0.0,0.0,74.0,85.0,CALM,0.0,0.0,68.0,93.0,NE,16.0,0.0
2015,3,6,5,DL,2377,N944DN,ORF,ATL,530,539.0,9.0,11.0,550.0,114,106.0,91.0,516,721.0,4.0,724,725.0,0.0,0,0,,,,,,,26.0,63.0,NNE,25.0,0.0,28.0,80.0,N,8.0,0.0
2015,3,6,5,DL,2393,N985DL,BNA,ATL,530,533.0,3.0,37.0,610.0,61,83.0,41.0,214,751.0,5.0,731,756.0,1.0,0,0,,25.0,0.0,0.0,0.0,0.0,11.0,81.0,NNW,5.0,0.0,28.0,80.0,N,8.0,0.0
2015,3,6,5,DL,2007,N961AT,SAV,ATL,530,528.0,-2.0,13.0,541.0,67,59.0,40.0,214,621.0,6.0,637,627.0,0.0,0,0,,,,,,,,,,,,28.0,81.0,NNW,9.0,0.0
2015,3,6,5,DL,1129,N919AT,HSV,ATL,530,526.0,-4.0,27.0,553.0,53,67.0,36.0,151,729.0,4.0,723,733.0,0.0,0,0,,,,,,,17.0,77.0,N,7.0,0.0,28.0,80.0,N,8.0,0.0
2015,3,6,5,DL,1231,N302DQ,CHS,ATL,530,528.0,-2.0,9.0,537.0,73,61.0,49.0,259,626.0,3.0,643,629.0,0.0,0,0,,,,,,,39.0,93.0,NNE,13.0,0.0,28.0,81.0,NNW,9.0,0.0
2015,3,6,5,DL,1316,N912DN,BOI,MSP,530,525.0,-5.0,10.0,535.0,163,148.0,136.0,1142,851.0,2.0,913,853.0,0.0,0,0,,,,,,,32.0,59.0,CALM,0.0,0.0,25.0,55.0,SW,10.0,0.0
2015,3,6,5,EV,4288,N13914,MFE,IAH,530,521.0,-9.0,15.0,536.0,70,73.0,50.0,316,626.0,8.0,640,634.0,0.0,0,0,,,,,,,32.0,59.0,CALM,0.0,0.0,30.0,79.0,CALM,0.0,0.0
2015,3,6,5,US,1901,N102UW,RDU,CLT,530,535.0,5.0,9.0,544.0,57,48.0,34.0,130,618.0,5.0,627,623.0,0.0,0,0,,,,,,,26.0,69.0,NNE,8.0,0.0,25.0,60.0,NNE,10.0,0.0
2015,3,6,5,US,1909,N961UW,BOS,PHL,530,526.0,-4.0,14.0,540.0,89,81.0,62.0,280,642.0,5.0,659,647.0,0.0,0,0,,,,,,,9.0,46.0,NNW,8.0,0.0,12.0,61.0,N,6.0,0.0
2015,3,6,5,WN,141,,ALB,MDW,530,,,,,160,,,717,,,710,,1.0,0,1,B,,,,,,3.0,66.0,WNW,3.0,0.0,10.0,67.0,SSW,13.0,0.0
2015,3,6,5,EV,4568,N11181,LFT,IAH,530,525.0,-5.0,13.0,538.0,67,66.0,45.0,201,623.0,8.0,637,631.0,0.0,0,0,,,,,,,29.0,51.0,NNE,14.0,0.0,30.0,79.0,CALM,0.0,0.0
2015,3,6,5,EV,4944,N686BR,AGS,ATL,530,528.0,-2.0,9.0,537.0,57,45.0,31.0,143,608.0,5.0,627,613.0,0.0,0,0,,,,,,,37.0,87.0,ESE,5.0,0.0,28.0,81.0,NNW,9.0,0.0
2015,3,6,5,EV,5362,N980EV,SHV,ATL,530,526.0,-4.0,22.0,548.0,98,96.0,73.0,551,801.0,1.0,808,802.0,0.0,0,0,,,,,,,24.0,84.0,CALM,0.0,0.0,30.0,80.0,N,6.0,0.0
2015,3,6,5,EV,5518,N181PQ,BTR,ATL,530,530.0,0.0,14.0,544.0,86,90.0,69.0,448,753.0,7.0,756,800.0,0.0,0,0,,,,,,,26.0,63.0,VAR,5.0,0.0,28.0,80.0,N,8.0,0.0
2015,3,6,5,EV,6157,N16546,CID,ORD,530,,,,,78,,,196,,,648,,1.0,0,1,A,,,,,,9.0,77.0,SSE,15.0,0.0,6.0,73.0,SW,12.0,0.0
2015,3,6,5,F9,1219,,PHL,MCO,530,,,,,150,,,861,,,800,,1.0,0,1,A,,,,,,12.0,64.0,N,8.0,0.0,65.0,97.0,NNE,12.0,0.0
2015,3,6,5,NK,409,N534NK,ORD,FLL,530,528.0,-2.0,23.0,551.0,181,184.0,155.0,1182,926.0,6.0,931,932.0,0.0,0,0,,,,,,,5.0,76.0,SSW,9.0,0.0,78.0,79.0,SSE,8.0,0.0
2015,3,6,5,OO,5316,N960SW,MRY,LAX,530,535.0,5.0,10.0,545.0,73,65.0,45.0,266,630.0,10.0,643,640.0,0.0,0,0,,,,,,,49.0,61.0,E,8.0,0.0,51.0,39.0,CALM,0.0,0.0
2015,3,6,5,OO,5456,N984CA,RDM,SFO,530,525.0,-5.0,11.0,536.0,98,90.0,75.0,462,651.0,4.0,708,655.0,0.0,0,0,,,,,,,30.0,69.0,CALM,0.0,0.0,54.0,90.0,E,3.0,0.0
2015,3,6,5,OO,5460,N969SW,RDD,SFO,530,539.0,9.0,17.0,556.0,75,61.0,40.0,199,636.0,4.0,645,640.0,0.0,0,0,,,,,,,36.0,86.0,CALM,0.0,0.0,49.0,93.0,SSW,3.0,0.0
2015,3,6,5,OO,5505,N764SK,SAT,IAH,530,526.0,-4.0,11.0,537.0,58,51.0,35.0,191,612.0,5.0,628,617.0,0.0,0,0,,,,,,,44.0,93.0,N,2.0,0.0,30.0,79.0,CALM,0.0,0.0
2015,3,6,5,OO,4984,N707SK,AUS,IAH,530,527.0,-3.0,18.0,545.0,55,52.0,28.0,140,613.0,6.0,625,619.0,0.0,0,0,,,,,,,70.0,73.0,NNE,8.0,0.0,30.0,79.0,CALM,0.0,0.0
2015,3,6,5,OO,5435,N983SW,PSC,SFO,530,523.0,-7.0,22.0,545.0,126,117.0,92.0,620,717.0,3.0,736,720.0,0.0,0,0,,,,,,,27.0,92.0,CALM,0.0,0.0,54.0,90.0,E,3.0,0.0
2015,3,6,5,OO,6391,N929SW,EUG,DEN,530,525.0,-5.0,18.0,543.0,160,157.0,131.0,996,854.0,8.0,910,902.0,0.0,0,0,,,,,,,34.0,92.0,CALM,0.0,0.0,41.0,40.0,SSW,6.0,0.0
2015,3,6,5,AA,1433,N4XPAA,SAT,DFW,534,541.0,7.0,14.0,555.0,66,58.0,40.0,247,635.0,4.0,640,639.0,0.0,0,0,,,,,,,32.0,59.0,N,8.0,0.0,24.0,88.0,CALM,0.0,0.0
2015,3,6,5,DL,667,N931DL,BHM,ATL,535,602.0,27.0,8.0,610.0,55,45.0,32.0,134,742.0,5.0,730,747.0,1.0,0,0,,0.0,0.0,0.0,0.0,17.0,18.0,84.0,N,7.0,0.0,28.0,80.0,N,8.0,0.0
2015,3,6,5,DL,823,N311US,CLT,ATL,535,532.0,-3.0,13.0,545.0,75,60.0,42.0,226,627.0,5.0,650,632.0,0.0,0,0,,,,,,,26.0,63.0,NNE,14.0,0.0,28.0,81.0,NNW,9.0,0.0
2015,3,6,5,UA,429,N410UA,CLE,IAH,535,549.0,14.0,14.0,603.0,198,184.0,160.0,1091,743.0,10.0,753,753.0,0.0,0,0,,,,,,,4.0,76.0,SSW,7.0,0.0,33.0,72.0,VAR,7.0,0.0
2015,3,6,5,US,1904,N826AW,DCA,CLT,535,535.0,0.0,34.0,609.0,87,104.0,65.0,331,714.0,5.0,702,719.0,1.0,0,0,,17.0,0.0,0.0,0.0,0.0,16.0,52.0,NNW,13.0,0.0,27.0,51.0,NNE,14.0,0.0
2015,3,6,5,WN,23,N217JC,MDW,DCA,535,530.0,-5.0,13.0,543.0,110,103.0,84.0,601,807.0,6.0,825,813.0,0.0,0,0,,,,,,,7.0,73.0,SSW,9.0,0.0,19.0,47.0,N,12.0,0.0
2015,3,6,5,EV,4557,N12996,CRP,IAH,535,528.0,-7.0,9.0,537.0,60,58.0,40.0,201,617.0,9.0,635,626.0,0.0,0,0,,,,,,,38.0,65.0,N,15.0,0.0,30.0,79.0,CALM,0.0,0.0
2015,3,6,5,EV,5275,N686BR,DHN,ATL,535,,,,,57,,,170,,,732,,1.0,0,1,A,,,,,,30.0,79.0,N,10.0,0.0,28.0,80.0,N,8.0,0.0
2015,3,6,5,MQ,3379,N848MQ,LEX,ORD,535,610.0,35.0,45.0,655.0,96,111.0,61.0,323,656.0,5.0,611,701.0,1.0,0,0,,15.0,0.0,35.0,0.0,0.0,-1.0,87.0,CALM,0.0,0.0,6.0,73.0,SW,12.0,0.0
2015,3,6,5,OO,5467,N937SW,ONT,SFO,535,523.0,-12.0,21.0,544.0,88,80.0,55.0,363,639.0,4.0,703,643.0,0.0,0,0,,,,,,,27.0,93.0,,0.0,0.0,54.0,90.0,E,3.0,0.0
2015,3,6,5,OO,4735,N616QX,GRB,ATL,535,530.0,-5.0,25.0,555.0,145,146.0,113.0,774,848.0,8.0,900,856.0,0.0,0,0,,,,,,,1.0,72.0,SSW,9.0,0.0,34.0,75.0,NNW,3.0,0.0
2015,3,6,5,OO,6411,N952SW,MSN,ORD,535,532.0,-3.0,26.0,558.0,61,59.0,25.0,108,623.0,8.0,636,631.0,0.0,0,0,,,,,,,2.0,72.0,S,7.0,0.0,6.0,73.0,SW,12.0,0.0
2015,3,6,5,B6,2001,N375JB,BUF,JFK,536,534.0,-2.0,25.0,559.0,84,103.0,60.0,301,659.0,18.0,700,717.0,1.0,0,0,,17.0,0.0,0.0,0.0,0.0,0.0,83.0,SSW,8.0,0.0,16.0,52.0,N,14.0,0.0
2015,3,6,5,OO,7368,N629BR,ESC,DTW,537,527.0,-10.0,10.0,537.0,78,74.0,60.0,306,637.0,4.0,655,641.0,0.0,0,0,,,,,,,0.0,66.0,SSW,6.0,0.0,2.0,80.0,S,5.0,0.0
2015,3,6,5,EV,4208,N12126,SHV,IAH,539,539.0,0.0,18.0,557.0,61,64.0,39.0,192,636.0,7.0,640,643.0,0.0,0,0,,,,,,,24.0,84.0,CALM,0.0,0.0,30.0,79.0,CALM,0.0,0.0
2015,3,6,5,DL,2417,N308DE,TLH,ATL,540,540.0,0.0,11.0,551.0,68,56.0,41.0,223,632.0,4.0,648,636.0,0.0,0,0,,,,,,,43.0,71.0,N,9.0,0.0,28.0,81.0,NNW,9.0,0.0
2015,3,6,5,DL,2510,N519US,RSW,ATL,540,534.0,-6.0,16.0,550.0,106,101.0,79.0,515,709.0,6.0,726,715.0,0.0,0,0,,,,,,,68.0,96.0,CALM,0.0,0.0,28.0,80.0,N,8.0,0.0
2015,3,6,5,DL,2646,N959AT,ATW,ATL,540,533.0,-7.0,11.0,544.0,136,128.0,110.0,765,834.0,7.0,856,841.0,0.0,0,0,,,,,,,1.0,66.0,SSW,10.0,0.0,30.0,80.0,N,6.0,0.0
2015,3,6,5,DL,2182,N960DL,GSP,ATL,540,634.0,54.0,18.0,652.0,57,58.0,33.0,153,725.0,7.0,637,732.0,1.0,0,0,,1.0,0.0,54.0,0.0,0.0,29.0,72.0,NNE,7.0,0.0,28.0,81.0,NNW,9.0,0.0
2015,3,6,5,DL,1069,N938DN,OMA,ATL,540,731.0,111.0,40.0,811.0,142,154.0,102.0,821,1053.0,12.0,902,1105.0,1.0,0,0,,12.0,0.0,111.0,0.0,0.0,63.0,82.0,CALM,0.0,0.0,34.0,75.0,NNW,3.0,0.0
2015,3,6,5,EV,4095,N14904,AEX,IAH,540,540.0,0.0,17.0,557.0,63,58.0,34.0,190,631.0,7.0,643,638.0,0.0,0,0,,,,,,,25.0,78.0,N,6.0,0.0,30.0,79.0,CALM,0.0,0.0
2015,3,6,5,UA,363,N472UA,BOS,IAD,540,545.0,5.0,13.0,558.0,105,96.0,75.0,413,713.0,8.0,725,721.0,0.0,0,0,,,,,,,9.0,46.0,NNW,8.0,0.0,11.0,61.0,NNW,5.0,0.0
2015,3,6,5,UA,537,N37277,IAH,DEN,540,1102.0,322.0,11.0,1113.0,156,138.0,120.0,862,1213.0,7.0,716,1220.0,1.0,0,0,,0.0,0.0,304.0,0.0,0.0,31.0,76.0,N,6.0,0.0,32.0,45.0,SSW,13.0,0.0
2015,3,6,5,UA,1422,N76528,SMF,DEN,540,604.0,24.0,12.0,616.0,140,136.0,116.0,909,912.0,8.0,900,920.0,1.0,0,0,,0.0,0.0,20.0,0.0,0.0,37.0,93.0,NNW,6.0,0.0,41.0,40.0,SSW,6.0,0.0
2015,3,6,5,UA,1618,N14704,SLC,DEN,540,539.0,-1.0,31.0,610.0,94,92.0,54.0,391,704.0,7.0,714,711.0,0.0,0,0,,,,,,,31.0,72.0,SE,7.0,0.0,32.0,45.0,SSW,13.0,0.0
2015,3,6,5,UA,1619,N69839,RSW,EWR,540,536.0,-4.0,10.0,546.0,173,154.0,130.0,1068,756.0,14.0,833,810.0,0.0,0,0,,,,,,,68.0,96.0,CALM,0.0,0.0,16.0,57.0,N,7.0,0.0
2015,3,6,5,WN,4542,N651SW,PHX,DEN,540,540.0,0.0,9.0,549.0,115,103.0,87.0,602,716.0,7.0,735,723.0,0.0,0,0,,,,,,,54.0,31.0,E,7.0,0.0,32.0,45.0,SSW,13.0,0.0
2015,3,6,5,WN,1156,N360SW,PIT,ATL,540,542.0,2.0,26.0,608.0,130,120.0,87.0,526,735.0,7.0,750,742.0,0.0,0,0,,,,,,,-2.0,83.0,CALM,0.0,0.0,28.0,80.0,N,8.0,0.0
2015,3,6,5,WN,4036,N7707C,SMF,LAX,540,536.0,-4.0,9.0,545.0,85,76.0,60.0,373,645.0,7.0,705,652.0,0.0,0,0,,,,,,,37.0,93.0,NNW,6.0,0.0,61.0,25.0,NNE,3.0,0.0
2015,3,6,5,WN,3814,N7726A,MKE,MCO,540,538.0,-2.0,10.0,548.0,175,161.0,142.0,1066,910.0,9.0,935,919.0,0.0,0,0,,,,,,,0.0,69.0,SW,8.0,0.0,65.0,81.0,NE,12.0,0.0
2015,3,6,5,EV,4714,N14977,BDL,EWR,540,,,,,55,,,116,,,635,,1.0,0,1,C,,,,,,8.0,53.0,W,6.0,0.0,13.0,65.0,NNW,6.0,0.0
2015,3,6,5,EV,5128,N860AS,MGM,ATL,540,538.0,-2.0,22.0,600.0,54,60.0,32.0,147,732.0,6.0,734,738.0,0.0,0,0,,,,,,,26.0,71.0,NNW,9.0,0.0,28.0,80.0,N,8.0,0.0
2015,3,6,5,EV,5333,N854AS,AVL,ATL,540,537.0,-3.0,29.0,606.0,60,70.0,37.0,164,643.0,4.0,640,647.0,0.0,0,0,,,,,,,20.0,78.0,N,9.0,0.0,28.0,81.0,NNW,9.0,0.0
2015,3,6,5,F9,365,N926FR,MKE,DEN,540,538.0,-2.0,12.0,550.0,155,143.0,124.0,896,654.0,7.0,715,701.0,0.0,0,0,,,,,,,0.0,69.0,SW,8.0,0.0,32.0,45.0,SSW,13.0,0.0
2015,3,6,5,MQ,3603,N656MQ,CMH,ORD,540,533.0,-7.0,20.0,553.0,88,77.0,49.0,296,542.0,8.0,608,550.0,0.0,0,0,,,,,,,5.0,84.0,ESE,3.0,0.0,6.0,73.0,SW,12.0,0.0
2015,3,6,5,OO,5198,N742SK,OMA,IAH,540,539.0,-1.0,10.0,549.0,144,127.0,113.0,781,742.0,4.0,804,746.0,0.0,0,0,,,,,,,18.0,78.0,SSE,9.0,0.0,38.0,57.0,NE,10.0,0.0
2015,3,6,5,OO,6285,N932SW,MFR,DEN,540,536.0,-4.0,22.0,558.0,160,163.0,132.0,964,910.0,9.0,920,919.0,0.0,0,0,,,,,,,34.0,85.0,CALM,0.0,0.0,41.0,40.0,SSW,6.0,0.0
2015,3,6,5,UA,710,N544UA,SFO,DEN,542,539.0,-3.0,17.0,556.0,153,155.0,128.0,967,904.0,10.0,915,914.0,0.0,0,0,,,,,,,49.0,86.0,SW,3.0,0.0,41.0,40.0,SSW,6.0,0.0
2015,3,6,5,AA,1178,N471AA,AUS,DFW,543,621.0,38.0,35.0,656.0,62,86.0,38.0,190,734.0,13.0,645,747.0,1.0,0,0,,24.0,0.0,38.0,0.0,0.0,23.0,92.0,NW,3.0,0.0,24.0,88.0,CALM,0.0,0.0
2015,3,6,5,EV,5667,N17185,GRK,IAH,544,539.0,-5.0,24.0,603.0,56,60.0,28.0,166,631.0,8.0,640,639.0,0.0,0,0,,,,,,,25.0,75.0,N,3.0,0.0,30.0,79.0,CALM,0.0,0.0
2015,3,6,5,AA,90,N3DJAA,DFW,ORD,545,542.0,-3.0,23.0,605.0,134,133.0,100.0,802,745.0,10.0,759,755.0,0.0,0,0,,,,,,,25.0,81.0,SSW,5.0,0.0,9.0,67.0,SSW,14.0,0.0
2015,3,6,5,AA,347,N3GNAA,MSY,MIA,545,542.0,-3.0,8.0,550.0,108,95.0,82.0,675,812.0,5.0,833,817.0,0.0,0,0,,,,,,,31.0,69.0,N,18.0,0.0,78.0,74.0,E,7.0,0.0
2015,3,6,5,AA,1238,N3LGAA,ORD,FLL,545,547.0,2.0,12.0,559.0,177,164.0,148.0,1182,927.0,4.0,942,931.0,0.0,0,0,,,,,,,5.0,76.0,SSW,9.0,0.0,78.0,79.0,SSE,8.0,0.0
2015,3,6,5,AA,2299,N3BVAA,JFK,MIA,545,827.0,162.0,34.0,901.0,189,205.0,166.0,1089,1147.0,5.0,854,1152.0,1.0,0,0,,16.0,0.0,162.0,0.0,0.0,13.0,56.0,NNE,6.0,0.0,78.0,74.0,E,7.0,0.0
2015,3,6,5,B6,917,N594JB,BOS,JFK,545,544.0,-1.0,16.0,600.0,75,62.0,42.0,187,642.0,4.0,700,646.0,0.0,0,0,,,,,,,9.0,46.0,NNW,8.0,0.0,16.0,52.0,N,14.0,0.0
2015,3,6,5,DL,977,N941DN,ORD,ATL,545,546.0,1.0,25.0,611.0,125,126.0,91.0,606,842.0,10.0,850,852.0,0.0,0,0,,,,,,,5.0,76.0,SSW,9.0,0.0,27.0,75.0,SSE,9.0,0.0
2015,3,6,5,DL,2568,N926DH,PBI,ATL,545,539.0,-6.0,18.0,557.0,106,111.0,87.0,545,724.0,6.0,731,730.0,0.0,0,0,,,,,,,74.0,91.0,SSW,5.0,0.0,28.0,80.0,N,8.0,0.0
2015,3,6,5,DL,1782,N370NW,MSO,MSP,545,536.0,-9.0,11.0,547.0,158,134.0,121.0,1013,848.0,2.0,923,850.0,0.0,0,0,,,,,,,25.0,75.0,CALM,0.0,0.0,25.0,55.0,SW,10.0,0.0
2015,3,6,5,DL,1890,N990DL,DFW,ATL,545,540.0,-5.0,14.0,554.0,124,114.0,89.0,731,823.0,11.0,849,834.0,0.0,0,0,,,,,,,25.0,81.0,SSW,5.0,0.0,30.0,80.0,N,6.0,0.0
2015,3,6,5,DL,2014,N973DL,SYR,ATL,545,628.0,43.0,36.0,704.0,157,168.0,125.0,794,909.0,7.0,822,916.0,1.0,0,0,,11.0,0.0,43.0,0.0,0.0,-3.0,100.0,SSW,3.0,0.0,30.0,80.0,N,6.0,0.0
2015,3,6,5,DL,2127,N556NW,FLL,ATL,545,543.0,-2.0,13.0,556.0,110,103.0,85.0,581,721.0,5.0,735,726.0,0.0,0,0,,,,,,,73.0,93.0,SSE,3.0,0.0,28.0,80.0,N,8.0,0.0
2015,3,6,5,UA,332,,LGA,IAH,545,,,,,240,,,1416,,,845,,1.0,0,1,C,,,,,,15.0,56.0,NNW,8.0,0.0,38.0,57.0,NE,10.0,0.0
2015,3,6,5,UA,450,N421UA,BIL,DEN,545,534.0,-11.0,9.0,543.0,92,72.0,59.0,455,642.0,4.0,717,646.0,0.0,0,0,,,,,,,33.0,48.0,WSW,17.0,0.0,55.0,51.0,WNW,2.0,0.0
2015,3,6,5,UA,539,,PIT,IAH,545,,,,,200,,,1117,,,805,,1.0,0,1,A,,,,,,-2.0,83.0,CALM,0.0,0.0,38.0,57.0,NE,10.0,0.0
2015,3,6,5,UA,1293,N17244,FLL,EWR,545,538.0,-7.0,15.0,553.0,174,170.0,136.0,1065,809.0,19.0,839,828.0,0.0,0,0,,,,,,,73.0,93.0,SSE,3.0,0.0,16.0,57.0,N,7.0,0.0
2015,3,6,5,UA,1532,N69826,GEG,DEN,545,537.0,-8.0,11.0,548.0,136,122.0,102.0,836,830.0,9.0,901,839.0,0.0,0,0,,,,,,,33.0,66.0,SSE,6.0,0.0,41.0,40.0,SSW,6.0,0.0
2015,3,6,5,UA,1540,N34222,IAD,IAH,545,600.0,15.0,15.0,615.0,213,206.0,186.0,1190,821.0,5.0,818,826.0,0.0,0,0,,,,,,,11.0,59.0,NNW,6.0,0.0,38.0,57.0,NE,10.0,0.0
2015,3,6,5,US,403,N640AW,IND,PHX,545,545.0,0.0,74.0,659.0,243,269.0,190.0,1488,809.0,5.0,748,814.0,1.0,0,0,,26.0,0.0,0.0,0.0,0.0,5.0,76.0,CALM,0.0,0.0,60.0,20.0,ENE,17.0,0.0
2015,3,6,5,US,410,N658AW,DEN,PHX,545,540.0,-5.0,10.0,550.0,122,98.0,86.0,602,716.0,2.0,747,718.0,0.0,0,0,,,,,,,25.0,55.0,SW,12.0,0.0,60.0,20.0,ENE,17.0,0.0
2015,3,6,5,US,474,N664AW,MCI,PHX,545,546.0,1.0,11.0,557.0,177,153.0,137.0,1044,714.0,5.0,742,719.0,0.0,0,0,,,,,,,28.0,66.0,SSW,17.0,0.0,60.0,20.0,ENE,17.0,0.0
2015,3,6,5,WN,1228,N370SW,BDL,ATL,545,544.0,-1.0,9.0,553.0,175,170.0,146.0,859,819.0,15.0,840,834.0,0.0,0,0,,,,,,,8.0,53.0,W,6.0,0.0,30.0,80.0,N,6.0,0.0
2015,3,6,5,WN,595,N231WN,PDX,PHX,545,543.0,-2.0,13.0,556.0,160,151.0,133.0,1009,909.0,5.0,925,914.0,0.0,0,0,,,,,,,37.0,89.0,CALM,0.0,0.0,67.0,16.0,ENE,17.0,0.0
2015,3,6,5,WN,153,N8645A,PVD,MDW,545,650.0,65.0,18.0,708.0,175,155.0,131.0,842,819.0,6.0,740,825.0,1.0,0,0,,0.0,0.0,45.0,0.0,0.0,10.0,46.0,NNW,8.0,0.0,10.0,67.0,SSW,13.0,0.0
2015,3,6,5,WN,252,,PWM,BWI,545,,,,,125,,,452,,,750,,1.0,0,1,B,,,,,,3.0,52.0,NW,5.0,0.0,14.0,59.0,CALM,0.0,0.0
2015,3,6,5,WN,217,N784SW,ROC,MDW,545,548.0,3.0,12.0,600.0,130,108.0,89.0,523,629.0,7.0,655,636.0,0.0,0,0,,,,,,,33.0,74.0,N,18.0,0.0,7.0,73.0,SSW,9.0,0.0
2015,3,6,5,WN,122,N422WN,STL,HOU,545,540.0,-5.0,23.0,603.0,140,136.0,110.0,687,753.0,3.0,805,756.0,0.0,0,0,,,,,,,17.0,62.0,S,9.0,0.0,39.0,49.0,NE,18.0,0.0
2015,3,6,5,WN,2513,N8619F,MHT,BWI,545,545.0,0.0,12.0,557.0,115,94.0,74.0,377,711.0,8.0,740,719.0,0.0,0,0,,,,,,,5.0,52.0,NNW,3.0,0.0,14.0,59.0,CALM,0.0,0.0
2015,3,6,5,EV,4555,N16525,LCH,IAH,545,801.0,136.0,7.0,808.0,54,36.0,22.0,127,830.0,7.0,639,837.0,1.0,0,0,,0.0,0.0,118.0,0.0,0.0,29.0,67.0,NNE,9.0,0.0,30.0,79.0,CALM,0.0,0.0
2015,3,6,5,EV,4603,N27152,ORF,EWR,545,711.0,86.0,8.0,719.0,83,74.0,53.0,284,812.0,13.0,708,825.0,1.0,0,0,,77.0,0.0,0.0,0.0,0.0,26.0,63.0,NNE,25.0,0.0,14.0,62.0,N,9.0,0.0
2015,3,6,5,EV,4646,N14998,CHS,EWR,545,,,,,115,,,628,,,740,,1.0,0,1,C,,,,,,39.0,93.0,NNE,13.0,0.0,14.0,62.0,N,9.0,0.0
2015,3,6,5,EV,4882,N847AS,BTV,DTW,545,550.0,5.0,26.0,616.0,139,121.0,88.0,537,744.0,7.0,804,751.0,0.0,0,0,,,,,,,-8.0,68.0,CALM,0.0,0.0,8.0,76.0,S,7.0,0.0
2015,3,6,5,EV,5286,N933EV,AEX,ATL,545,,,,,99,,,500,,,824,,1.0,0,1,B,,,,,,25.0,78.0,N,6.0,0.0,30.0,80.0,N,6.0,0.0
2015,3,6,5,EV,5501,N881AS,VLD,ATL,545,545.0,0.0,7.0,552.0,60,55.0,43.0,208,635.0,5.0,645,640.0,0.0,0,0,,,,,,,44.0,82.0,NNE,12.0,0.0,28.0,81.0,NNW,9.0,0.0
2015,3,6,5,EV,5543,N855AS,CAE,ATL,545,542.0,-3.0,10.0,552.0,62,61.0,46.0,192,638.0,5.0,647,643.0,0.0,0,0,,,,,,,39.0,73.0,NE,10.0,0.0,28.0,81.0,NNW,9.0,0.0
2015,3,6,5,EV,6082,N14907,ATW,ORD,545,542.0,-3.0,10.0,552.0,65,56.0,36.0,160,628.0,10.0,650,638.0,0.0,0,0,,,,,,,1.0,66.0,SSW,10.0,0.0,6.0,73.0,SW,12.0,0.0
