YEAR,MONTH,DAY,DAY_OF_WEEK,AIRLINE,FLIGHT_NUMBER,TAIL_NUMBER,ORIGIN_AIRPORT,DESTINATION_AIRPORT,SCHEDULED_DEPARTURE,DEPARTURE_TIME,DEPARTURE_DELAY,TAXI_OUT,WHEELS_OFF,SCHEDULED_TIME,ELAPSED_TIME,AIR_TIME,DISTANCE,WHEELS_ON,TAXI_IN,SCHEDULED_ARRIVAL,ARRIVAL_TIME,ARRIVAL_DELAY,DIVERTED,CANCELLED,CANCELLATION_REASON,AIR_SYSTEM_DELAY,SECURITY_DELAY,AIRLINE_DELAY,LATE_AIRCRAFT_DELAY,WEATHER_DELAY,DEPART_TEMP,DEPART_HUMIDITY,DEPART_WINDIR,DEPART_WIND,DEPART_PRECIP,ARRIVAL_TEMP,ARRIVAL_HUMIDITY,ARRIVAL_WINDIR,ARRIVAL_WIND,ARRIVAL_PRECIP
2015,12,14,1,AS,690,N713AS,SEA,GEG,800,800,0,20,820,63,65.0,42.0,224,902.0,3.0,903,905.0,0.0,0,0,,,,,,,86.0,84.0,SW,5.0,0.0,34.0,89.0,W,5.0,0.0
2015,12,14,1,AS,720,N528AS,SLC,SAN,800,1054,174,83,1217,122,178.0,93.0,626,1250.0,2.0,902,1252.0,1.0,0,0,,56.0,0.0,0.0,0.0,174.0,29.0,96.0,W,17.0,0.0,57.0,42.0,NE,8.0,0.0
2015,12,14,1,B6,113,N595JB,HPN,FLL,800,806,6,19,825,180,193.0,149.0,1097,1054.0,25.0,1100,1119.0,1.0,0,0,,13.0,0.0,6.0,0.0,0.0,50.0,100.0,E,3.0,0.0,82.0,74.0,SSE,16.0,0.0
2015,12,14,1,B6,1289,N612JB,EWR,SJU,800,800,0,29,829,229,234.0,198.0,1608,1247.0,7.0,1249,1254.0,0.0,0,0,,,,,,,53.0,100.0,NE,3.0,0.0,86.0,59.0,ESE,12.0,0.0
2015,12,14,1,B6,434,N659JB,SFO,BOS,800,752,-8,10,802,330,312.0,294.0,2704,1556.0,8.0,1630,1604.0,0.0,0,0,,,,,,,48.0,56.0,NNW,8.0,0.0,48.0,93.0,NE,3.0,0.0
2015,12,14,1,B6,677,N708JB,JFK,JAX,800,756,-4,54,850,154,185.0,127.0,828,1057.0,4.0,1034,1101.0,1.0,0,0,,27.0,0.0,0.0,0.0,0.0,55.0,94.0,CALM,0.0,0.0,74.0,85.0,S,12.0,0.0
2015,12,14,1,B6,219,N216JB,JFK,CLT,800,758,-2,62,900,121,163.0,98.0,541,1038.0,3.0,1001,1041.0,1.0,0,0,,40.0,0.0,0.0,0.0,0.0,55.0,94.0,CALM,0.0,0.0,66.0,83.0,SSE,16.0,0.0
2015,12,14,1,B6,1236,N306JB,SJU,STT,800,756,-4,11,807,32,30.0,16.0,68,823.0,3.0,832,826.0,0.0,0,0,,,,,,,79.0,77.0,ESE,7.0,0.0,80.0,76.0,E,16.0,0.0
2015,12,14,1,B6,389,N316JB,BOS,DCA,800,750,-10,21,811,102,127.0,102.0,399,953.0,4.0,942,957.0,1.0,0,0,,15.0,0.0,0.0,0.0,0.0,47.0,86.0,ESE,3.0,0.0,58.0,97.0,S,10.0,0.0
2015,12,14,1,B6,885,N318JB,JFK,RDU,800,757,-3,52,849,106,130.0,74.0,427,1003.0,4.0,946,1007.0,1.0,0,0,,21.0,0.0,0.0,0.0,0.0,55.0,94.0,CALM,0.0,0.0,67.0,81.0,S,10.0,0.0
2015,12,14,1,B6,411,N580JB,JFK,LAS,800,758,-2,50,848,353,362.0,304.0,2248,1052.0,8.0,1053,1100.0,0.0,0,0,,,,,,,55.0,94.0,CALM,0.0,0.0,45.0,93.0,VAR,2.0,0.0
2015,12,14,1,AA,2381,N871AA,LAX,MCO,800,803,3,18,821,285,270.0,245.0,2218,1526.0,7.0,1545,1533.0,0.0,0,0,,,,,,,54.0,41.0,WNW,10.0,0.0,80.0,62.0,S,13.0,0.0
2015,12,14,1,DL,867,N6714Q,RSW,ATL,800,751,-9,15,806,110,105.0,78.0,515,924.0,12.0,950,936.0,0.0,0,0,,,,,,,72.0,97.0,SSE,10.0,0.0,10.0,80.0,SE,6.0,0.0
2015,12,14,1,DL,1106,N848DN,SFO,MSP,800,759,-1,24,823,221,230.0,201.0,1589,1344.0,5.0,1341,1349.0,0.0,0,0,,,,,,,48.0,56.0,NNW,8.0,0.0,35.0,82.0,N,17.0,0.0
2015,12,14,1,DL,1324,N979DL,BNA,ATL,800,757,-3,15,812,75,71.0,48.0,214,1000.0,8.0,1015,1008.0,0.0,0,0,,,,,,,57.0,74.0,S,16.0,0.0,61.0,90.0,W,14.0,0.0
2015,12,14,1,DL,1379,N969DL,BHM,ATL,800,803,3,16,819,71,79.0,49.0,134,1008.0,14.0,1011,1022.0,0.0,0,0,,,,,,,56.0,90.0,SSW,7.0,0.0,61.0,90.0,W,14.0,0.0
2015,12,14,1,DL,326,N3756,SJU,JFK,800,758,-2,17,815,239,247.0,224.0,1598,1059.0,6.0,1059,1105.0,0.0,0,0,,,,,,,79.0,77.0,ESE,7.0,0.0,55.0,100.0,SE,7.0,0.0
2015,12,14,1,DL,508,N949DL,ECP,ATL,800,756,-4,14,810,72,71.0,47.0,240,957.0,10.0,1012,1007.0,0.0,0,0,,,,,,,68.0,93.0,W,12.0,0.1,61.0,90.0,W,14.0,0.0
2015,12,14,1,DL,1765,N941DN,TPA,MSP,800,812,12,27,839,207,216.0,179.0,1306,1038.0,10.0,1027,1048.0,1.0,0,0,,21.0,0.0,0.0,0.0,0.0,74.0,91.0,S,12.0,0.0,34.0,89.0,N,20.0,0.1
2015,12,14,1,DL,2185,N389DA,FLL,JFK,800,755,-5,13,808,169,153.0,134.0,1069,1022.0,6.0,1049,1028.0,0.0,0,0,,,,,,,80.0,79.0,SSE,14.0,0.0,55.0,100.0,SE,7.0,0.0
2015,12,14,1,DL,2226,N618DL,ATL,FLL,800,758,-2,22,820,107,120.0,87.0,581,947.0,11.0,947,958.0,0.0,0,0,,,,,,,68.0,87.0,S,12.0,0.0,80.0,76.0,SSE,13.0,0.0
2015,12,14,1,DL,2358,N979AT,PBI,LGA,800,1048,168,20,1108,171,159.0,134.0,1035,1322.0,5.0,1051,1327.0,1.0,0,0,,156.0,0.0,0.0,0.0,0.0,78.0,79.0,SSE,16.0,0.0,52.0,100.0,NE,5.0,0.0
2015,12,14,1,DL,1456,N922DX,BDL,MSP,800,809,9,32,841,189,205.0,158.0,1050,1019.0,15.0,1009,1034.0,1.0,0,0,,16.0,0.0,0.0,0.0,9.0,47.0,97.0,SSE,5.0,0.0,34.0,89.0,N,20.0,0.1
2015,12,14,1,DL,1526,N803DN,MCO,LGA,800,758,-2,25,823,153,148.0,115.0,950,1018.0,8.0,1033,1026.0,0.0,0,0,,,,,,,72.0,93.0,S,9.0,0.0,52.0,100.0,NE,5.0,0.0
2015,12,14,1,DL,1616,N901DA,DEN,ATL,800,758,-2,14,812,184,170.0,149.0,1199,1241.0,7.0,1304,1248.0,0.0,0,0,,,,,,,26.0,78.0,W,8.0,0.0,63.0,90.0,SSW,14.0,0.0
2015,12,14,1,DL,2519,N3739P,FSD,MSP,800,1043,163,11,1054,70,62.0,41.0,196,1135.0,10.0,910,1145.0,1.0,0,0,,155.0,0.0,0.0,0.0,0.0,34.0,89.0,N,24.0,0.0,34.0,89.0,N,23.0,0.1
2015,12,14,1,DL,2594,N301NB,LGA,DEN,800,756,-4,32,828,282,277.0,220.0,1620,1008.0,25.0,1042,1033.0,0.0,0,0,,,,,,,51.0,96.0,NE,5.0,0.0,33.0,61.0,WNW,7.0,0.0
2015,12,14,1,DL,2755,N981AT,SFO,LAX,800,839,39,12,851,92,69.0,51.0,337,942.0,6.0,932,948.0,1.0,0,0,,0.0,0.0,16.0,0.0,0.0,48.0,56.0,NNW,8.0,0.0,55.0,37.0,W,13.0,0.0
2015,12,14,1,DL,2811,N974AT,JFK,TPA,800,756,-4,88,924,188,240.0,149.0,1005,1153.0,3.0,1108,1156.0,1.0,0,0,,48.0,0.0,0.0,0.0,0.0,55.0,94.0,CALM,0.0,0.0,78.0,81.0,S,12.0,0.0
2015,12,14,1,DL,2381,N972AT,GNV,ATL,800,757,-3,27,824,82,86.0,50.0,300,914.0,9.0,922,923.0,0.0,0,0,,,,,,,71.0,93.0,SSW,9.0,0.0,68.0,84.0,S,14.0,0.0
2015,12,14,1,DL,2412,N932DN,ORD,ATL,800,2128,808,10,2138,129,95.0,81.0,606,2359.0,4.0,1109,3.0,1.0,0,0,,0.0,0.0,774.0,0.0,0.0,53.0,89.0,SW,20.0,0.0,62.0,86.0,SW,13.0,0.0
2015,12,14,1,EV,2733,N905EV,MEI,DFW,801,747,-14,10,757,114,102.0,86.0,485,923.0,6.0,955,929.0,0.0,0,0,,,,,,,53.0,93.0,SSW,14.0,0.0,55.0,49.0,WSW,10.0,0.0
2015,12,14,1,HA,337,N489HA,KOA,HNL,801,754,-7,7,801,43,45.0,29.0,163,830.0,9.0,844,839.0,0.0,0,0,,,,,,,,,,,,76.0,76.0,NW,5.0,0.0
2015,12,14,1,NK,562,N504NK,LAS,DEN,801,829,28,13,842,105,92.0,74.0,628,1056.0,5.0,1046,1101.0,1.0,0,0,,0.0,0.0,15.0,0.0,0.0,47.0,39.0,NNW,7.0,0.0,33.0,61.0,WNW,7.0,0.0
2015,12,14,1,OO,4559,N616QX,SEA,SMF,801,757,-4,21,818,117,101.0,75.0,605,933.0,5.0,958,938.0,0.0,0,0,,,,,,,41.0,73.0,SSE,5.0,0.0,46.0,66.0,NNW,10.0,0.0
2015,12,14,1,OO,5500,N117SY,DEN,DFW,801,1319,318,32,1351,123,133.0,89.0,641,1620.0,12.0,1104,1632.0,1.0,0,0,,10.0,0.0,41.0,277.0,0.0,26.0,78.0,W,8.0,0.0,62.0,37.0,SW,6.0,0.0
2015,12,14,1,OO,5676,N776SK,ABQ,SFO,801,756,-5,28,824,162,164.0,131.0,896,935.0,5.0,943,940.0,0.0,0,0,,,,,,,31.0,61.0,ESE,3.0,0.0,50.0,52.0,NNW,12.0,0.0
2015,12,14,1,UA,1293,N844UA,DEN,SAT,801,751,-10,11,802,128,120.0,103.0,794,1045.0,6.0,1109,1051.0,0.0,0,0,,,,,,,26.0,78.0,W,8.0,0.0,50.0,52.0,NNW,12.0,0.0
2015,12,14,1,EV,2752,N903EV,BTR,DFW,802,834,32,8,842,98,82.0,65.0,383,947.0,9.0,940,956.0,1.0,0,0,,0.0,0.0,16.0,0.0,0.0,55.0,89.0,SSE,6.0,0.0,55.0,49.0,WSW,10.0,0.0
2015,12,14,1,EV,5920,N14105,ORD,LEX,802,814,12,14,828,79,80.0,61.0,323,1029.0,5.0,1021,1034.0,0.0,0,0,,,,,,,53.0,89.0,SW,20.0,0.0,55.0,83.0,SSW,21.0,0.0
2015,12,14,1,MQ,3546,N681MQ,MLI,DFW,802,757,-5,10,807,158,129.0,113.0,691,1000.0,6.0,1040,1006.0,0.0,0,0,,,,,,,50.0,83.0,S,14.0,0.0,60.0,39.0,W,9.0,0.0
2015,12,14,1,OO,5335,N941SW,ONT,SFO,802,753,-9,20,813,87,97.0,73.0,363,926.0,4.0,929,930.0,0.0,0,0,,,,,,,47.0,52.0,CALM,0.0,0.0,50.0,52.0,NNW,12.0,0.0
2015,12,14,1,OO,5612,N742SK,SFO,SNA,803,757,-6,21,818,94,85.0,57.0,372,915.0,7.0,937,922.0,0.0,0,0,,,,,,,48.0,56.0,NNW,8.0,0.0,54.0,37.0,WNW,12.0,0.0
2015,12,14,1,UA,250,N61882,PDX,IAD,803,800,-3,15,815,292,304.0,284.0,2327,1559.0,5.0,1555,1604.0,0.0,0,0,,,,,,,41.0,89.0,S,8.0,0.0,68.0,73.0,SSE,13.0,0.0
2015,12,14,1,UA,280,N847UA,DEN,MSP,803,757,-6,57,854,123,172.0,105.0,680,1139.0,10.0,1106,1149.0,1.0,0,0,,43.0,0.0,0.0,0.0,0.0,26.0,78.0,W,8.0,0.0,34.0,89.0,N,17.0,0.0
2015,12,14,1,UA,1778,N459UA,ORD,SRQ,803,1311,308,13,1324,167,155.0,140.0,1050,1644.0,2.0,1150,1646.0,1.0,0,0,,0.0,0.0,0.0,296.0,0.0,53.0,89.0,SW,20.0,0.0,80.0,74.0,S,17.0,0.0
2015,12,14,1,OO,4994,N959SW,DEN,SLC,803,758,-5,69,907,97,188.0,79.0,391,1026.0,40.0,940,1106.0,1.0,0,0,,86.0,0.0,0.0,0.0,0.0,26.0,78.0,W,8.0,0.0,29.0,96.0,W,18.0,0.0
2015,12,14,1,EV,2817,N680AE,SHV,DFW,804,754,-10,12,806,75,73.0,42.0,190,848.0,19.0,919,907.0,0.0,0,0,,,,,,,53.0,66.0,W,12.0,0.0,55.0,49.0,WSW,10.0,0.0
2015,12,14,1,NK,1012,N522NK,MCO,ATL,804,756,-8,27,823,87,101.0,63.0,404,926.0,11.0,931,937.0,0.0,0,0,,,,,,,72.0,93.0,S,9.0,0.0,68.0,84.0,S,14.0,0.0
2015,12,14,1,UA,630,N804UA,BOS,ORD,804,757,-7,10,807,167,154.0,136.0,867,923.0,8.0,951,931.0,0.0,0,0,,,,,,,47.0,86.0,ESE,3.0,0.0,50.0,83.0,WSW,15.0,0.0
2015,12,14,1,UA,1418,N62849,PHX,IAH,804,757,-7,15,812,154,145.0,121.0,1009,1113.0,9.0,1138,1122.0,0.0,0,0,,,,,,,45.0,90.0,NW,8.0,0.1,67.0,45.0,SSW,8.0,0.0
2015,12,14,1,AA,885,N273AY,PHL,CLT,804,802,-2,28,830,120,134.0,85.0,449,955.0,21.0,1004,1016.0,0.0,0,0,,,,,,,55.0,93.0,ENE,3.0,0.0,66.0,83.0,SSE,16.0,0.0
2015,12,14,1,B6,683,N950JB,JFK,MCO,804,808,4,60,908,174,209.0,140.0,944,1128.0,9.0,1058,1137.0,1.0,0,0,,35.0,0.0,4.0,0.0,0.0,55.0,94.0,CALM,0.0,0.0,76.0,85.0,S,16.0,0.0
2015,12,14,1,EV,4162,N14902,LNK,ORD,805,759,-6,41,840,99,124.0,75.0,466,955.0,8.0,944,1003.0,1.0,0,0,,19.0,0.0,0.0,0.0,0.0,35.0,89.0,NW,21.0,0.0,50.0,83.0,WSW,15.0,0.0
2015,12,14,1,EV,6142,N29917,EWR,CHS,805,801,-4,24,825,129,127.0,100.0,628,1005.0,3.0,1014,1008.0,0.0,0,0,,,,,,,53.0,100.0,NE,3.0,0.0,73.0,90.0,SW,10.0,0.0
2015,12,14,1,EV,4525,N12567,EWR,BUF,805,802,-3,24,826,84,82.0,54.0,282,920.0,4.0,929,924.0,0.0,0,0,,,,,,,53.0,100.0,NE,3.0,0.0,64.0,54.0,S,9.0,0.0
2015,12,14,1,NK,693,N507NK,BWI,LAS,805,801,-4,10,811,318,321.0,306.0,2106,1017.0,5.0,1023,1022.0,0.0,0,0,,,,,,,56.0,97.0,CALM,0.0,0.0,52.0,26.0,NW,18.0,0.0
2015,12,14,1,OO,4809,N613QX,SJC,SEA,805,758,-7,17,815,138,146.0,120.0,697,1015.0,9.0,1023,1024.0,0.0,0,0,,,,,,,46.0,68.0,WNW,7.0,0.0,43.0,68.0,SSE,3.0,0.0
2015,12,14,1,OO,4693,N800SK,AUS,SLC,805,800,-5,14,814,192,173.0,153.0,1086,947.0,6.0,1017,953.0,0.0,0,0,,,,,,,,,,,,29.0,96.0,W,15.0,0.0
2015,12,14,1,OO,4722,N679CA,LAX,OAK,805,802,-3,19,821,91,88.0,64.0,337,925.0,5.0,936,930.0,0.0,0,0,,,,,,,54.0,41.0,WNW,10.0,0.0,50.0,54.0,NNW,13.0,0.0
2015,12,14,1,OO,5539,N471CA,SFO,SLC,805,759,-6,16,815,116,137.0,97.0,599,1052.0,24.0,1101,1116.0,1.0,0,0,,15.0,0.0,0.0,0.0,0.0,48.0,56.0,NNW,8.0,0.0,30.0,85.0,W,15.0,0.0
2015,12,14,1,OO,5677,N719SK,BNA,IAH,805,812,7,11,823,133,124.0,106.0,657,1009.0,7.0,1018,1016.0,0.0,0,0,,,,,,,57.0,74.0,S,16.0,0.0,63.0,58.0,SW,8.0,0.0
2015,12,14,1,UA,233,N596UA,SFO,EWR,805,759,-6,26,825,320,320.0,289.0,2565,1614.0,5.0,1625,1619.0,0.0,0,0,,,,,,,48.0,56.0,NNW,8.0,0.0,61.0,83.0,CALM,0.0,0.0
2015,12,14,1,UA,247,N73291,SJC,DEN,805,802,-3,9,811,155,163.0,128.0,948,1119.0,26.0,1140,1145.0,0.0,0,0,,,,,,,46.0,68.0,WNW,7.0,0.0,35.0,61.0,WNW,7.0,0.0
2015,12,14,1,UA,265,N29717,DEN,SNA,805,802,-3,31,833,147,155.0,118.0,846,931.0,6.0,932,937.0,0.0,0,0,,,,,,,26.0,78.0,W,8.0,0.0,54.0,37.0,WNW,12.0,0.0
2015,12,14,1,UA,347,N422UA,DEN,LGA,805,1116,191,13,1129,222,203.0,184.0,1620,1633.0,6.0,1347,1639.0,1.0,0,0,,172.0,0.0,0.0,0.0,0.0,26.0,78.0,W,8.0,0.0,58.0,90.0,S,7.0,0.0
2015,12,14,1,UA,492,N27246,IAD,SFO,805,758,-7,13,811,370,356.0,312.0,2419,1023.0,31.0,1115,1054.0,0.0,0,0,,,,,,,60.0,93.0,SSE,12.0,0.0,54.0,49.0,WNW,12.0,0.0
2015,12,14,1,UA,729,N54241,DEN,SAN,805,758,-7,14,812,151,145.0,127.0,853,919.0,4.0,936,923.0,0.0,0,0,,,,,,,26.0,78.0,W,8.0,0.0,57.0,42.0,NE,8.0,0.0
2015,12,14,1,UA,788,N78501,LAX,SFO,805,802,-3,35,837,92,117.0,75.0,337,952.0,7.0,937,959.0,1.0,0,0,,22.0,0.0,0.0,0.0,0.0,54.0,41.0,WNW,10.0,0.0,50.0,52.0,NNW,12.0,0.0
2015,12,14,1,UA,1472,N808UA,SFO,DFW,805,803,-2,18,821,214,194.0,172.0,1464,1313.0,4.0,1339,1317.0,0.0,0,0,,,,,,,48.0,56.0,NNW,8.0,0.0,68.0,28.0,SSW,6.0,0.0
2015,12,14,1,UA,1868,N37470,LAX,ORD,805,757,-8,10,807,243,214.0,199.0,1744,1326.0,5.0,1408,1331.0,0.0,0,0,,,,,,,54.0,41.0,WNW,10.0,0.0,48.0,83.0,SSW,15.0,0.0
2015,12,14,1,VX,108,N837VA,LAX,IAD,805,809,4,8,817,290,261.0,245.0,2288,1522.0,8.0,1555,1530.0,0.0,0,0,,,,,,,54.0,41.0,WNW,10.0,0.0,68.0,73.0,SSE,13.0,0.0
2015,12,14,1,WN,1628,N523SW,HOU,HRL,805,800,-5,8,808,60,55.0,44.0,277,852.0,3.0,905,855.0,0.0,0,0,,,,,,,32.0,93.0,S,2.0,0.0,66.0,73.0,S,5.0,0.0
2015,12,14,1,WN,2510,N373SW,LAS,ONT,805,759,-6,11,810,55,49.0,35.0,197,845.0,3.0,900,848.0,0.0,0,0,,,,,,,47.0,39.0,NNW,7.0,0.0,49.0,44.0,VAR,3.0,0.0
2015,12,14,1,WN,667,N779SW,MCI,MKE,805,810,5,12,822,90,85.0,68.0,436,930.0,5.0,935,935.0,0.0,0,0,,,,,,,39.0,100.0,WSW,16.0,0.0,55.0,86.0,SSW,13.0,0.0
2015,12,14,1,WN,1480,N787SA,MCO,ATL,805,759,-6,29,828,95,101.0,62.0,404,930.0,10.0,940,940.0,0.0,0,0,,,,,,,72.0,93.0,S,9.0,0.0,68.0,84.0,S,14.0,0.0
2015,12,14,1,WN,389,N394SW,BWI,BNA,805,759,-6,8,807,120,107.0,95.0,587,842.0,4.0,905,846.0,0.0,0,0,,,,,,,56.0,97.0,CALM,0.0,0.0,59.0,67.0,S,18.0,0.0
2015,12,14,1,WN,608,N8653A,DAL,MCO,805,803,-2,5,808,150,141.0,130.0,973,1118.0,6.0,1135,1124.0,0.0,0,0,,,,,,,50.0,66.0,WSW,3.0,0.0,79.0,72.0,S,14.0,0.0
2015,12,14,1,WN,2842,N207WN,SNA,PHX,805,802,-3,16,818,70,94.0,71.0,338,1029.0,7.0,1015,1036.0,1.0,0,0,,21.0,0.0,0.0,0.0,0.0,53.0,40.0,NW,9.0,0.0,47.0,86.0,ESE,6.0,0.0
2015,12,14,1,WN,4042,N384SW,ATL,BOS,805,802,-3,11,813,150,141.0,121.0,946,1014.0,9.0,1035,1023.0,0.0,0,0,,,,,,,68.0,87.0,S,12.0,0.0,46.0,93.0,CALM,0.0,0.0
2015,12,14,1,WN,622,N240WN,AUS,EWR,805,800,-5,11,811,205,205.0,185.0,1504,1216.0,9.0,1230,1225.0,0.0,0,0,,,,,,,55.0,55.0,SW,8.0,0.0,58.0,93.0,SSE,6.0,0.0
2015,12,14,1,WN,1788,N620SW,PDX,OAK,805,801,-4,11,812,100,89.0,72.0,543,924.0,6.0,945,930.0,0.0,0,0,,,,,,,41.0,89.0,S,8.0,0.0,50.0,54.0,NNW,13.0,0.0
2015,12,14,1,WN,2092,N433LV,PHX,SAN,805,805,0,8,813,70,67.0,56.0,304,809.0,3.0,815,812.0,0.0,0,0,,,,,,,45.0,90.0,NW,8.0,0.1,57.0,44.0,N,7.0,0.0
2015,12,14,1,WN,2559,N378SW,SAN,SMF,805,804,-1,11,815,95,95.0,80.0,480,935.0,4.0,940,939.0,0.0,0,0,,,,,,,57.0,44.0,N,7.0,0.0,46.0,66.0,NNW,10.0,0.0
2015,12,14,1,WN,2028,N352SW,SLC,LAS,805,806,1,133,1019,85,200.0,60.0,368,1019.0,7.0,830,1026.0,1.0,0,0,,116.0,0.0,0.0,0.0,0.0,29.0,96.0,W,17.0,0.0,47.0,39.0,NNW,7.0,0.0
2015,12,14,1,WN,2779,N797MX,MDW,ATL,805,805,0,16,821,115,117.0,91.0,591,1052.0,10.0,1100,1102.0,0.0,0,0,,,,,,,54.0,80.0,SW,39.0,0.0,62.0,86.0,SW,13.0,0.0
2015,12,14,1,WN,365,N710SW,MDW,AUS,805,806,1,12,818,165,157.0,140.0,972,1038.0,5.0,1050,1043.0,0.0,0,0,,,,,,,54.0,80.0,SW,39.0,0.0,67.0,34.0,SSW,9.0,0.0
2015,12,14,1,WN,2010,N467WN,MDW,MSP,805,850,45,20,910,85,85.0,58.0,349,1008.0,7.0,930,1015.0,1.0,0,0,,45.0,0.0,0.0,0.0,0.0,54.0,80.0,SW,39.0,0.0,34.0,89.0,N,23.0,0.1
2015,12,14,1,WN,281,N294WN,MDW,OMA,805,805,0,19,824,85,88.0,65.0,423,929.0,4.0,930,933.0,0.0,0,0,,,,,,,54.0,80.0,SW,39.0,0.0,38.0,89.0,NW,28.0,0.0
2015,12,14,1,AA,15,N798AA,JFK,SFO,805,758,-7,53,851,400,406.0,346.0,2586,1137.0,7.0,1145,1144.0,0.0,0,0,,,,,,,55.0,94.0,CALM,0.0,0.0,54.0,49.0,WNW,12.0,0.0
2015,12,14,1,AA,937,N5FNAA,JFK,SJU,805,805,0,58,903,235,259.0,194.0,1598,1317.0,7.0,1300,1324.0,1.0,0,0,,24.0,0.0,0.0,0.0,0.0,55.0,94.0,CALM,0.0,0.0,85.0,61.0,E,15.0,0.0
2015,12,14,1,AA,1280,N4YEAA,DFW,DTW,805,801,-4,12,813,152,136.0,115.0,986,1108.0,9.0,1137,1117.0,0.0,0,0,,,,,,,50.0,61.0,SW,8.0,0.0,57.0,89.0,SSE,16.0,0.1
2015,12,14,1,AA,1815,N803AW,PWM,CLT,805,757,-8,27,824,165,177.0,143.0,813,1047.0,7.0,1050,1054.0,0.0,0,0,,,,,,,45.0,80.0,SSE,3.0,0.0,66.0,83.0,SSE,16.0,0.0
2015,12,14,1,AA,1848,N151UW,MCO,PHL,805,801,-4,25,826,143,167.0,138.0,861,1044.0,4.0,1028,1048.0,1.0,0,0,,20.0,0.0,0.0,0.0,0.0,72.0,93.0,S,9.0,0.0,59.0,90.0,E,3.0,0.0
2015,12,14,1,AA,821,N768US,BUF,CLT,805,759,-6,12,811,128,120.0,91.0,546,942.0,17.0,1013,959.0,0.0,0,0,,,,,,,58.0,67.0,SSE,7.0,0.0,66.0,83.0,SSE,16.0,0.0
2015,12,14,1,AA,1753,N112US,SYR,CLT,805,757,-8,11,808,146,132.0,110.0,603,958.0,11.0,1031,1009.0,0.0,0,0,,,,,,,50.0,89.0,CALM,0.0,0.0,66.0,83.0,SSE,16.0,0.0
2015,12,14,1,AS,855,N586AS,PDX,KOA,805,801,-4,12,813,374,337.0,323.0,2607,1136.0,2.0,1219,1138.0,0.0,0,0,,,,,,,41.0,89.0,S,8.0,0.0,74.0,78.0,NE,3.0,0.0
2015,12,14,1,B6,151,N663JB,BOS,MCO,805,758,-7,15,813,198,180.0,160.0,1121,1053.0,5.0,1123,1058.0,0.0,0,0,,,,,,,47.0,86.0,ESE,3.0,0.0,79.0,72.0,S,14.0,0.0
2015,12,14,1,DL,807,N966DL,EWR,ATL,805,803,-2,20,823,156,140.0,114.0,746,1017.0,6.0,1041,1023.0,0.0,0,0,,,,,,,53.0,100.0,NE,3.0,0.0,61.0,90.0,W,14.0,0.0
2015,12,14,1,DL,819,N337NB,BOS,MSP,805,819,14,27,846,207,223.0,189.0,1124,1055.0,7.0,1032,1102.0,1.0,0,0,,30.0,0.0,0.0,0.0,0.0,47.0,86.0,ESE,3.0,0.0,34.0,89.0,N,20.0,0.1
2015,12,14,1,DL,1252,N965DL,ORF,ATL,805,759,-6,9,808,121,106.0,87.0,516,935.0,10.0,1006,945.0,0.0,0,0,,,,,,,67.0,79.0,S,13.0,0.0,61.0,90.0,W,14.0,0.0
2015,12,14,1,DL,485,N842DN,JFK,LAS,805,800,-5,98,938,355,430.0,328.0,2248,1206.0,4.0,1100,1210.0,1.0,0,0,,70.0,0.0,0.0,0.0,0.0,55.0,94.0,CALM,0.0,0.0,53.0,21.0,NW,25.0,0.0
2015,12,14,1,DL,1758,N589NW,RSW,DTW,805,802,-3,14,816,170,154.0,135.0,1084,1031.0,5.0,1055,1036.0,0.0,0,0,,,,,,,72.0,97.0,SSE,10.0,0.0,59.0,81.0,SE,12.0,0.0
2015,12,14,1,DL,1904,N349NW,FLL,DTW,805,804,-1,14,818,181,159.0,140.0,1127,1038.0,5.0,1106,1043.0,0.0,0,0,,,,,,,80.0,79.0,SSE,14.0,0.0,57.0,89.0,SSE,16.0,0.1
2015,12,14,1,DL,2103,N945DL,LGA,TPA,805,757,-8,28,825,185,181.0,149.0,1010,1054.0,4.0,1110,1058.0,0.0,0,0,,,,,,,51.0,96.0,NE,5.0,0.0,78.0,81.0,S,12.0,0.0
2015,12,14,1,DL,2233,N955DL,MCI,ATL,805,800,-5,15,815,124,124.0,98.0,692,1053.0,11.0,1109,1104.0,0.0,0,0,,,,,,,39.0,100.0,WSW,16.0,0.0,62.0,86.0,SW,13.0,0.0
2015,12,14,1,DL,2600,N906AT,JFK,FLL,805,759,-6,60,859,204,209.0,147.0,1069,1126.0,2.0,1129,1128.0,0.0,0,0,,,,,,,55.0,94.0,CALM,0.0,0.0,82.0,74.0,SSE,16.0,0.0
2015,12,14,1,DL,2635,N816DN,JFK,MCO,805,804,-1,61,905,186,204.0,137.0,944,1122.0,6.0,1111,1128.0,1.0,0,0,,17.0,0.0,0.0,0.0,0.0,55.0,94.0,CALM,0.0,0.0,79.0,72.0,S,14.0,0.0
2015,12,14,1,OO,5264,N970SW,ISN,DEN,806,753,-13,24,817,129,127.0,95.0,576,852.0,8.0,915,900.0,0.0,0,0,,,,,,,26.0,92.0,N,5.0,0.0,30.0,69.0,W,9.0,0.0
2015,12,14,1,UA,598,N38417,DEN,PDX,806,801,-5,36,837,177,170.0,131.0,991,948.0,3.0,1003,951.0,0.0,0,0,,,,,,,26.0,78.0,W,8.0,0.0,42.0,85.0,WSW,6.0,0.0
2015,12,14,1,B6,104,N566JB,SJU,JFK,806,801,-5,13,814,234,233.0,210.0,1598,1044.0,10.0,1100,1054.0,0.0,0,0,,,,,,,79.0,77.0,ESE,7.0,0.0,57.0,93.0,SSE,6.0,0.0
2015,12,14,1,UA,319,N38467,IAD,LAX,807,801,-6,18,819,355,347.0,306.0,2288,1025.0,23.0,1102,1048.0,0.0,0,0,,,,,,,60.0,93.0,SSE,12.0,0.0,58.0,32.0,W,14.0,0.0
2015,12,14,1,B6,736,N503JB,LGB,SFO,807,818,11,9,827,88,91.0,72.0,354,939.0,10.0,935,949.0,0.0,0,0,,,,,,,54.0,41.0,NNW,10.0,0.0,50.0,52.0,NNW,12.0,0.0
2015,12,14,1,HA,333,N476HA,HNL,LIH,808,757,-11,16,813,41,42.0,21.0,102,834.0,5.0,849,839.0,0.0,0,0,,,,,,,76.0,76.0,NW,5.0,0.0,50.0,52.0,NNW,12.0,0.0
2015,12,14,1,B6,114,N590JB,FLL,HPN,808,758,-10,15,813,171,,,1097,,,1059,,1.0,1,0,,,,,,,80.0,79.0,SSE,14.0,0.0,53.0,96.0,ESE,5.0,0.0
2015,12,14,1,B6,493,N809JB,BOS,DEN,808,828,20,13,841,290,258.0,237.0,1754,1038.0,8.0,1058,1046.0,0.0,0,0,,,,,,,47.0,86.0,ESE,3.0,0.0,33.0,61.0,WNW,7.0,0.0
2015,12,14,1,HA,368,N487HA,HNL,KOA,809,803,-6,11,814,46,45.0,29.0,163,843.0,5.0,855,848.0,0.0,0,0,,,,,,,76.0,76.0,NW,5.0,0.0,,,,,
2015,12,14,1,UA,207,N77867,BOS,SFO,809,809,0,11,820,400,374.0,354.0,2704,1114.0,9.0,1149,1123.0,0.0,0,0,,,,,,,47.0,86.0,ESE,3.0,0.0,54.0,49.0,WNW,12.0,0.0
2015,12,14,1,UA,298,N467UA,DFW,EWR,809,806,-3,12,818,202,191.0,169.0,1372,1207.0,10.0,1231,1217.0,0.0,0,0,,,,,,,50.0,61.0,SW,8.0,0.0,58.0,93.0,SSE,6.0,0.0
2015,12,14,1,EV,3829,N21537,MCI,ORD,810,805,-5,18,823,94,103.0,72.0,403,935.0,13.0,944,948.0,0.0,0,0,,,,,,,39.0,100.0,WSW,16.0,0.0,50.0,83.0,WSW,15.0,0.0
2015,12,14,1,EV,4399,N14204,MAF,IAH,810,800,-10,10,810,90,77.0,60.0,429,910.0,7.0,940,917.0,0.0,0,0,,,,,,,27.0,93.0,CALM,0.0,0.0,58.0,67.0,SW,10.0,0.0
2015,12,14,1,EV,4893,N843AS,CHA,ATL,810,818,8,29,847,61,70.0,35.0,106,922.0,6.0,911,928.0,1.0,0,0,,9.0,0.0,8.0,0.0,0.0,59.0,90.0,SSW,14.0,0.1,68.0,84.0,S,14.0,0.0
2015,12,14,1,EV,5162,N752EV,ATL,FAY,810,805,-5,17,822,77,76.0,56.0,331,918.0,3.0,927,921.0,0.0,0,0,,,,,,,68.0,87.0,S,12.0,0.0,68.0,84.0,S,14.0,0.0
2015,12,14,1,EV,5293,N200PQ,ATL,JAN,810,807,-3,16,823,84,77.0,58.0,341,821.0,3.0,834,824.0,0.0,0,0,,,,,,,68.0,87.0,S,12.0,0.0,55.0,81.0,,0.0,0.0
2015,12,14,1,EV,5331,N924EV,ATL,XNA,810,810,0,12,822,121,125.0,109.0,589,911.0,4.0,911,915.0,0.0,0,0,,,,,,,68.0,87.0,S,12.0,0.0,41.0,86.0,WSW,20.0,0.0
2015,12,14,1,EV,5370,N181PQ,ATL,HSV,810,808,-2,30,838,59,64.0,30.0,151,808.0,4.0,809,812.0,0.0,0,0,,,,,,,68.0,87.0,S,12.0,0.0,57.0,81.0,S,12.0,0.0
2015,12,14,1,EV,5538,N849AS,ATL,CHA,810,809,-1,15,824,48,46.0,26.0,106,850.0,5.0,858,855.0,0.0,0,0,,,,,,,68.0,87.0,S,12.0,0.0,59.0,90.0,SSW,14.0,0.1
2015,12,14,1,F9,1307,N219FR,ORD,PHX,810,836,26,28,904,242,236.0,201.0,1440,1125.0,7.0,1112,1132.0,1.0,0,0,,20.0,0.0,0.0,0.0,0.0,53.0,89.0,SW,20.0,0.0,50.0,77.0,E,3.0,0.0
2015,12,14,1,EV,2773,N884AS,DFW,BTR,810,823,13,12,835,76,66.0,51.0,383,926.0,3.0,926,929.0,0.0,0,0,,,,,,,50.0,61.0,SW,8.0,0.0,62.0,75.0,SW,10.0,0.0
2015,12,14,1,NK,815,N631NK,ORD,MSY,810,805,-5,10,815,140,132.0,118.0,837,1013.0,4.0,1030,1017.0,0.0,0,0,,,,,,,53.0,89.0,SW,20.0,0.0,67.0,57.0,SSW,9.0,0.0
2015,12,14,1,OO,6523,N732SK,LAX,AUS,810,801,-9,39,840,181,184.0,136.0,1242,1256.0,9.0,1311,1305.0,0.0,0,0,,,,,,,54.0,41.0,WNW,10.0,0.0,73.0,34.0,SSW,14.0,0.0
2015,12,14,1,NK,188,N534NK,LAS,DTW,810,802,-8,13,815,234,234.0,199.0,1749,1434.0,22.0,1504,1456.0,0.0,0,0,,,,,,,47.0,39.0,NNW,7.0,0.0,52.0,77.0,SSW,20.0,0.0
2015,12,14,1,UA,1408,N11206,SAT,IAH,810,758,-12,12,810,67,65.0,38.0,191,848.0,15.0,917,903.0,0.0,0,0,,,,,,,53.0,64.0,NNW,3.0,0.0,58.0,67.0,SW,10.0,0.0
2015,12,14,1,UA,1866,N33289,AUS,IAH,810,809,-1,12,821,61,57.0,33.0,140,854.0,12.0,911,906.0,0.0,0,0,,,,,,,55.0,55.0,SW,8.0,0.0,58.0,67.0,SW,10.0,0.0
2015,12,14,1,VX,201,N841VA,ORD,SFO,810,809,-1,10,819,290,261.0,242.0,1846,1021.0,9.0,1100,1030.0,0.0,0,0,,,,,,,53.0,89.0,SW,20.0,0.0,54.0,49.0,WNW,12.0,0.0
2015,12,14,1,WN,4034,N8665D,ISP,MCO,810,806,-4,14,820,180,157.0,136.0,971,1036.0,7.0,1110,1043.0,0.0,0,0,,,,,,,56.0,97.0,SE,5.0,0.0,79.0,72.0,S,14.0,0.0
2015,12,14,1,WN,2902,N243WN,LAX,HOU,810,809,-1,11,820,185,171.0,154.0,1390,1254.0,6.0,1315,1300.0,0.0,0,0,,,,,,,54.0,41.0,WNW,10.0,0.0,72.0,35.0,VAR,5.0,0.0
2015,12,14,1,WN,3114,N466WN,BWI,JAX,810,803,-7,10,813,125,114.0,99.0,663,952.0,5.0,1015,957.0,0.0,0,0,,,,,,,56.0,97.0,CALM,0.0,0.0,74.0,85.0,S,12.0,0.0
2015,12,14,1,WN,2736,N7811F,BWI,PBI,810,810,0,14,824,150,147.0,128.0,883,1032.0,5.0,1040,1037.0,0.0,0,0,,,,,,,56.0,97.0,CALM,0.0,0.0,81.0,69.0,S,15.0,0.0
2015,12,14,1,WN,2119,N415WN,BWI,RDU,810,808,-2,10,818,70,61.0,47.0,255,905.0,4.0,920,909.0,0.0,0,0,,,,,,,56.0,97.0,CALM,0.0,0.0,67.0,81.0,S,10.0,0.0
2015,12,14,1,WN,434,N474WN,BWI,SDF,810,812,2,13,825,110,109.0,91.0,495,956.0,5.0,1000,1001.0,0.0,0,0,,,,,,,56.0,97.0,CALM,0.0,0.0,60.0,64.0,SW,16.0,0.0
2015,12,14,1,WN,2303,N657SW,DEN,LAS,810,854,44,12,906,115,108.0,92.0,628,938.0,4.0,905,942.0,1.0,0,0,,0.0,0.0,37.0,0.0,0.0,26.0,78.0,W,8.0,0.0,49.0,29.0,NNW,15.0,0.0
2015,12,14,1,WN,1113,N386SW,DEN,OAK,810,811,1,10,821,165,150.0,133.0,957,934.0,7.0,955,941.0,0.0,0,0,,,,,,,26.0,78.0,W,8.0,0.0,50.0,54.0,NNW,13.0,0.0
2015,12,14,1,WN,1574,N408WN,DEN,RNO,810,804,-6,12,816,140,130.0,115.0,804,911.0,3.0,930,914.0,0.0,0,0,,,,,,,26.0,78.0,W,8.0,0.0,33.0,95.0,S,2.0,0.0
2015,12,14,1,WN,1726,N365SW,DEN,SFO,810,810,0,12,822,165,153.0,135.0,967,937.0,6.0,955,943.0,0.0,0,0,,,,,,,26.0,78.0,W,8.0,0.0,50.0,52.0,NNW,12.0,0.0
2015,12,14,1,WN,805,N749SW,DEN,SNA,810,807,-3,20,827,145,168.0,143.0,846,950.0,5.0,935,955.0,1.0,0,0,,20.0,0.0,0.0,0.0,0.0,26.0,78.0,W,8.0,0.0,54.0,37.0,WNW,12.0,0.0
2015,12,14,1,WN,195,N274WN,STL,BOS,810,810,0,6,816,150,134.0,120.0,1047,1116.0,8.0,1140,1124.0,0.0,0,0,,,,,,,49.0,74.0,SW,17.0,0.0,46.0,93.0,E,3.0,0.0
2015,12,14,1,WN,153,N7739A,ATL,FLL,810,806,-4,12,818,110,107.0,86.0,581,944.0,9.0,1000,953.0,0.0,0,0,,,,,,,68.0,87.0,S,12.0,0.0,81.0,77.0,SSE,13.0,0.0
2015,12,14,1,WN,1486,N945WN,BNA,AUS,810,807,-3,12,819,145,132.0,113.0,756,1012.0,7.0,1035,1019.0,0.0,0,0,,,,,,,57.0,74.0,S,16.0,0.0,67.0,34.0,SSW,9.0,0.0
2015,12,14,1,WN,1295,N398SW,PHX,DEN,810,809,-1,8,817,110,86.0,72.0,602,929.0,6.0,1000,935.0,0.0,0,0,,,,,,,45.0,90.0,NW,8.0,0.1,33.0,61.0,WNW,7.0,0.0
2015,12,14,1,WN,2250,N948WN,RSW,BWI,810,806,-4,8,814,140,128.0,116.0,919,1010.0,4.0,1030,1014.0,0.0,0,0,,,,,,,72.0,97.0,SSE,10.0,0.0,63.0,87.0,SSW,6.0,0.0
2015,12,14,1,WN,2407,N703SW,SAN,SFO,810,1211,241,10,1221,90,88.0,74.0,447,1335.0,4.0,940,1339.0,1.0,0,0,,0.0,0.0,239.0,0.0,0.0,57.0,44.0,N,7.0,0.0,50.0,52.0,NNW,12.0,0.0
2015,12,14,1,WN,1273,N624SW,SFO,SAN,810,903,53,30,933,90,98.0,65.0,447,1038.0,3.0,940,1041.0,1.0,0,0,,8.0,0.0,0.0,53.0,0.0,48.0,56.0,NNW,8.0,0.0,57.0,42.0,NE,8.0,0.0
2015,12,14,1,WN,1429,N561WN,MDW,SDF,810,807,-3,12,819,65,69.0,52.0,271,1011.0,5.0,1015,1016.0,0.0,0,0,,,,,,,54.0,80.0,SW,39.0,0.0,60.0,64.0,SW,16.0,0.0
2015,12,14,1,AA,139,N013AA,ATL,MIA,810,822,12,17,839,126,121.0,90.0,594,1009.0,14.0,1016,1023.0,0.0,0,0,,,,,,,68.0,87.0,S,12.0,0.0,79.0,23.0,ESE,14.0,0.0
2015,12,14,1,AA,270,N856AA,HNL,LAX,810,806,-4,17,823,325,322.0,294.0,2556,1517.0,11.0,1535,1528.0,0.0,0,0,,,,,,,76.0,76.0,NW,5.0,0.0,57.0,25.0,N,16.0,0.0
2015,12,14,1,AA,1314,N403AA,TUL,DFW,810,807,-3,14,821,79,69.0,43.0,237,904.0,12.0,929,916.0,0.0,0,0,,,,,,,44.0,73.0,W,17.0,0.0,55.0,49.0,WSW,10.0,0.0
2015,12,14,1,AA,1564,N377AA,MIA,ORD,810,806,-4,11,817,208,180.0,161.0,1197,958.0,8.0,1038,1006.0,0.0,0,0,,,,,,,79.0,79.0,SE,9.0,0.0,50.0,86.0,SSW,15.0,0.0
2015,12,14,1,AA,2314,N868AA,DCA,DFW,810,810,0,12,822,231,205.0,174.0,1192,1016.0,19.0,1101,1035.0,0.0,0,0,,,,,,,58.0,97.0,S,10.0,0.0,62.0,37.0,SW,6.0,0.0
2015,12,14,1,AA,449,N677AW,FLL,CLT,810,802,-8,12,814,121,122.0,104.0,632,958.0,6.0,1011,1004.0,0.0,0,0,,,,,,,80.0,79.0,SSE,14.0,0.0,66.0,83.0,SSE,16.0,0.0
2015,12,14,1,AA,826,N538UW,EWR,CLT,810,806,-4,22,828,127,120.0,92.0,529,1000.0,6.0,1017,1006.0,0.0,0,0,,,,,,,53.0,100.0,NE,3.0,0.0,66.0,83.0,SSE,16.0,0.0
2015,12,14,1,AA,1729,N582UW,DTW,CLT,810,802,-8,16,818,119,125.0,88.0,500,946.0,21.0,1009,1007.0,0.0,0,0,,,,,,,56.0,75.0,SSE,14.0,0.0,66.0,83.0,SSE,16.0,0.0
2015,12,14,1,AA,1797,N838AW,PBI,CLT,810,809,-1,15,824,116,119.0,100.0,590,1004.0,4.0,1006,1008.0,0.0,0,0,,,,,,,78.0,79.0,SSE,16.0,0.0,66.0,83.0,SSE,16.0,0.0
2015,12,14,1,AS,766,N487AS,SEA,BWI,810,805,-5,18,823,304,312.0,291.0,2335,1614.0,3.0,1614,1617.0,0.0,0,0,,,,,,,41.0,73.0,SSE,5.0,0.0,65.0,75.0,SSE,9.0,0.0
2015,12,14,1,AA,210,N3DYAA,LAS,JFK,810,807,-3,19,826,295,295.0,263.0,2248,1549.0,13.0,1605,1602.0,0.0,0,0,,,,,,,47.0,39.0,NNW,7.0,0.0,57.0,88.0,S,14.0,0.0
2015,12,14,1,B6,459,N329JB,BOS,PHL,810,854,44,36,930,94,119.0,78.0,280,1048.0,5.0,944,1053.0,1.0,0,0,,69.0,0.0,0.0,0.0,0.0,47.0,86.0,ESE,3.0,0.0,56.0,93.0,E,3.0,0.0
2015,12,14,1,DL,1147,N954AT,ATL,OKC,810,816,6,26,842,144,139.0,109.0,761,931.0,4.0,934,935.0,0.0,0,0,,,,,,,68.0,87.0,S,12.0,0.0,45.0,65.0,WSW,14.0,0.0
2015,12,14,1,DL,1214,N980AT,ATL,GSO,810,818,8,18,836,71,77.0,56.0,306,932.0,3.0,921,935.0,0.0,0,0,,,,,,,68.0,87.0,S,12.0,0.0,64.0,90.0,S,14.0,0.0
2015,12,14,1,DL,1279,N995AT,ATL,DAL,810,816,6,14,830,140,141.0,122.0,721,932.0,5.0,930,937.0,0.0,0,0,,,,,,,68.0,87.0,S,12.0,0.0,56.0,47.0,W,7.0,0.0
2015,12,14,1,DL,110,N832DN,ATL,LAX,810,838,28,18,856,310,301.0,270.0,1947,1026.0,13.0,1020,1039.0,1.0,0,0,,0.0,0.0,14.0,5.0,0.0,68.0,87.0,S,12.0,0.0,57.0,33.0,W,15.0,0.0
2015,12,14,1,DL,475,N387DA,AUS,JFK,810,810,0,10,820,214,196.0,181.0,1521,1221.0,5.0,1244,1226.0,0.0,0,0,,,,,,,55.0,55.0,SW,8.0,0.0,57.0,88.0,S,10.0,0.0
2015,12,14,1,DL,706,N346NB,MIA,DTW,810,806,-4,12,818,186,167.0,146.0,1145,1044.0,9.0,1116,1053.0,0.0,0,0,,,,,,,79.0,79.0,SE,9.0,0.0,57.0,89.0,SSE,16.0,0.1
2015,12,14,1,DL,2049,N807DN,ATL,SFO,810,818,8,26,844,328,322.0,291.0,2139,1035.0,5.0,1038,1040.0,0.0,0,0,,,,,,,68.0,87.0,S,12.0,0.0,51.0,50.0,N,10.0,0.0
2015,12,14,1,DL,2126,N975DL,PIT,ATL,810,801,-9,16,817,125,113.0,91.0,526,948.0,6.0,1015,954.0,0.0,0,0,,,,,,,53.0,71.0,SE,7.0,0.0,61.0,90.0,W,14.0,0.0
2015,12,14,1,DL,2190,N320NB,JFK,MIA,810,804,-6,65,909,205,230.0,158.0,1089,1147.0,7.0,1135,1154.0,1.0,0,0,,19.0,0.0,0.0,0.0,0.0,55.0,94.0,CALM,0.0,0.0,82.0,71.0,SSE,13.0,0.0
2015,12,14,1,DL,2203,N835DN,ATL,LAS,810,808,-2,12,820,278,263.0,246.0,1747,926.0,5.0,948,931.0,0.0,0,0,,,,,,,68.0,87.0,S,12.0,0.0,49.0,29.0,NNW,15.0,0.0
2015,12,14,1,DL,2347,N661DN,ATL,MCI,810,816,6,18,834,133,123.0,101.0,692,915.0,4.0,923,919.0,0.0,0,0,,,,,,,68.0,87.0,S,12.0,0.0,39.0,87.0,W,20.0,0.0
2015,12,14,1,DL,2350,N908DE,ATL,JFK,810,815,5,14,829,138,133.0,107.0,760,1016.0,12.0,1028,1028.0,0.0,0,0,,,,,,,68.0,87.0,S,12.0,0.0,55.0,100.0,SE,7.0,0.0
2015,12,14,1,DL,2419,N982DL,CMH,ATL,810,800,-10,34,834,110,121.0,79.0,447,953.0,8.0,1000,1001.0,0.0,0,0,,,,,,,62.0,60.0,SSE,12.0,0.0,61.0,90.0,W,14.0,0.0
2015,12,14,1,DL,2441,N920DL,ATL,MEM,810,810,0,11,821,85,76.0,60.0,332,821.0,5.0,835,826.0,0.0,0,0,,,,,,,68.0,87.0,S,12.0,0.0,54.0,77.0,SSW,20.0,0.0
2015,12,14,1,UA,739,N67827,MCO,DEN,811,814,3,22,836,249,243.0,212.0,1546,1008.0,9.0,1020,1017.0,0.0,0,0,,,,,,,72.0,93.0,S,9.0,0.0,33.0,61.0,WNW,7.0,0.0
2015,12,14,1,DL,1105,N1402A,ATL,SLC,811,823,12,24,847,259,253.0,222.0,1590,1029.0,7.0,1030,1036.0,0.0,0,0,,,,,,,68.0,87.0,S,12.0,0.0,29.0,96.0,W,15.0,0.0
2015,12,14,1,EV,2852,N677AE,SPI,DFW,812,802,-10,5,807,136,116.0,104.0,630,951.0,7.0,1028,958.0,0.0,0,0,,,,,,,50.0,82.0,SSW,14.0,0.0,60.0,39.0,W,9.0,0.0
2015,12,14,1,EV,4120,N13975,LGA,CLE,813,808,-5,30,838,109,109.0,72.0,419,950.0,7.0,1002,957.0,0.0,0,0,,,,,,,51.0,96.0,NE,5.0,0.0,64.0,58.0,S,21.0,0.0
2015,12,14,1,MQ,3176,N845MQ,ABI,DFW,813,805,-8,11,816,66,51.0,31.0,158,847.0,9.0,919,856.0,0.0,0,0,,,,,,,9.0,67.0,ESE,22.0,0.0,55.0,49.0,WSW,10.0,0.0
2015,12,14,1,UA,229,N479UA,IAD,SAN,813,808,-5,13,821,339,331.0,315.0,2253,1036.0,3.0,1052,1039.0,0.0,0,0,,,,,,,60.0,93.0,SSE,12.0,0.0,60.0,39.0,NNW,9.0,0.0
2015,12,14,1,EV,2750,N673AE,TYS,DFW,814,812,-2,12,824,161,150.0,124.0,771,928.0,14.0,955,942.0,0.0,0,0,,,,,,,71.0,57.0,SSW,22.0,0.0,55.0,49.0,WSW,10.0,0.0
2015,12,14,1,UA,270,N36280,BWI,DEN,814,807,-7,10,817,249,251.0,226.0,1491,1003.0,15.0,1023,1018.0,0.0,0,0,,,,,,,56.0,97.0,CALM,0.0,0.0,33.0,61.0,WNW,7.0,0.0
2015,12,14,1,UA,656,N38458,PHX,ORD,814,813,-1,14,827,201,214.0,164.0,1440,1211.0,36.0,1235,1247.0,0.0,0,0,,,,,,,45.0,90.0,NW,8.0,0.1,48.0,87.0,SSW,22.0,0.0
2015,12,14,1,DL,1546,N592NW,ATL,PHX,814,814,0,15,829,260,255.0,236.0,1587,1025.0,4.0,1034,1029.0,0.0,0,0,,,,,,,68.0,87.0,S,12.0,0.0,47.0,86.0,ESE,6.0,0.0
2015,12,14,1,EV,4899,N740EV,LGA,RIC,815,805,-10,31,836,99,93.0,58.0,292,934.0,4.0,954,938.0,0.0,0,0,,,,,,,51.0,96.0,NE,5.0,0.0,47.0,86.0,ESE,6.0,0.0
2015,12,14,1,EV,5493,N137EV,ATL,CAE,815,813,-2,12,825,61,50.0,34.0,192,859.0,4.0,916,903.0,0.0,0,0,,,,,,,68.0,87.0,S,12.0,0.0,67.0,84.0,SE,6.0,0.0
2015,12,14,1,MQ,3122,N838MQ,SAF,DFW,815,804,-11,27,831,105,112.0,71.0,551,1042.0,14.0,1100,1056.0,0.0,0,0,,,,,,,,,,,,62.0,37.0,SW,6.0,0.0
2015,12,14,1,OO,2983,N866AS,GJT,PHX,815,810,-5,26,836,114,134.0,93.0,438,1009.0,15.0,1009,1024.0,1.0,0,0,,15.0,0.0,0.0,0.0,0.0,29.0,85.0,W,5.0,0.0,47.0,86.0,ESE,6.0,0.0
2015,12,14,1,OO,5680,N712SK,OKC,SFO,815,827,12,16,843,221,221.0,197.0,1384,1000.0,8.0,956,1008.0,0.0,0,0,,,,,,,41.0,76.0,WSW,12.0,0.0,50.0,52.0,NNW,12.0,0.0
2015,12,14,1,OO,4441,N607SK,SAT,SLC,815,808,-7,16,824,185,185.0,158.0,1087,1002.0,11.0,1020,1013.0,0.0,0,0,,,,,,,53.0,64.0,NNW,3.0,0.0,29.0,96.0,W,15.0,0.0
2015,12,14,1,OO,4580,N693CA,BNA,MSP,815,811,-4,16,827,137,145.0,117.0,695,1024.0,12.0,1032,1036.0,0.0,0,0,,,,,,,57.0,74.0,S,16.0,0.0,34.0,89.0,N,20.0,0.1
2015,12,14,1,OO,4756,N461SW,SBN,DTW,815,827,12,15,842,66,62.0,42.0,157,924.0,5.0,921,929.0,0.0,0,0,,,,,,,55.0,89.0,S,16.0,0.0,57.0,83.0,SSE,9.0,0.0
2015,12,14,1,OO,5629,N910SW,PSP,SFO,815,805,-10,14,819,98,107.0,85.0,421,944.0,8.0,953,952.0,0.0,0,0,,,,,,,59.0,18.0,NW,18.0,0.0,50.0,52.0,NNW,12.0,0.0
2015,12,14,1,UA,208,N14237,DEN,MCO,815,822,7,11,833,210,195.0,179.0,1546,1332.0,5.0,1345,1337.0,0.0,0,0,,,,,,,26.0,78.0,W,8.0,0.0,81.0,62.0,SSW,14.0,0.0
2015,12,14,1,UA,403,N68801,IAD,DEN,815,812,-3,15,827,245,234.0,202.0,1452,949.0,17.0,1020,1006.0,0.0,0,0,,,,,,,60.0,93.0,SSE,12.0,0.0,33.0,61.0,WNW,7.0,0.0
2015,12,14,1,UA,764,N12218,IAD,BOS,815,815,0,14,829,91,80.0,56.0,413,925.0,10.0,946,935.0,0.0,0,0,,,,,,,60.0,93.0,SSE,12.0,0.0,46.0,87.0,CALM,0.0,0.0
2015,12,14,1,VX,1,N854VA,SFO,DCA,815,808,-7,19,827,300,316.0,291.0,2442,1618.0,6.0,1615,1624.0,0.0,0,0,,,,,,,48.0,56.0,NNW,8.0,0.0,65.0,78.0,S,20.0,0.0
2015,12,14,1,VX,874,N523VA,LAX,DAL,815,821,6,9,830,180,169.0,151.0,1246,1301.0,9.0,1315,1310.0,0.0,0,0,,,,,,,54.0,41.0,WNW,10.0,0.0,67.0,32.0,SSE,3.0,0.0
2015,12,14,1,WN,134,N604SW,LAS,PHX,815,810,-5,11,821,70,89.0,72.0,255,1033.0,6.0,1025,1039.0,0.0,0,0,,,,,,,47.0,39.0,NNW,7.0,0.0,47.0,86.0,ESE,6.0,0.0
2015,12,14,1,WN,187,N252WN,BOS,MCI,815,811,-4,7,818,230,201.0,190.0,1256,1028.0,4.0,1105,1032.0,0.0,0,0,,,,,,,47.0,86.0,ESE,3.0,0.0,39.0,93.0,W,17.0,0.0
2015,12,14,1,WN,373,N631SW,BUF,BWI,815,812,-3,7,819,75,62.0,49.0,281,908.0,6.0,930,914.0,0.0,0,0,,,,,,,58.0,67.0,SSE,7.0,0.0,62.0,90.0,S,6.0,0.0
2015,12,14,1,WN,3101,N496WN,BWI,ATL,815,823,8,15,838,125,116.0,92.0,577,1010.0,9.0,1020,1019.0,0.0,0,0,,,,,,,56.0,97.0,CALM,0.0,0.0,61.0,90.0,W,14.0,0.0
2015,12,14,1,WN,558,N608SW,BWI,TPA,815,813,-2,9,822,150,140.0,128.0,842,1030.0,3.0,1045,1033.0,0.0,0,0,,,,,,,56.0,97.0,CALM,0.0,0.0,78.0,81.0,S,9.0,0.0
2015,12,14,1,WN,3056,N402WN,DEN,LAX,815,809,-6,14,823,150,154.0,130.0,862,933.0,10.0,945,943.0,0.0,0,0,,,,,,,26.0,78.0,W,8.0,0.0,55.0,37.0,W,13.0,0.0
2015,12,14,1,WN,838,N266WN,DEN,ONT,815,811,-4,23,834,135,142.0,114.0,819,928.0,5.0,930,933.0,0.0,0,0,,,,,,,26.0,78.0,W,8.0,0.0,49.0,44.0,VAR,3.0,0.0
2015,12,14,1,WN,246,N741SA,DEN,PDX,815,812,-3,12,824,170,146.0,129.0,991,933.0,5.0,1005,938.0,0.0,0,0,,,,,,,26.0,78.0,W,8.0,0.0,42.0,85.0,WSW,6.0,0.0
2015,12,14,1,WN,166,N258WN,DEN,SJC,815,820,5,23,843,165,154.0,127.0,948,950.0,4.0,1000,954.0,0.0,0,0,,,,,,,26.0,78.0,W,8.0,0.0,50.0,59.0,WNW,17.0,0.0
2015,12,14,1,WN,1389,N387SW,DEN,SLC,815,811,-4,15,826,90,87.0,65.0,391,931.0,7.0,945,938.0,0.0,0,0,,,,,,,26.0,78.0,W,8.0,0.0,29.0,96.0,W,18.0,0.0
2015,12,14,1,WN,2800,N273WN,SNA,SMF,815,814,-1,7,821,90,89.0,76.0,404,937.0,6.0,945,943.0,0.0,0,0,,,,,,,53.0,40.0,NW,9.0,0.0,46.0,66.0,NNW,10.0,0.0
2015,12,14,1,WN,119,N914WN,STL,CMH,815,822,7,7,829,75,72.0,60.0,409,1029.0,5.0,1030,1034.0,0.0,0,0,,,,,,,49.0,74.0,SW,17.0,0.0,57.0,96.0,SSE,8.0,0.1
2015,12,14,1,WN,3162,N416WN,STL,DTW,815,814,-1,9,823,90,81.0,61.0,440,1024.0,11.0,1045,1035.0,0.0,0,0,,,,,,,49.0,74.0,SW,17.0,0.0,59.0,81.0,SE,12.0,0.0
2015,12,14,1,WN,310,N288WN,STL,EWR,815,814,-1,7,821,140,126.0,113.0,872,1114.0,6.0,1135,1120.0,0.0,0,0,,,,,,,49.0,74.0,SW,17.0,0.0,57.0,94.0,VAR,3.0,0.0
2015,12,14,1,WN,2684,N653SW,STL,MKE,815,814,-1,10,824,70,63.0,49.0,317,913.0,4.0,925,917.0,0.0,0,0,,,,,,,49.0,74.0,SW,17.0,0.0,55.0,86.0,SSW,13.0,0.0
2015,12,14,1,WN,137,N7706A,STL,PHL,815,906,51,13,919,120,121.0,101.0,814,1200.0,7.0,1115,1207.0,1.0,0,0,,52.0,0.0,0.0,0.0,0.0,49.0,74.0,SW,17.0,0.0,62.0,86.0,W,5.0,0.0
2015,12,14,1,WN,1208,N7844A,ATL,LAX,815,819,4,18,837,315,306.0,279.0,1947,1016.0,9.0,1030,1025.0,0.0,0,0,,,,,,,68.0,87.0,S,12.0,0.0,57.0,33.0,W,15.0,0.0
2015,12,14,1,WN,1330,N490WN,AUS,ELP,815,808,-7,9,817,95,92.0,80.0,528,837.0,3.0,850,840.0,0.0,0,0,,,,,,,55.0,55.0,SW,8.0,0.0,46.0,87.0,SSE,7.0,0.0
2015,12,14,1,WN,232,N7743B,BDL,TPA,815,811,-4,13,824,195,177.0,159.0,1111,1103.0,5.0,1130,1108.0,0.0,0,0,,,,,,,47.0,97.0,SSE,5.0,0.0,78.0,81.0,S,12.0,0.0
2015,12,14,1,WN,423,N200WN,ONT,OAK,815,814,-1,6,820,75,73.0,61.0,362,921.0,6.0,930,927.0,0.0,0,0,,,,,,,47.0,52.0,CALM,0.0,0.0,50.0,54.0,NNW,13.0,0.0
2015,12,14,1,WN,950,N552WN,PHX,AUS,815,811,-4,8,819,125,113.0,100.0,872,1059.0,5.0,1120,1104.0,0.0,0,0,,,,,,,45.0,90.0,NW,8.0,0.1,71.0,31.0,SSW,9.0,0.0
2015,12,14,1,WN,451,N929WN,PVD,BWI,815,813,-2,10,823,85,77.0,63.0,327,926.0,4.0,940,930.0,0.0,0,0,,,,,,,47.0,97.0,SE,5.0,0.0,62.0,90.0,S,6.0,0.0
2015,12,14,1,WN,676,N293WN,SAT,DAL,815,811,-4,9,820,60,59.0,44.0,248,904.0,6.0,915,910.0,0.0,0,0,,,,,,,53.0,64.0,NNW,3.0,0.0,56.0,47.0,W,7.0,0.0
2015,12,14,1,WN,3143,N750SA,SEA,MKE,815,839,24,12,851,220,222.0,205.0,1694,1416.0,5.0,1355,1421.0,1.0,0,0,,2.0,0.0,2.0,22.0,0.0,41.0,73.0,SSE,5.0,0.0,50.0,83.0,SSW,12.0,0.0
2015,12,14,1,WN,2333,N422WN,SJU,MCO,815,811,-4,14,825,190,178.0,155.0,1189,1000.0,9.0,1025,1009.0,0.0,0,0,,,,,,,79.0,77.0,ESE,7.0,0.0,76.0,85.0,S,16.0,0.0
2015,12,14,1,WN,1887,N7834A,MDW,DCA,815,810,-5,20,830,105,113.0,88.0,601,1058.0,5.0,1100,1103.0,0.0,0,0,,,,,,,54.0,80.0,SW,39.0,0.0,63.0,87.0,S,9.0,0.0
2015,12,14,1,WN,457,N730SW,MDW,SFO,815,812,-3,15,827,290,266.0,245.0,1855,1032.0,6.0,1105,1038.0,0.0,0,0,,,,,,,54.0,80.0,SW,39.0,0.0,54.0,49.0,WNW,12.0,0.0
2015,12,14,1,AA,1410,N3KWAA,LGA,MIA,815,810,-5,29,839,205,191.0,156.0,1096,1115.0,6.0,1140,1121.0,0.0,0,0,,,,,,,51.0,96.0,NE,5.0,0.0,82.0,71.0,SSE,13.0,0.0
2015,12,14,1,AA,1377,N3CYAA,ORD,MIA,815,810,-5,11,821,187,189.0,166.0,1197,1207.0,12.0,1222,1219.0,0.0,0,0,,,,,,,53.0,89.0,SW,20.0,0.0,83.0,69.0,S,13.0,0.0
2015,12,14,1,AA,1530,N4XRAA,ORD,ATL,815,810,-5,15,825,114,126.0,98.0,606,1103.0,13.0,1109,1116.0,0.0,0,0,,,,,,,53.0,89.0,SW,20.0,0.0,83.0,69.0,S,13.0,0.0
2015,12,14,1,AA,1804,N837AW,ATL,PHL,815,811,-4,56,907,124,165.0,106.0,666,1053.0,3.0,1019,1056.0,1.0,0,0,,37.0,0.0,0.0,0.0,0.0,68.0,87.0,S,12.0,0.0,83.0,69.0,S,13.0,0.0
2015,12,14,1,AA,1818,N954UW,PHL,BOS,815,810,-5,22,832,81,72.0,43.0,280,915.0,7.0,936,922.0,0.0,0,0,,,,,,,55.0,93.0,ENE,3.0,0.0,46.0,87.0,CALM,0.0,0.0
2015,12,14,1,AA,439,N758US,PHX,SMF,815,809,-6,12,821,124,119.0,104.0,647,905.0,3.0,919,908.0,0.0,0,0,,,,,,,45.0,90.0,NW,8.0,0.1,46.0,66.0,NNW,10.0,0.0
2015,12,14,1,AA,506,N824AW,OMA,PHX,815,811,-4,26,837,174,197.0,159.0,1037,1016.0,12.0,1009,1028.0,1.0,0,0,,19.0,0.0,0.0,0.0,0.0,37.0,93.0,NW,21.0,0.1,47.0,86.0,ESE,6.0,0.0
2015,12,14,1,AA,561,N184US,DFW,PHX,815,813,-2,23,836,170,191.0,151.0,868,1007.0,17.0,1005,1024.0,1.0,0,0,,19.0,0.0,0.0,0.0,0.0,50.0,61.0,SW,8.0,0.0,47.0,86.0,ESE,6.0,0.0
2015,12,14,1,B6,2918,N625JB,JFK,BOS,815,806,-9,64,910,70,104.0,35.0,187,945.0,5.0,925,950.0,1.0,0,0,,25.0,0.0,0.0,0.0,0.0,55.0,94.0,CALM,0.0,0.0,46.0,87.0,CALM,0.0,0.0
2015,12,14,1,DL,1184,N960DN,PBI,ATL,815,838,23,12,850,113,97.0,74.0,545,1004.0,11.0,1008,1015.0,0.0,0,0,,,,,,,78.0,79.0,SSE,16.0,0.0,61.0,90.0,W,14.0,0.0
2015,12,14,1,DL,1193,N959DL,GSO,ATL,815,808,-7,29,837,90,91.0,54.0,306,931.0,8.0,945,939.0,0.0,0,0,,,,,,,63.0,94.0,S,12.0,0.0,68.0,84.0,S,14.0,0.0
2015,12,14,1,DL,413,N198DN,JFK,SFO,815,815,0,77,932,404,422.0,336.0,2586,1208.0,9.0,1159,1217.0,1.0,0,0,,18.0,0.0,0.0,0.0,0.0,55.0,94.0,CALM,0.0,0.0,54.0,49.0,WNW,12.0,0.0
2015,12,14,1,DL,1692,N814DN,ATL,SAN,815,825,10,27,852,292,301.0,270.0,1892,1022.0,4.0,1007,1026.0,1.0,0,0,,9.0,0.0,10.0,0.0,0.0,68.0,87.0,S,12.0,0.0,60.0,39.0,NNW,9.0,0.0
2015,12,14,1,DL,2068,N333NB,SAT,JFK,815,810,-5,12,822,224,217.0,195.0,1587,1237.0,10.0,1259,1247.0,0.0,0,0,,,,,,,53.0,64.0,NNW,3.0,0.0,57.0,88.0,S,10.0,0.0
2015,12,14,1,DL,2155,N934DL,JFK,MSY,815,813,-2,100,953,225,277.0,173.0,1182,1146.0,4.0,1100,1150.0,1.0,0,0,,50.0,0.0,0.0,0.0,0.0,55.0,94.0,CALM,0.0,0.0,69.0,42.0,SW,9.0,0.0
2015,12,14,1,DL,1492,N338NW,PHX,MSP,815,907,52,39,946,189,200.0,154.0,1276,1320.0,7.0,1224,1327.0,1.0,0,0,,63.0,0.0,0.0,0.0,0.0,45.0,90.0,NW,8.0,0.1,34.0,85.0,N,21.0,0.0
2015,12,14,1,DL,1563,N963DL,MEM,ATL,815,815,0,12,827,78,70.0,52.0,332,1019.0,6.0,1033,1025.0,0.0,0,0,,,,,,,54.0,77.0,SSW,20.0,0.0,61.0,90.0,W,14.0,0.0
2015,12,14,1,DL,1633,N926AT,ATL,HOU,815,813,-2,12,825,138,124.0,107.0,696,912.0,5.0,933,917.0,0.0,0,0,,,,,,,68.0,87.0,S,12.0,0.0,61.0,67.0,WSW,10.0,0.0
2015,12,14,1,DL,1652,N310NW,MSY,ATL,815,809,-6,14,823,82,83.0,60.0,425,1023.0,9.0,1037,1032.0,0.0,0,0,,,,,,,59.0,75.0,SSW,7.0,0.0,61.0,90.0,W,14.0,0.0
2015,12,14,1,DL,1672,N981DL,ATL,BUF,815,813,-2,13,826,120,102.0,84.0,712,950.0,5.0,1015,955.0,0.0,0,0,,,,,,,68.0,87.0,S,12.0,0.0,68.0,47.0,S,13.0,0.0
2015,12,14,1,EV,4374,N11539,EWR,BTV,816,814,-2,27,841,76,80.0,46.0,266,927.0,7.0,932,934.0,0.0,0,0,,,,,,,53.0,100.0,NE,3.0,0.0,53.0,66.0,S,15.0,0.0
2015,12,14,1,UA,243,N414UA,TUL,DEN,816,807,-9,10,817,112,95.0,76.0,541,833.0,9.0,908,842.0,0.0,0,0,,,,,,,44.0,73.0,W,17.0,0.0,30.0,69.0,W,9.0,0.0
2015,12,14,1,UA,939,N17244,DEN,IAD,816,826,10,37,903,195,202.0,159.0,1452,1342.0,6.0,1331,1348.0,1.0,0,0,,7.0,0.0,10.0,0.0,0.0,26.0,78.0,W,8.0,0.0,69.0,70.0,S,9.0,0.0
2015,12,14,1,DL,801,N549US,ATL,RSW,816,815,-1,16,831,93,94.0,74.0,515,945.0,4.0,949,949.0,0.0,0,0,,,,,,,68.0,87.0,S,12.0,0.0,77.0,88.0,SSE,10.0,0.0
