YEAR,MONTH,DAY,DAY_OF_WEEK,AIRLINE,FLIGHT_NUMBER,ORIGIN_AIRPORT,DESTINATION_AIRPORT,SCHEDULED_DEPARTURE,SCHEDULED_TIME,DISTANCE,SCHEDULED_ARRIVAL,CANCELLED,ARRIVAL_DELAY,DEPART_TEMP,DEPART_HUMIDITY,DEPART_WINDIR,DEPART_WIND,DEPART_PRECIP,ARRIVAL_TEMP,ARRIVAL_HUMIDITY,ARRIVAL_WINDIR,ARRIVAL_WIND,ARRIVAL_PRECIP
2015,12,5,6,OO,6346,MRY,SFO,545,40,77,625,0,0,43.0,74.0,ESE,5.0,0.0,45.0,93.0,S,3.0,0.0
2015,1,4,7,AA,126,DFW,PHX,1145,160,868,1325,0,0,32.0,52.0,NNW,22.0,0.0,62.0,29.0,NNE,5.0,0.0
2015,12,2,3,DL,2559,SLC,LAX,1100,120,590,1200,0,0,37.0,36.0,NE,5.0,0.0,74.0,11.0,VAR,3.0,0.0
2015,3,5,4,DL,1782,MSO,MSP,545,158,1013,923,0,0,19.0,74.0,CALM,0.0,0.0,2.0,63.0,SW,5.0,0.0
2015,2,6,5,UA,216,EWR,IAH,503,242,1400,805,0,0,10.0,63.0,WSW,9.0,0.0,43.0,89.0,CALM,0.0,0.0
2015,12,1,2,NK,214,LAS,DFW,150,146,1055,616,0,0,35.0,40.0,SSW,7.0,0.0,39.0,82.0,N,6.0,0.0
2015,1,7,3,US,1837,BWI,CLT,515,89,361,644,0,0,19.0,81.0,W,6.0,0.0,29.0,78.0,CALM,0.0,0.0
2015,12,1,2,WN,2119,FNT,BWI,530,105,452,715,0,0,40.0,86.0,ESE,9.0,0.0,48.0,96.0,ENE,8.0,0.1
2015,1,5,1,AA,1674,LAS,MIA,35,268,2174,803,0,1,39.0,45.0,SSW,10.0,0.0,78.0,81.0,E,5.0,0.0
2015,3,10,2,AA,1642,DFW,EWR,800,182,1372,1202,0,0,49.0,97.0,NW,7.0,0.0,51.0,48.0,CALM,0.0,0.0
2015,1,5,1,AA,2459,PHX,DFW,200,120,868,500,0,0,47.0,61.0,ESE,3.0,0.0,23.0,72.0,NNE,6.0,0.0
2015,1,4,7,NK,728,TPA,ORD,1120,167,1012,1307,0,1,79.0,74.0,S,10.0,0.0,21.0,85.0,NNW,17.0,0.0
2015,12,6,7,OO,5462,SPI,ORD,530,61,174,631,0,1,34.0,89.0,S,3.0,0.0,28.0,96.0,S,6.0,0.0
2015,1,4,7,DL,833,SAN,DTW,1144,261,1956,1905,0,1,64.0,43.0,NW,7.0,0.0,25.0,80.0,WNW,17.0,0.0
2015,12,3,4,DL,822,ANC,SEA,45,208,1448,513,0,1,15.0,84.0,CALM,0.0,0.0,48.0,77.0,ESE,15.0,0.0
2015,12,3,4,AS,730,ANC,SEA,500,200,1448,920,0,1,22.0,92.0,CALM,0.0,0.0,86.0,70.0,VAR,2.0,0.0
2015,2,4,3,HA,103,HNL,LIH,523,37,102,600,0,0,72.0,84.0,W,8.0,0.0,71.0,75.0,SW,10.0,0.0
2015,3,10,2,EV,6163,DEN,MCI,755,99,533,1034,0,0,37.0,57.0,WSW,9.0,0.0,52.0,71.0,WNW,3.0,0.0
2015,12,6,7,WN,5933,ALB,BWI,540,85,289,705,0,0,27.0,89.0,CALM,0.0,0.0,28.0,92.0,CALM,0.0,0.0
2015,2,10,2,OO,4749,SLC,ONT,1505,107,558,1552,0,1,49.0,56.0,N,8.0,0.0,80.0,20.0,W,3.0,0.0
2015,12,2,3,EV,2794,DFW,ICT,1110,82,328,1232,0,0,55.0,42.0,NNW,14.0,0.0,50.0,41.0,NW,12.0,0.0
2015,1,6,2,WN,585,DTW,ATL,600,130,594,810,0,1,8.0,83.0,SSW,8.0,0.0,37.0,59.0,W,8.0,
2015,1,4,7,DL,1741,SLC,PDX,1120,123,630,1223,0,0,32.0,66.0,SSE,3.0,0.0,40.0,100.0,ESE,14.0,0.0
2015,3,4,3,DL,2007,SAV,ATL,530,67,214,637,0,0,,,,,,54.0,100.0,SSW,12.0,0.0
2015,2,9,1,AS,500,SEA,SNA,1230,156,978,1506,0,0,88.0,66.0,NW,8.0,0.0,70.0,51.0,WSW,7.0,0.0
2015,1,6,2,AA,330,PBI,ORD,600,197,1144,817,0,0,74.0,79.0,ENE,5.0,0.0,4.0,73.0,WNW,12.0,
2015,1,6,2,WN,234,SEA,PHX,600,165,1107,945,0,0,45.0,93.0,CALM,0.0,0.0,59.0,35.0,E,6.0,
2015,3,4,3,AA,1433,SAT,DFW,535,66,247,641,0,0,45.0,93.0,,0.0,0.0,50.0,96.0,N,9.0,0.0
2015,12,6,7,F9,1138,LAS,AUS,45,155,1090,520,0,0,45.0,31.0,SW,3.0,0.0,,,,,
2015,1,4,7,EV,6023,ATL,ORD,1136,131,606,1247,0,1,61.0,88.0,WSW,12.0,0.0,44.0,85.0,S,10.0,0.0
2015,1,3,6,DL,1556,SRQ,ATL,705,98,444,843,0,0,70.0,97.0,ESE,13.0,0.0,50.0,94.0,ESE,9.0,0.0
2015,12,1,2,UA,1200,SFO,IAH,45,214,1635,619,0,0,50.0,54.0,E,13.0,0.0,50.0,96.0,N,7.0,0.0
2015,12,1,2,UA,1407,PHL,IAH,530,225,1325,815,0,0,49.0,90.0,ENE,7.0,0.0,51.0,96.0,N,7.0,0.0
2015,12,1,2,AA,2033,PHX,IND,35,193,1488,548,0,0,45.0,46.0,CALM,0.0,0.0,46.0,96.0,S,7.0,0.0
2015,1,1,4,US,646,OAK,PHX,600,115,646,855,0,0,42.0,41.0,NE,7.0,0.0,37.0,82.0,CALM,0.0,0.0
2015,3,10,2,DL,928,DEN,LGA,800,220,1620,1340,0,0,43.0,47.0,SW,8.0,0.0,45.0,56.0,ENE,9.0,0.0
2015,12,6,7,F9,1219,PHL,MCO,530,165,861,815,0,0,33.0,85.0,CALM,0.0,0.0,69.0,84.0,N,10.0,0.0
2015,1,7,3,NK,168,PHX,ORD,125,204,1440,549,0,0,52.0,54.0,S,5.0,0.0,1.0,57.0,NW,25.0,0.0
2015,12,5,6,AA,480,PDX,PHX,515,152,1009,847,0,0,46.0,73.0,ESE,10.0,0.0,51.0,38.0,ESE,3.0,0.0
2015,12,6,7,NK,451,PBG,FLL,155,203,1334,518,0,0,26.0,96.0,CALM,0.0,0.0,77.0,82.0,ENE,16.0,0.0
2015,12,1,2,AA,1645,SFO,MIA,30,320,2585,850,0,0,50.0,54.0,E,13.0,0.0,75.0,90.0,N,3.0,0.0
2015,1,4,7,MQ,3542,CHS,MIA,1145,99,489,1324,0,0,72.0,81.0,SW,16.0,0.0,83.0,65.0,SSE,9.0,0.0
2015,1,2,5,NK,612,LAS,MSP,25,181,1299,526,0,1,32.0,45.0,S,8.0,0.0,8.0,67.0,SW,3.0,0.0
2015,3,6,5,AA,1674,LAS,MIA,50,264,2174,814,0,0,48.0,52.0,SSW,10.0,0.0,78.0,74.0,E,7.0,0.0
2015,12,1,2,WN,3087,PHX,ATL,530,205,1587,1055,0,0,41.0,51.0,E,3.0,0.0,62.0,84.0,SE,6.0,0.0
2015,12,1,2,AA,1102,AUS,DFW,505,63,190,608,0,0,47.0,83.0,NNE,12.0,0.0,39.0,82.0,N,6.0,0.0
2015,2,9,1,UA,1566,IAD,MCO,1230,140,758,1450,0,0,38.0,86.0,NE,8.0,0.0,66.0,87.0,NNW,3.0,0.1
2015,1,5,1,AA,1057,DFW,MIA,515,161,1121,856,0,0,23.0,72.0,NNE,6.0,0.0,78.0,81.0,E,5.0,0.0
2015,1,7,3,AA,1028,DEN,ORD,555,149,888,924,0,0,14.0,92.0,E,8.0,0.0,0.0,57.0,NNW,23.0,0.0
2015,2,9,1,EV,5020,CHS,LGA,1240,106,641,1426,1,1,68.0,50.0,WSW,12.0,0.0,26.0,77.0,NE,18.0,0.0
2015,2,10,2,UA,434,SFO,RDU,1500,296,2400,2256,0,0,63.0,58.0,CALM,0.0,0.0,37.0,70.0,NNE,8.0,0.0
2015,2,4,3,US,1737,IAH,PHX,550,176,1009,746,0,0,43.0,93.0,NNE,3.0,0.0,53.0,80.0,E,8.0,0.0
2015,1,4,7,B6,1252,RSW,HPN,1125,165,1102,1410,0,0,82.0,60.0,S,12.0,0.0,48.0,100.0,CALM,0.0,0.0
2015,2,9,1,MQ,3412,ORD,TYS,1240,91,475,1511,0,1,25.0,81.0,N,13.0,0.0,57.0,81.0,N,10.0,0.0
2015,3,5,4,EV,4109,BNA,IAH,545,144,657,809,1,1,21.0,93.0,N,14.0,0.0,39.0,87.0,N,20.0,0.0
2015,12,2,3,EV,4411,LGA,CLE,1106,110,419,1256,0,1,50.0,94.0,NNE,5.0,0.0,48.0,71.0,CALM,0.0,0.0
2015,12,14,1,B6,493,BOS,DEN,808,290,1754,1058,0,0,47.0,86.0,ESE,3.0,0.0,33.0,61.0,WNW,7.0,0.0
2015,1,4,7,UA,376,IAH,EWR,1125,211,1400,1556,0,1,50.0,63.0,NNW,16.0,0.0,54.0,94.0,SW,14.0,0.0
2015,1,5,1,WN,2181,IAD,DEN,540,245,1452,745,0,0,37.0,59.0,WNW,13.0,0.0,12.0,80.0,VAR,7.0,0.0
2015,3,4,3,OO,6204,BFL,DEN,550,149,845,919,0,0,45.0,82.0,CALM,0.0,0.0,12.0,80.0,E,7.0,0.0
2015,2,10,2,OO,4514,SLC,TUS,1505,109,601,1654,0,0,49.0,56.0,N,8.0,0.0,76.0,17.0,NNW,16.0,0.0
2015,3,10,2,WN,1090,BNA,ECP,750,75,401,905,0,0,56.0,93.0,SSE,7.0,0.0,74.0,71.0,SSE,13.0,0.0
2015,12,3,4,AA,1531,PDX,ORD,500,240,1739,1100,0,0,40.0,97.0,ESE,15.0,0.0,43.0,88.0,S,10.0,0.0
2015,3,6,5,DL,2510,RSW,ATL,540,106,515,726,0,0,68.0,96.0,CALM,0.0,0.0,28.0,80.0,N,8.0,0.0
2015,2,12,4,NK,451,PBG,FLL,155,203,1334,518,0,1,13.0,77.0,CALM,0.0,0.0,55.0,86.0,NW,6.0,0.0
2015,1,2,5,OO,7370,BJI,MSP,520,60,199,620,0,1,1.0,75.0,SE,6.0,0.0,7.0,70.0,SSE,6.0,0.0
2015,1,3,6,WN,1063,ONT,OAK,700,80,362,820,0,0,39.0,76.0,CALM,0.0,0.0,41.0,73.0,CALM,0.0,0.0
2015,1,4,7,WN,714,MDW,PHL,1130,110,668,1420,0,1,27.0,81.0,NW,18.0,0.0,53.0,89.0,SSW,8.0,0.0
2015,12,1,2,OO,5210,PHX,LAX,515,93,370,548,0,1,41.0,51.0,E,3.0,0.0,50.0,32.0,ENE,6.0,0.0
2015,3,6,5,UA,1679,SEA,SFO,525,130,679,735,0,0,41.0,79.0,CALM,0.0,0.0,54.0,90.0,E,3.0,0.0
2015,1,5,1,AA,1342,ORD,MIA,500,179,1197,859,0,0,-3.0,68.0,W,14.0,0.0,78.0,81.0,E,5.0,0.0
2015,2,8,7,AA,281,MIA,DFW,600,200,1121,820,0,0,67.0,70.0,E,6.0,0.0,57.0,87.0,S,12.0,0.0
2015,12,5,6,EV,3265,CLL,IAH,545,44,74,629,0,0,39.0,89.0,ENE,5.0,0.0,55.0,82.0,NE,2.0,0.0
2015,2,6,5,US,1724,RDU,PHL,519,76,337,635,0,0,19.0,54.0,CALM,0.0,0.0,15.0,49.0,W,9.0,0.0
2015,2,12,4,US,1724,RDU,PHL,519,76,337,635,0,0,34.0,82.0,CALM,0.0,0.0,31.0,82.0,SSW,6.0,0.0
2015,2,12,4,US,448,SLC,CLT,30,225,1727,615,0,0,39.0,67.0,SE,6.0,0.0,34.0,85.0,NNW,3.0,0.0
2015,12,2,3,DL,2565,LAS,SLC,1102,78,368,1320,0,0,55.0,17.0,CALM,0.0,0.0,36.0,52.0,NNW,12.0,0.0
2015,1,4,7,MQ,2961,EYW,MIA,1124,42,125,1206,0,1,82.0,76.0,ESE,8.0,0.0,81.0,72.0,SE,15.0,0.0
2015,1,2,5,EV,4196,BNA,IAH,545,147,657,812,0,0,37.0,87.0,SSE,3.0,0.0,48.0,96.0,NE,9.0,0.0
2015,2,6,5,AA,304,SLC,DFW,558,162,989,940,0,0,50.0,36.0,SE,9.0,0.0,42.0,62.0,S,10.0,0.0
2015,1,7,3,US,1909,BOS,PHL,530,89,280,659,0,0,18.0,65.0,W,12.0,0.0,22.0,66.0,W,14.0,0.0
2015,1,3,6,UA,1496,SAT,IAH,710,56,191,806,0,0,41.0,93.0,VAR,7.0,0.0,48.0,93.0,WSW,3.0,0.1
2015,3,9,1,OO,6293,ACV,SFO,600,74,250,714,1,1,47.0,97.0,E,3.0,0.0,51.0,100.0,CALM,0.0,0.0
2015,1,4,7,WN,288,CHS,BWI,1140,90,472,1310,0,1,72.0,81.0,SW,16.0,0.0,57.0,83.0,SW,10.0,0.0
2015,12,1,2,EV,6143,CWA,ORD,530,75,213,645,0,0,72.0,69.0,NNE,7.0,0.0,41.0,87.0,WSW,10.0,0.0
2015,12,3,4,AA,2404,LAX,DFW,500,181,1235,1001,0,1,63.0,24.0,NE,7.0,0.0,55.0,51.0,CALM,0.0,0.0
2015,3,5,4,UA,1119,GEG,DEN,545,136,836,901,0,0,27.0,69.0,CALM,0.0,0.0,30.0,41.0,WSW,7.0,0.0
2015,12,2,3,WN,2534,LAX,RNO,1110,80,391,1230,0,0,92.0,6.0,CALM,0.0,0.0,47.0,42.0,NNW,5.0,0.0
2015,12,4,5,WN,2538,SMF,LAX,530,80,373,650,0,0,42.0,92.0,CALM,0.0,0.0,54.0,66.0,NE,5.0,0.0
2015,12,1,2,DL,2485,BNA,ATL,530,70,214,740,0,0,57.0,88.0,NW,9.0,0.1,60.0,83.0,ESE,5.0,0.0
2015,12,4,5,DL,1906,LAX,MSP,45,215,1535,620,0,1,58.0,72.0,VAR,6.0,0.0,22.0,85.0,ESE,6.0,0.0
2015,12,2,3,B6,228,MCO,EWR,1104,158,937,1342,0,1,80.0,74.0,S,14.0,0.0,52.0,93.0,CALM,0.0,0.0
2015,2,9,1,DL,2482,OKC,ATL,1230,119,761,1529,0,0,66.0,37.0,N,8.0,0.0,63.0,67.0,NW,16.0,0.0
2015,1,6,2,DL,1456,RDU,ATL,600,93,356,733,0,0,28.0,72.0,CALM,0.0,0.0,31.0,67.0,W,6.0,0.0
2015,1,4,7,OO,2577,LAX,EUG,1135,135,748,1350,0,1,60.0,57.0,W,6.0,0.0,50.0,77.0,S,10.0,0.0
2015,1,6,2,B6,721,BOS,PBI,600,205,1197,925,0,0,15.0,51.0,WNW,14.0,0.0,78.0,74.0,E,8.0,0.0
2015,1,3,6,B6,1121,PDX,LGB,700,136,846,916,0,0,35.0,96.0,WSW,6.0,0.0,53.0,66.0,VAR,3.0,0.0
2015,1,7,3,HA,218,HNL,KOA,548,42,163,630,0,0,66.0,65.0,NNE,6.0,0.0,51.0,95.0,,0.0,0.0
2015,12,3,4,AA,2399,LAX,DFW,55,171,1235,546,0,0,64.0,24.0,NNE,5.0,0.0,37.0,82.0,S,7.0,0.0
2015,1,6,2,AA,1180,SFO,DFW,600,204,1464,1124,0,1,45.0,90.0,SSW,3.0,0.0,51.0,48.0,NNE,12.0,0.0
2015,12,14,1,AA,2314,DCA,DFW,810,231,1192,1101,0,0,58.0,97.0,S,10.0,0.0,62.0,37.0,SW,6.0,0.0
2015,1,4,7,EV,5549,ATL,SHV,1134,114,551,1228,0,1,61.0,88.0,WSW,12.0,0.0,42.0,58.0,NW,14.0,0.0
2015,12,2,3,WN,2250,BWI,PIT,1105,55,210,1200,0,1,51.0,100.0,ENE,5.0,0.0,46.0,93.0,WSW,3.0,0.0
2015,12,6,7,NK,597,MSP,FLL,115,206,1487,541,0,0,40.0,89.0,CALM,0.0,0.0,77.0,82.0,ENE,16.0,0.0
2015,1,3,6,AA,1011,ELP,DFW,715,105,551,1000,0,0,32.0,100.0,WSW,23.0,0.0,40.0,86.0,WNW,12.0,0.0
2015,12,3,4,OO,7368,ESC,DTW,525,90,306,655,0,0,34.0,87.0,NW,3.0,0.0,36.0,86.0,W,9.0,0.0
2015,2,10,2,DL,1875,TPA,LGA,1500,159,1010,1739,0,0,60.0,67.0,NW,15.0,0.0,36.0,57.0,N,17.0,0.0
2015,1,3,6,AA,1258,LAS,DFW,700,165,1055,1145,0,1,36.0,41.0,SSW,8.0,0.0,41.0,82.0,SSW,5.0,0.0
2015,12,1,2,DL,1091,JAX,ATL,530,67,270,637,0,0,61.0,100.0,CALM,0.0,0.0,60.0,86.0,CALM,0.0,0.0
2015,1,7,3,F9,117,MSP,DEN,545,129,680,654,0,0,-8.0,59.0,NW,14.0,0.0,14.0,92.0,ESE,8.0,0.0
2015,2,10,2,OO,2635,MKE,ORD,1456,54,67,1550,0,0,27.0,69.0,ESE,9.0,0.0,31.0,59.0,SE,8.0,0.0
2015,1,2,5,NK,451,PBG,FLL,155,208,1334,523,0,0,28.0,81.0,CALM,0.0,0.0,74.0,93.0,SE,10.0,0.0
2015,1,1,4,WN,4822,LAS,BWI,600,270,2106,1330,0,0,30.0,51.0,S,9.0,0.0,42.0,32.0,SW,12.0,0.0
2015,2,6,5,UA,1596,SMF,DEN,540,140,909,900,0,0,54.0,77.0,SSW,14.0,0.0,61.0,17.0,SW,13.0,0.0
2015,12,1,2,OO,7368,ESC,DTW,525,90,306,655,0,0,39.0,87.0,ESE,16.0,0.0,43.0,93.0,E,5.0,0.0
2015,3,5,4,EV,6082,ATW,ORD,545,65,160,650,0,1,-6.0,60.0,WNW,9.0,0.0,4.0,58.0,NW,10.0,0.0
2015,2,6,5,NK,103,BOS,MYR,505,140,738,725,0,0,5.0,55.0,WNW,10.0,0.0,27.0,59.0,NNE,5.0,0.0
2015,12,1,2,AA,375,DEN,DFW,500,124,641,804,0,0,19.0,52.0,SW,12.0,0.0,43.0,82.0,NE,6.0,0.0
2015,12,5,6,UA,1803,SJU,EWR,153,260,1608,513,0,0,79.0,82.0,CALM,0.0,0.0,39.0,73.0,CALM,0.0,0.0
2015,2,10,2,DL,1374,SLC,OAK,1505,115,588,1600,0,0,49.0,56.0,N,8.0,0.0,60.0,49.0,NW,9.0,0.0
2015,1,5,1,UA,1540,DCA,IAH,545,209,1208,814,0,0,44.0,43.0,WNW,13.0,0.0,33.0,72.0,NNE,10.0,0.0
2015,1,7,3,US,1749,BOS,CLT,500,145,728,725,0,0,18.0,65.0,W,12.0,0.0,32.0,75.0,CALM,0.0,0.0
2015,1,3,6,UA,1479,EWR,STT,715,250,1634,1225,0,0,33.0,66.0,ENE,8.0,0.0,86.0,59.0,E,22.0,0.0
2015,3,9,1,US,650,BOS,CLT,600,156,728,836,0,0,,,,,,54.0,40.0,W,5.0,0.0
2015,12,5,6,AA,2272,SAT,DFW,540,63,247,643,0,0,41.0,82.0,CALM,0.0,0.0,37.0,82.0,SE,5.0,0.0
2015,12,4,5,DL,1091,JAX,ATL,530,67,270,637,0,1,38.0,68.0,WNW,8.0,0.0,39.0,67.0,ENE,10.0,0.0
2015,1,7,3,UA,1045,GEG,DEN,545,141,836,906,0,0,32.0,100.0,NNE,7.0,0.0,14.0,92.0,SE,5.0,0.0
2015,2,12,4,AA,2454,BOS,MIA,515,210,1258,845,0,0,17.0,68.0,N,5.0,0.0,66.0,54.0,VAR,5.0,0.0
2015,12,2,3,WN,771,DAL,LAX,1110,205,1246,1235,0,1,53.0,48.0,NNW,12.0,0.0,74.0,11.0,VAR,3.0,0.0
2015,3,6,5,US,568,PDX,PHX,520,150,1009,850,0,0,37.0,89.0,CALM,0.0,0.0,62.0,21.0,NE,12.0,0.0
2015,1,3,6,US,2077,MCI,CLT,700,135,808,1015,0,0,32.0,92.0,NNE,5.0,0.0,50.0,86.0,NE,5.0,0.0
2015,1,6,2,WN,689,MKE,DEN,600,170,896,750,0,0,2.0,72.0,W,10.0,0.0,31.0,89.0,WSW,12.0,0.0
2015,1,4,7,AA,1554,DFW,SNA,1135,195,1205,1250,0,1,32.0,52.0,NNW,22.0,0.0,69.0,27.0,CALM,0.0,0.0
2015,12,1,2,WN,3101,PWM,BWI,530,110,452,720,0,0,21.0,88.0,W,3.0,0.0,48.0,96.0,ENE,8.0,0.1
2015,12,2,3,B6,1479,DCA,FLL,1100,154,899,1334,0,0,54.0,100.0,CALM,0.0,0.0,78.0,93.0,S,9.0,0.1
2015,12,4,5,MQ,3490,FAR,ORD,530,131,557,741,0,0,20.0,81.0,SSE,10.0,0.0,32.0,96.0,SW,6.0,0.0
2015,1,3,6,DL,1305,PBI,ATL,700,109,545,849,0,0,78.0,79.0,SE,16.0,0.0,50.0,94.0,ESE,9.0,0.0
2015,3,4,3,US,403,IND,PHX,545,243,1488,748,0,0,33.0,75.0,NW,9.0,0.0,50.0,71.0,WSW,5.0,0.0
2015,1,6,2,DL,1244,SRQ,ATL,600,99,444,739,0,0,57.0,83.0,NE,8.0,0.0,31.0,67.0,W,6.0,0.0
2015,12,14,1,EV,2852,SPI,DFW,812,136,630,1028,0,0,50.0,82.0,SSW,14.0,0.0,60.0,39.0,W,9.0,0.0
2015,1,4,7,AA,2488,DFW,EWR,1130,185,1372,1535,0,1,32.0,52.0,NNW,22.0,0.0,54.0,94.0,SW,14.0,0.0
2015,2,4,3,US,1904,DCA,CLT,535,87,331,702,0,0,31.0,59.0,SSW,6.0,0.0,29.0,72.0,S,5.0,0.0
2015,1,2,5,WN,944,SMF,DEN,545,155,909,920,0,0,28.0,93.0,CALM,0.0,0.0,21.0,74.0,SW,15.0,0.0
2015,1,1,4,EV,3268,ATL,IAD,540,105,534,725,0,0,33.0,75.0,NW,3.0,0.0,21.0,71.0,CALM,0.0,0.0
2015,1,2,5,NK,409,ORD,FLL,530,188,1182,938,0,0,19.0,85.0,CALM,0.0,0.0,78.0,81.0,SE,17.0,0.0
2015,2,9,1,DL,1681,PHX,SLC,1230,100,507,1410,0,0,75.0,31.0,CALM,0.0,0.0,50.0,83.0,SSE,9.0,0.0
2015,12,1,2,WN,2119,FNT,BWI,530,105,452,715,0,0,40.0,86.0,ESE,9.0,0.0,48.0,96.0,ENE,8.0,0.1
2015,12,5,6,DL,2489,PHL,DTW,545,104,453,729,0,0,36.0,73.0,NNW,6.0,0.0,28.0,100.0,SSE,6.0,0.0
2015,1,3,6,WN,1753,TUL,MDW,700,110,583,850,0,0,36.0,100.0,WNW,7.0,0.0,34.0,96.0,E,6.0,0.0
2015,12,1,2,WN,2628,STL,PHX,530,215,1262,805,0,0,37.0,76.0,WSW,6.0,0.0,45.0,44.0,ESE,3.0,0.0
2015,1,4,7,B6,164,SRQ,JFK,1135,156,1041,1411,0,1,80.0,71.0,S,18.0,0.0,54.0,86.0,WSW,14.0,0.0
2015,12,1,2,UA,1730,HNL,SFO,29,325,2398,754,0,0,77.0,66.0,ENE,12.0,0.0,45.0,63.0,SE,6.0,0.0
2015,12,6,7,DL,2127,FLL,ATL,545,108,581,733,0,0,77.0,82.0,ENE,16.0,0.0,44.0,60.0,ENE,10.0,0.0
2015,1,4,7,MQ,3045,ORD,TUL,1145,118,585,1343,0,1,24.0,84.0,NW,17.0,0.0,30.0,41.0,NNW,16.0,0.0
2015,1,3,6,AA,1507,SEA,DFW,700,230,1660,1250,0,0,36.0,89.0,SSE,3.0,0.0,45.0,74.0,VAR,5.0,0.0
2015,2,12,4,HA,17,LAS,HNL,145,375,2762,600,0,0,54.0,30.0,SW,6.0,0.0,66.0,75.0,WNW,6.0,0.0
2015,1,3,6,OO,2585,EUG,LAX,705,140,748,925,0,0,30.0,92.0,WSW,7.0,0.0,52.0,61.0,E,5.0,0.0
2015,12,1,2,WN,2425,SFO,PHX,530,105,651,815,0,0,44.0,71.0,SSE,3.0,0.0,45.0,44.0,ESE,3.0,0.0
2015,2,9,1,MQ,3637,DFW,GRR,1235,145,931,1600,0,0,72.0,33.0,NNE,14.0,0.0,26.0,55.0,NNE,8.0,0.0
2015,2,6,5,DL,1269,ORF,ATL,535,119,516,734,0,0,21.0,50.0,VAR,3.0,0.0,29.0,47.0,CALM,0.0,0.0
2015,12,5,6,EV,2758,FSM,DFW,508,77,227,625,0,0,33.0,85.0,E,5.0,0.0,37.0,82.0,SE,5.0,0.0
2015,3,4,3,AS,730,ANC,SEA,505,199,1448,924,0,0,34.0,87.0,CALM,0.0,0.0,43.0,43.0,CALM,0.0,0.0
2015,3,10,2,UA,204,DEN,IAH,755,137,862,1112,0,0,37.0,57.0,WSW,9.0,0.0,55.0,86.0,NW,8.0,0.0
2015,12,1,2,AA,1051,SFO,DFW,59,196,1464,615,0,0,50.0,54.0,E,13.0,0.0,39.0,82.0,N,6.0,0.0
2015,3,9,1,DL,895,LAS,LAX,606,78,236,724,0,0,53.0,40.0,SW,8.0,0.0,56.0,87.0,CALM,0.0,0.0
2015,3,5,4,AA,1055,MCO,DFW,550,180,985,750,1,1,69.0,96.0,S,7.0,0.0,22.0,78.0,N,12.0,0.0
2015,2,10,2,UA,1635,EWR,PHX,1503,346,2133,1849,0,0,37.0,59.0,N,18.0,0.0,74.0,27.0,WSW,3.0,0.0
2015,1,3,6,DL,1550,LAS,MSP,700,186,1299,1206,0,0,36.0,41.0,SSW,8.0,0.0,32.0,66.0,SSW,9.0,0.0
2015,12,5,6,WN,3601,BNA,MCO,550,115,616,845,0,0,29.0,85.0,S,3.0,0.0,71.0,84.0,N,10.0,0.0
2015,12,6,7,OO,2923,ICT,ORD,525,123,588,728,0,0,37.0,82.0,NW,8.0,0.0,28.0,100.0,S,6.0,0.0
2015,3,6,5,OO,7368,ESC,DTW,537,78,306,655,0,0,0.0,66.0,SSW,6.0,0.0,2.0,80.0,S,5.0,0.0
2015,3,9,1,EV,4623,DCA,CLE,600,85,310,725,0,0,38.0,70.0,N,5.0,0.0,33.0,75.0,SW,3.0,0.0
2015,12,1,2,WN,1137,IND,FLL,530,165,1005,815,0,0,46.0,96.0,S,7.0,0.0,78.0,81.0,E,7.0,0.0
2015,2,4,3,DL,2440,SEA,MSP,55,191,1399,606,0,0,75.0,100.0,ENE,1.0,0.0,10.0,84.0,NW,9.0,0.0
2015,1,3,6,B6,288,LAX,BOS,700,319,2611,1519,0,0,46.0,68.0,ENE,6.0,0.0,30.0,59.0,E,10.0,0.0
2015,1,3,6,US,2016,RDU,PHL,700,91,337,831,0,1,46.0,86.0,E,6.0,0.0,36.0,60.0,ENE,6.0,0.0
2015,3,6,5,NK,298,LAS,IAH,144,168,1222,632,0,0,48.0,52.0,SSW,9.0,0.0,30.0,79.0,CALM,0.0,0.0
2015,3,9,1,MQ,3115,MEM,ORD,600,113,491,753,0,0,46.0,89.0,CALM,0.0,0.0,27.0,85.0,SW,3.0,0.0
2015,1,6,2,EV,4393,EWR,IND,559,142,645,821,0,0,19.0,43.0,W,6.0,0.0,15.0,88.0,N,7.0,0.0
2015,12,14,1,DL,801,ATL,RSW,816,93,515,949,0,0,68.0,87.0,S,12.0,0.0,77.0,88.0,SSE,10.0,0.0
2015,3,5,4,EV,4208,SHV,IAH,540,61,192,641,1,1,29.0,89.0,N,14.0,0.0,40.0,86.0,N,21.0,0.1
2015,12,1,2,MQ,3452,GNV,MIA,505,69,294,614,0,1,62.0,96.0,CALM,0.0,0.0,70.0,100.0,CALM,0.0,0.0
2015,12,5,6,AA,2364,CLE,DFW,543,192,1021,755,0,0,33.0,92.0,S,6.0,0.0,38.0,86.0,ESE,5.0,0.0
2015,3,6,5,US,672,PHX,DTW,40,220,1671,620,0,0,61.0,21.0,E,8.0,0.0,2.0,80.0,S,5.0,0.0
2015,3,9,1,MQ,3141,FWA,ORD,602,68,157,610,0,0,28.0,88.0,S,5.0,0.0,26.0,81.0,CALM,0.0,0.0
2015,1,7,3,WN,4826,MDW,MCO,555,160,990,935,0,0,3.0,55.0,NW,22.0,0.0,59.0,46.0,NNW,12.0,0.0
2015,3,4,3,HA,218,HNL,KOA,548,42,163,630,0,0,73.0,68.0,NNW,13.0,0.0,68.0,90.0,,0.0,0.0
2015,2,4,3,AA,1238,ORD,FLL,545,177,1182,942,0,0,20.0,89.0,NNW,9.0,0.0,73.0,61.0,E,14.0,0.0
2015,12,2,3,AA,331,LGA,ORD,1100,168,733,1248,0,0,50.0,94.0,NNE,5.0,0.0,32.0,92.0,WNW,7.0,0.0
2015,3,4,3,DL,2323,TPA,ATL,520,85,406,645,0,0,68.0,87.0,VAR,5.0,0.0,54.0,100.0,SSW,12.0,0.0
2015,2,10,2,VX,958,SFO,SAN,1505,85,447,1630,0,0,63.0,58.0,CALM,0.0,0.0,67.0,61.0,NW,7.0,0.0
2015,3,5,4,EV,4685,BRO,IAH,520,76,308,636,0,0,44.0,93.0,NNW,18.0,0.0,40.0,86.0,N,21.0,0.1
2015,12,1,2,DL,1426,SFO,MSP,5,215,1589,540,0,0,50.0,54.0,E,13.0,0.0,33.0,96.0,ESE,9.0,0.0
2015,1,5,1,US,2010,RDU,PHL,525,76,337,641,0,0,43.0,60.0,WNW,3.0,0.0,40.0,47.0,W,16.0,0.0
2015,1,7,3,EV,4279,DTW,EWR,550,110,488,740,0,0,8.0,64.0,WNW,10.0,0.0,20.0,68.0,W,17.0,0.0
2015,1,2,5,UA,1714,LGA,IAH,545,239,1416,844,0,0,37.0,42.0,W,15.0,0.0,,,,,
2015,1,7,3,AA,1238,ORD,FLL,545,177,1182,942,0,0,1.0,57.0,NW,25.0,0.0,72.0,81.0,NNW,8.0,0.0
2015,1,4,7,US,1727,PHL,LAS,1125,330,2176,1355,0,0,52.0,93.0,SSW,13.0,0.0,52.0,25.0,CALM,0.0,0.0
2015,1,3,6,MQ,2847,STL,LGA,700,140,888,1020,0,0,37.0,93.0,ESE,7.0,0.0,37.0,52.0,E,13.0,0.0
2015,1,4,7,EV,4732,IAH,HRL,1125,75,295,1240,0,0,50.0,63.0,NNW,16.0,0.0,56.0,67.0,N,16.0,0.0
2015,1,5,1,AS,122,ANC,PDX,50,215,1542,525,0,0,6.0,76.0,CALM,0.0,0.0,52.0,86.0,S,15.0,0.0
2015,1,7,3,OO,4472,MKE,DTW,545,78,237,803,0,0,0.0,54.0,NW,17.0,0.0,8.0,67.0,WNW,17.0,0.0
2015,2,10,2,OO,4733,SEA,SJC,1459,118,697,1657,0,0,54.0,69.0,SW,7.0,0.0,60.0,60.0,W,12.0,0.0
2015,12,2,3,F9,906,FLL,TTN,1102,165,1026,1347,0,0,79.0,89.0,SE,15.0,0.0,54.0,93.0,ESE,5.0,0.0
2015,12,2,3,OO,4457,BIS,MSP,1104,91,386,1235,0,0,31.0,59.0,CALM,0.0,0.0,33.0,89.0,WNW,6.0,0.0
2015,12,2,3,UA,1120,EWR,SFO,1100,397,2565,1437,0,0,50.0,96.0,E,5.0,0.0,58.0,47.0,CALM,0.0,0.0
2015,2,10,2,DL,1661,ATL,PHL,1506,127,666,1713,0,0,54.0,51.0,NW,12.0,0.0,37.0,62.0,N,14.0,0.0
2015,1,4,7,DL,1693,ORD,ATL,1130,119,606,1429,0,1,24.0,84.0,NW,17.0,0.0,62.0,70.0,W,15.0,0.0
2015,2,4,3,DL,2079,BOS,DTW,540,140,632,800,0,0,18.0,62.0,SW,6.0,0.0,32.0,80.0,WSW,6.0,0.0
2015,2,12,4,US,425,SEA,PHX,515,164,1107,859,0,0,49.0,93.0,SSE,6.0,0.0,66.0,25.0,E,12.0,0.0
2015,3,10,2,US,582,IAH,PHX,800,193,1009,913,0,0,53.0,93.0,N,7.0,0.0,73.0,19.0,E,10.0,0.0
2015,1,7,3,DL,2511,BNA,ATL,530,72,214,742,0,0,37.0,82.0,CALM,0.0,0.0,32.0,66.0,NW,10.0,0.0
2015,1,2,5,UA,586,AUS,IAH,525,55,140,620,0,0,,,,,,47.0,97.0,NNE,7.0,0.0
2015,3,4,3,DL,1782,MSO,MSP,545,158,1013,923,0,0,12.0,84.0,CALM,0.0,0.0,5.0,55.0,W,14.0,0.0
2015,2,12,4,MQ,3691,PIA,ORD,545,62,130,647,0,0,11.0,70.0,NNW,12.0,0.0,9.0,59.0,NNW,17.0,0.0
2015,1,6,2,UA,734,SFO,ORD,600,254,1846,1214,0,0,45.0,90.0,SSW,3.0,0.0,9.0,67.0,W,18.0,0.0
2015,1,4,7,US,1773,PHL,IAH,1130,230,1325,1420,0,1,52.0,93.0,SSW,13.0,0.0,54.0,51.0,N,15.0,0.0
2015,1,3,6,DL,1842,GRR,MSP,715,106,408,801,0,1,28.0,88.0,E,12.0,0.0,25.0,85.0,SE,14.0,0.0
2015,2,12,4,US,1982,DFW,CLT,505,143,936,828,0,0,38.0,62.0,N,13.0,0.0,45.0,60.0,NNW,3.0,0.0
2015,2,12,4,UA,361,PDX,SFO,510,111,550,701,0,0,40.0,97.0,CALM,0.0,0.0,54.0,97.0,SSE,3.0,0.0
2015,2,6,5,AS,130,FAI,SEA,115,220,1533,555,0,0,-35.0,0.0,CALM,0.0,0.0,55.0,86.0,S,9.0,0.0
2015,12,2,3,MQ,3591,HOU,DFW,1104,76,247,1220,0,0,58.0,58.0,N,9.0,0.0,57.0,37.0,NW,14.0,0.0
2015,3,4,3,DL,774,SAT,ATL,550,135,874,905,0,0,64.0,93.0,SSE,6.0,0.0,61.0,100.0,SW,5.0,0.0
2015,2,4,3,NK,214,LAS,DFW,58,147,1055,525,0,0,52.0,59.0,SW,7.0,0.0,40.0,93.0,S,10.0,0.0
2015,1,4,7,F9,718,DEN,DCA,1130,189,1476,1639,0,1,12.0,73.0,W,3.0,0.0,65.0,68.0,SW,12.0,0.0
2015,12,5,6,UA,1057,ORD,IAH,506,173,925,759,0,0,30.0,100.0,S,8.0,0.0,40.0,89.0,NE,3.0,0.0
2015,2,9,1,AA,2495,RNO,DFW,1229,186,1345,1735,0,0,51.0,50.0,WNW,14.0,0.0,68.0,35.0,NNE,8.0,0.0
2015,1,3,6,VX,740,SFO,SEA,700,125,679,905,0,0,40.0,89.0,SSE,5.0,0.0,36.0,93.0,ESE,6.0,0.0
2015,12,1,2,AA,2404,LAX,DFW,500,181,1235,1001,0,0,50.0,32.0,ENE,6.0,0.0,46.0,68.0,CALM,0.0,0.0
2015,3,6,5,UA,363,BOS,IAD,540,105,413,725,0,0,9.0,46.0,NNW,8.0,0.0,11.0,61.0,NNW,5.0,0.0
2015,2,12,4,OO,5249,DSM,IAH,525,160,802,805,0,0,4.0,66.0,N,15.0,0.0,52.0,69.0,N,14.0,0.0
2015,1,6,2,DL,173,ANC,SEA,600,212,1448,1032,0,0,4.0,73.0,CALM,0.0,0.0,48.0,93.0,NE,3.0,0.0
2015,2,4,3,US,1749,BOS,CLT,500,145,728,725,0,0,18.0,62.0,SW,6.0,0.0,29.0,72.0,S,5.0,0.0
2015,1,3,6,US,1922,JAX,CLT,700,87,328,827,0,0,63.0,100.0,E,5.0,0.0,48.0,87.0,N,6.0,0.0
2015,12,6,7,OO,7368,ESC,DTW,525,90,306,655,0,0,36.0,81.0,SW,5.0,0.0,30.0,100.0,S,6.0,0.0
2015,12,1,2,DL,1450,LAS,MSP,45,184,1299,549,0,0,37.0,39.0,SSW,5.0,0.0,33.0,96.0,ESE,9.0,0.0
2015,12,1,2,DL,1418,MCO,ATL,520,85,404,645,0,0,67.0,97.0,S,3.0,0.0,60.0,86.0,CALM,0.0,0.0
2015,3,5,4,WN,4036,SMF,LAX,540,85,373,705,0,0,38.0,89.0,NNW,6.0,0.0,56.0,40.0,E,3.0,0.0
2015,12,2,3,B6,722,PBI,BOS,1101,175,1197,1356,0,0,80.0,81.0,SSE,13.0,0.0,45.0,93.0,S,7.0,0.0
2015,1,4,7,WN,1298,ABQ,DAL,1140,95,580,1415,0,0,37.0,48.0,WSW,6.0,0.0,38.0,44.0,NW,12.0,0.0
2015,2,4,3,UA,572,AUS,IAH,535,56,140,631,0,0,43.0,100.0,CALM,0.0,0.0,43.0,93.0,NNW,6.0,0.0
2015,1,5,1,US,2050,FLL,CLT,500,114,631,654,0,0,74.0,93.0,NNW,5.0,0.0,39.0,62.0,NNW,5.0,0.0
2015,12,6,7,DL,2324,SLC,ATL,55,211,1590,626,0,0,30.0,64.0,CALM,0.0,0.0,43.0,62.0,ENE,8.0,0.0
2015,3,10,2,AS,626,PDX,LAS,800,125,763,1005,0,0,59.0,78.0,NNE,3.0,0.0,68.0,16.0,S,3.0,0.0
2015,3,9,1,EV,4513,CLE,ORD,605,95,315,640,0,0,35.0,72.0,W,5.0,0.0,26.0,81.0,CALM,0.0,0.0
2015,12,6,7,DL,1890,DFW,ATL,545,124,731,849,0,0,44.0,76.0,SSW,5.0,0.0,47.0,56.0,ENE,13.0,0.0
2015,1,1,4,US,446,MCI,PHX,550,178,1044,748,0,0,15.0,77.0,WSW,9.0,0.0,37.0,86.0,E,5.0,0.0
2015,1,4,7,MQ,3093,TUL,ORD,1130,110,585,1320,0,1,25.0,55.0,N,14.0,0.0,21.0,85.0,NNW,17.0,0.0
2015,12,14,1,DL,1324,BNA,ATL,800,75,214,1015,0,0,57.0,74.0,S,16.0,0.0,61.0,90.0,W,14.0,0.0
2015,2,8,7,DL,1245,MSO,MSP,540,169,1013,929,0,0,36.0,100.0,SW,5.0,0.0,29.0,72.0,NNE,14.0,0.0
2015,1,4,7,US,1848,PHL,DFW,1140,227,1303,1427,0,1,52.0,93.0,SSW,13.0,0.0,37.0,46.0,NNW,13.0,0.0
2015,1,4,7,EV,5944,DEN,SAF,1122,68,303,1230,0,0,12.0,73.0,W,3.0,0.0,59.0,67.0,ESE,2.0,0.0
2015,2,10,2,AA,1414,DFW,IAD,1505,161,1172,1846,0,0,75.0,31.0,SSE,17.0,0.0,36.0,67.0,N,13.0,0.0
2015,2,6,5,B6,917,BOS,JFK,545,77,187,702,0,0,5.0,55.0,WNW,10.0,0.0,15.0,49.0,W,10.0,0.0
2015,1,4,7,DL,98,DEN,DTW,1145,164,1123,1629,0,0,12.0,73.0,W,3.0,0.0,34.0,87.0,WSW,12.0,0.0
2015,12,3,4,EV,2758,FSM,DFW,508,77,227,625,0,0,31.0,85.0,CALM,0.0,0.0,38.0,79.0,S,3.0,0.0
2015,2,6,5,NK,374,BQN,FLL,410,155,983,545,0,0,,,,,,57.0,87.0,NNW,8.0,0.0
2015,1,3,6,DL,1502,CVG,TPA,720,141,773,941,0,0,37.0,93.0,SE,10.0,0.0,76.0,79.0,SSE,8.0,0.0
2015,2,8,7,AA,1078,ORD,MIA,600,183,1197,1003,0,0,35.0,92.0,N,8.0,0.0,76.0,50.0,ESE,13.0,0.0
2015,1,6,2,AA,913,DCA,MIA,600,163,919,843,0,1,25.0,74.0,ESE,8.0,0.0,64.0,22.0,NE,2.0,0.0
2015,12,3,4,DL,2324,SLC,ATL,55,211,1590,626,0,0,24.0,77.0,SW,5.0,0.0,41.0,67.0,NNW,12.0,0.0
2015,1,2,5,US,2096,PHX,STL,59,164,1262,443,0,0,36.0,73.0,W,6.0,0.0,35.0,78.0,CALM,0.0,0.0
2015,12,14,1,DL,2600,JFK,FLL,805,204,1069,1129,0,0,55.0,94.0,CALM,0.0,0.0,82.0,74.0,SSE,16.0,0.0
2015,12,14,1,DL,1765,TPA,MSP,800,207,1306,1027,0,1,74.0,91.0,S,12.0,0.0,34.0,89.0,N,20.0,0.1
2015,12,6,7,HA,218,HNL,KOA,540,44,163,624,0,0,73.0,76.0,CALM,0.0,0.0,44.0,60.0,ENE,10.0,0.0
2015,2,10,2,AA,989,LAS,MIA,1500,268,2174,2228,0,1,73.0,10.0,VAR,6.0,0.0,60.0,78.0,NW,9.0,0.0
2015,1,2,5,B6,304,SJU,JFK,155,235,1598,450,0,0,76.0,87.0,E,5.0,0.0,37.0,48.0,W,14.0,0.0
2015,3,5,4,AA,90,DFW,ORD,545,134,802,759,1,1,24.0,77.0,NNW,16.0,0.0,6.0,58.0,NW,9.0,0.0
2015,1,1,4,UA,1198,BOS,ORD,600,173,867,753,0,0,23.0,50.0,WSW,14.0,0.0,15.0,68.0,WSW,13.0,0.0
2015,12,1,2,UA,244,SEA,DEN,520,156,1024,856,0,0,41.0,79.0,SE,6.0,0.0,31.0,46.0,W,13.0,0.0
2015,1,3,6,WN,3138,MSY,MDW,700,135,825,915,0,0,68.0,93.0,SSE,10.0,0.0,35.0,96.0,CALM,0.0,0.1
2015,12,14,1,AA,270,HNL,LAX,810,325,2556,1535,0,0,76.0,76.0,NW,5.0,0.0,57.0,25.0,N,16.0,0.0
2015,12,3,4,WN,17,BOS,ATL,530,185,946,835,0,0,51.0,89.0,WSW,7.0,0.0,41.0,67.0,NNW,10.0,0.0
2015,1,1,4,WN,2787,PIT,FLL,600,170,994,850,0,0,20.0,52.0,SW,12.0,0.0,74.0,91.0,NE,3.0,0.0
2015,12,14,1,EV,4162,LNK,ORD,805,99,466,944,0,1,35.0,89.0,NW,21.0,0.0,50.0,83.0,WSW,15.0,0.0
2015,12,2,3,AA,2251,BOS,DFW,1105,272,1562,1437,0,0,45.0,93.0,CALM,0.0,0.0,59.0,33.0,NW,17.0,0.0
2015,2,10,2,WN,377,TUS,LAS,1505,80,365,1525,0,0,77.0,17.0,NW,14.0,0.0,73.0,10.0,VAR,6.0,0.0
2015,2,12,4,DL,2590,GSP,ATL,545,60,153,645,0,0,39.0,70.0,NW,5.0,0.0,41.0,62.0,NW,10.0,0.0
2015,1,5,1,AA,1431,SEA,ORD,30,230,1721,620,0,1,51.0,89.0,SSW,17.0,0.0,-3.0,72.0,W,8.0,0.0
2015,3,9,1,EV,5046,CSG,ATL,605,45,83,650,0,0,52.0,59.0,CALM,0.0,0.0,54.0,53.0,NNW,5.0,0.0
2015,1,2,5,US,1925,DFW,CLT,500,145,936,825,0,0,37.0,96.0,N,8.0,0.0,46.0,68.0,CALM,0.0,0.0
2015,1,4,7,OO,5262,DEN,MFR,1140,173,964,1333,0,1,12.0,73.0,W,3.0,0.0,47.0,63.0,CALM,0.0,0.0
2015,2,9,1,UA,1692,DEN,DSM,1236,99,589,1515,0,1,66.0,16.0,SE,10.0,0.0,33.0,70.0,CALM,0.0,0.0
2015,1,7,3,EV,5286,AEX,ATL,545,97,500,822,0,0,36.0,93.0,N,5.0,0.0,34.0,59.0,NW,18.0,0.0
2015,1,3,6,WN,3239,TPA,BWI,705,140,842,925,0,0,72.0,87.0,ESE,5.0,0.0,36.0,82.0,E,7.0,0.0
2015,1,3,6,DL,1487,TUS,ATL,700,201,1541,1221,0,0,29.0,81.0,SE,6.0,0.0,52.0,97.0,ESE,9.0,0.0
2015,12,1,2,AA,1738,PHX,DFW,150,134,868,504,0,0,44.0,53.0,E,6.0,0.0,39.0,89.0,N,6.0,0.0
2015,1,3,6,AA,1412,ONT,DFW,715,175,1188,1210,0,1,39.0,76.0,CALM,0.0,0.0,45.0,74.0,VAR,5.0,0.0
2015,2,10,2,NK,906,DEN,IAH,1505,139,862,1824,0,1,50.0,36.0,E,14.0,0.0,61.0,75.0,SE,8.0,0.0
2015,1,3,6,AA,1552,BWI,MIA,720,164,946,1004,0,0,36.0,73.0,CALM,0.0,0.0,82.0,67.0,SE,15.0,0.0
2015,3,9,1,EV,2508,SJT,DFW,605,59,229,704,0,0,53.0,89.0,E,5.0,0.0,48.0,96.0,E,5.0,0.0
2015,12,14,1,VX,874,LAX,DAL,815,180,1246,1315,0,0,54.0,41.0,WNW,10.0,0.0,67.0,32.0,SSE,3.0,0.0
2015,3,9,1,MQ,3131,RIC,ORD,600,150,642,730,0,0,45.0,65.0,CALM,0.0,0.0,27.0,85.0,SW,3.0,0.0
2015,12,1,2,NK,298,LAS,IAH,25,160,1222,505,0,0,37.0,39.0,SSW,5.0,0.0,51.0,92.0,N,9.0,0.0
2015,12,1,2,UA,1730,HNL,SFO,29,325,2398,754,0,0,77.0,66.0,ENE,12.0,0.0,45.0,63.0,SE,6.0,0.0
2015,2,12,4,B6,1204,SJU,JFK,305,239,1598,604,0,0,73.0,96.0,NW,13.0,0.0,31.0,76.0,SW,8.0,0.0
2015,3,10,2,US,2173,BOS,DCA,800,104,399,944,0,0,33.0,72.0,CALM,0.0,0.0,47.0,59.0,CALM,0.0,0.0
2015,12,4,5,AA,2177,MEM,DFW,523,102,431,705,0,0,,,,,,42.0,79.0,CALM,0.0,0.0
2015,12,1,2,DL,1662,FSD,MSP,505,68,196,613,0,1,25.0,88.0,SW,5.0,0.0,33.0,96.0,SE,7.0,0.0
2015,2,10,2,EV,4544,MEM,IAH,1457,108,468,1645,0,0,48.0,48.0,N,5.0,0.0,72.0,48.0,ESE,8.0,0.0
2015,3,4,3,US,438,IAH,PHX,550,176,1009,746,0,0,70.0,90.0,SSE,7.0,0.0,50.0,71.0,WSW,5.0,0.0
2015,2,6,5,WN,2418,LAS,PHX,520,65,255,725,0,0,50.0,61.0,SSW,7.0,0.0,57.0,53.0,ESE,6.0,0.0
2015,2,12,4,AA,1055,MCO,DFW,555,180,985,755,0,0,45.0,93.0,CALM,0.0,0.0,38.0,62.0,N,14.0,0.0
2015,3,10,2,AA,2413,DFW,LAX,800,214,1235,934,0,0,49.0,97.0,NW,7.0,0.0,60.0,80.0,W,8.0,0.0
2015,12,1,2,UA,1057,ORD,IAH,505,167,925,752,0,0,43.0,93.0,WSW,10.0,0.0,50.0,100.0,N,7.0,0.0
2015,12,5,6,WN,14,ABQ,DAL,540,100,580,820,0,0,35.0,52.0,CALM,0.0,0.0,44.0,71.0,SE,9.0,0.0
2015,12,14,1,EV,2752,BTR,DFW,802,98,383,940,0,1,55.0,89.0,SSE,6.0,0.0,55.0,49.0,WSW,10.0,0.0
2015,2,8,7,AA,1249,MSP,ORD,543,92,334,715,0,0,27.0,75.0,N,7.0,0.0,35.0,92.0,CALM,0.0,0.0
2015,3,9,1,OO,5547,ONT,DEN,600,144,819,924,0,0,30.0,93.0,SE,2.0,0.0,43.0,60.0,SW,10.0,0.0
2015,12,1,2,AA,2084,PHX,STL,55,166,1262,441,0,0,45.0,46.0,CALM,0.0,0.0,41.0,70.0,W,13.0,0.0
2015,2,6,5,DL,2288,BHM,ATL,525,60,134,725,0,0,22.0,72.0,CALM,0.0,0.0,29.0,47.0,CALM,0.0,0.0
2015,3,10,2,US,2007,PHL,RSW,750,187,993,1057,0,0,34.0,82.0,CALM,0.0,0.0,79.0,66.0,SE,15.0,0.0
2015,12,6,7,WN,2171,PVD,TPA,530,205,1136,855,0,0,29.0,92.0,CALM,0.0,0.0,70.0,78.0,NNE,12.0,0.0
2015,12,2,3,WN,445,DCA,HOU,1100,220,1218,1340,0,0,54.0,100.0,CALM,0.0,0.0,61.0,46.0,N,9.0,0.0
2015,1,2,5,UA,1509,DCA,IAH,545,209,1208,814,0,0,39.0,62.0,CALM,0.0,0.0,48.0,96.0,NE,9.0,0.0
2015,2,10,2,DL,1779,LGA,FLL,1505,212,1076,1837,0,0,38.0,57.0,N,12.0,0.0,65.0,56.0,NNW,10.0,0.0
2015,1,5,1,WN,443,GRR,BWI,535,110,528,725,0,0,6.0,80.0,W,15.0,0.0,38.0,48.0,WNW,14.0,0.0
2015,1,4,7,DL,2204,SLC,LAX,1134,121,590,1235,0,0,32.0,66.0,SSE,3.0,0.0,61.0,56.0,W,7.0,0.0
2015,2,4,3,WN,141,ALB,MDW,530,160,717,710,0,0,16.0,62.0,S,13.0,0.0,23.0,78.0,NNW,12.0,0.0
2015,12,14,1,DL,2155,JFK,MSY,815,225,1182,1100,0,1,55.0,94.0,CALM,0.0,0.0,69.0,42.0,SW,9.0,0.0
2015,2,4,3,MQ,3167,BNA,LGA,555,137,764,912,0,0,30.0,75.0,CALM,0.0,0.0,34.0,61.0,SSW,13.0,0.0
2015,1,5,1,UA,206,PDX,EWR,550,314,2434,1404,0,0,52.0,86.0,S,15.0,0.0,36.0,29.0,WNW,16.0,0.0
2015,2,9,1,US,2033,BOS,PHL,1230,93,280,1403,1,1,19.0,93.0,N,12.0,0.1,30.0,88.0,NE,21.0,0.0
2015,3,10,2,OO,4478,ORD,SLC,750,217,1250,1027,0,1,37.0,100.0,S,3.0,0.0,50.0,36.0,SSE,5.0,
2015,3,4,3,OO,5249,DSM,IAH,525,160,802,805,0,1,13.0,56.0,NNW,9.0,0.0,72.0,84.0,S,13.0,0.0
2015,2,10,2,UA,1622,ORD,EWR,1502,130,719,1812,0,1,31.0,59.0,SE,8.0,0.0,34.0,64.0,N,16.0,0.0
2015,1,7,3,US,1902,MCO,DCA,555,121,759,756,0,0,50.0,74.0,NW,6.0,0.0,27.0,45.0,NW,15.0,0.0
2015,1,6,2,WN,473,DTW,BWI,600,105,409,745,0,1,8.0,83.0,SSW,8.0,0.0,19.0,93.0,CALM,0.0,
2015,3,10,2,F9,787,DEN,PDX,752,163,991,935,0,0,37.0,57.0,WSW,9.0,0.0,45.0,90.0,WNW,6.0,
2015,12,4,5,EV,2782,TYR,DFW,524,61,102,625,0,0,37.0,86.0,ENE,3.0,0.0,40.0,83.0,CALM,0.0,0.0
2015,1,4,7,EV,4584,IAH,MAF,1124,94,429,1258,0,1,50.0,63.0,NNW,16.0,0.0,34.0,63.0,CALM,0.0,0.0
2015,3,4,3,NK,409,ORD,FLL,530,181,1182,931,0,0,18.0,78.0,WNW,14.0,0.0,78.0,74.0,SE,16.0,0.0
2015,1,3,6,WN,2330,MDW,MCO,710,165,990,1055,0,0,34.0,92.0,SE,8.0,0.0,78.0,79.0,SSE,15.0,0.0
2015,3,6,5,EV,4740,GRB,ORD,525,59,173,624,0,0,1.0,72.0,SSW,9.0,0.0,6.0,73.0,SW,12.0,0.0
2015,3,4,3,US,1909,BOS,PHL,530,89,280,659,0,0,37.0,89.0,SW,12.0,0.0,35.0,92.0,SW,6.0,0.0
2015,12,2,3,DL,800,BOS,ATL,1100,187,946,1407,0,0,45.0,93.0,CALM,0.0,0.0,56.0,69.0,W,7.0,0.0
2015,3,9,1,UA,1412,PSP,DEN,601,132,776,913,0,0,63.0,34.0,NNW,9.0,0.0,43.0,60.0,SW,10.0,0.0
2015,12,1,2,UA,1966,AUS,IAH,530,54,140,624,0,0,47.0,83.0,NNE,12.0,0.0,50.0,96.0,N,7.0,0.0
2015,1,5,1,EV,4685,BRO,IAH,520,74,308,634,0,0,46.0,76.0,N,12.0,0.0,31.0,76.0,N,7.0,0.0
2015,3,10,2,WN,613,DEN,DAL,755,115,651,1050,0,0,37.0,57.0,WSW,9.0,0.0,52.0,89.0,NW,8.0,0.0
2015,2,9,1,WN,329,MDW,MSP,1235,85,349,1400,0,1,28.0,80.0,N,13.0,0.0,32.0,52.0,CALM,0.0,0.0
2015,12,4,5,OO,6235,SEA,SFO,515,133,679,728,0,0,43.0,89.0,S,9.0,0.0,47.0,97.0,CALM,0.0,0.0
2015,2,8,7,AA,1103,LGA,DFW,600,247,1389,907,0,0,33.0,92.0,NE,10.0,0.0,60.0,78.0,S,14.0,0.0
2015,1,5,1,UA,1142,GEG,DEN,545,139,836,904,0,0,36.0,97.0,W,8.0,0.0,43.0,45.0,W,7.0,0.0
2015,3,5,4,US,819,IAH,CLT,515,139,912,834,0,0,41.0,86.0,N,21.0,0.0,65.0,90.0,SSW,15.0,0.0
2015,1,1,4,OO,4986,AUS,LAX,538,212,1242,710,0,0,36.0,93.0,NW,7.0,0.0,41.0,51.0,E,6.0,0.0
2015,1,3,6,DL,1415,CLT,ATL,710,80,226,830,0,0,47.0,93.0,N,3.0,0.0,50.0,94.0,ESE,9.0,0.0
2015,1,4,7,EV,5316,MCI,MSP,1123,89,393,1252,0,0,11.0,59.0,NW,15.0,0.0,-2.0,57.0,WNW,16.0,0.0
2015,12,3,4,DL,2517,VPS,ATL,520,67,250,727,0,0,49.0,82.0,N,9.0,0.0,40.0,70.0,NW,8.0,0.0
2015,12,14,1,WN,434,BWI,SDF,810,110,495,1000,0,0,56.0,97.0,CALM,0.0,0.0,60.0,64.0,SW,16.0,0.0
2015,12,5,6,WN,4544,DTW,BWI,530,95,409,705,0,1,30.0,93.0,SSW,8.0,0.0,31.0,89.0,W,3.0,0.0
2015,12,4,5,UA,1200,SFO,IAH,40,215,1635,615,0,0,52.0,77.0,WSW,9.0,0.0,39.0,93.0,NNE,5.0,0.0
2015,12,4,5,EV,4927,BTR,ATL,535,85,448,800,0,0,37.0,86.0,CALM,0.0,0.0,42.0,58.0,E,15.0,0.0
2015,2,4,3,US,1801,IAH,CLT,515,139,912,834,0,0,43.0,93.0,NNE,3.0,0.0,34.0,70.0,S,5.0,0.0
2015,12,3,4,DL,1450,LAS,MSP,45,184,1299,549,0,0,43.0,26.0,SSW,3.0,0.0,23.0,88.0,S,7.0,0.0
2015,12,2,3,WN,2598,MCO,SJU,1110,165,1189,1455,0,0,80.0,74.0,S,14.0,0.0,86.0,65.0,ESE,15.0,0.0
2015,2,10,2,WN,2783,IND,RSW,1505,150,945,1735,0,0,36.0,48.0,CALM,0.0,0.0,62.0,70.0,WNW,10.0,0.0
2015,12,4,5,WN,1393,MCI,LAX,530,225,1363,715,0,0,26.0,88.0,S,9.0,0.0,56.0,64.0,VAR,3.0,0.0
2015,1,3,6,WN,1329,MCI,MCO,720,160,1072,1100,0,0,32.0,92.0,NNE,5.0,0.0,82.0,67.0,S,18.0,0.0
2015,12,2,3,DL,2110,ATL,DFW,1102,152,731,1234,0,1,55.0,80.0,WNW,9.0,0.0,57.0,37.0,NW,14.0,0.0
2015,1,4,7,OO,2591,SJC,LAX,1145,80,308,1305,0,0,52.0,54.0,VAR,5.0,0.0,59.0,69.0,W,10.0,0.0
2015,2,4,3,AA,1233,BOS,DFW,555,274,1562,929,0,1,18.0,62.0,SW,6.0,0.0,44.0,89.0,S,13.0,0.0
2015,1,3,6,EV,2539,FSD,DFW,705,145,737,930,0,1,18.0,84.0,CALM,0.0,0.0,40.0,86.0,W,9.0,0.0
2015,1,5,1,OO,4779,DIK,MSP,520,113,481,813,0,0,-2.0,69.0,S,17.0,0.0,-10.0,71.0,SW,8.0,0.0
2015,12,1,2,WN,17,BOS,ATL,530,185,946,835,0,0,34.0,73.0,CALM,0.0,0.0,60.0,86.0,ESE,5.0,0.0
2015,1,4,7,US,1811,TPA,CLT,1145,100,507,1325,0,0,79.0,74.0,S,10.0,0.0,63.0,88.0,WSW,10.0,0.0
2015,2,12,4,OO,5467,ONT,SFO,535,88,363,703,0,0,73.0,12.0,ENE,16.0,0.0,54.0,97.0,SSE,3.0,0.0
2015,1,5,1,WN,2058,DEN,PHX,540,125,602,745,0,0,7.0,84.0,SW,5.0,0.0,43.0,71.0,CALM,0.0,0.0
2015,2,6,5,AA,2211,PHX,MIA,131,235,1972,726,0,0,59.0,55.0,E,7.0,0.0,59.0,75.0,NNW,8.0,0.0
2015,2,12,4,OO,7368,ESC,DTW,534,81,306,655,0,0,9.0,79.0,N,9.0,0.0,16.0,59.0,NW,10.0,0.0
2015,3,5,4,AS,122,ANC,PDX,50,218,1542,528,0,0,34.0,93.0,CALM,0.0,0.0,34.0,85.0,CALM,0.0,0.0
2015,2,9,1,DL,2465,ATL,BDL,1229,136,859,1445,0,0,57.0,88.0,WSW,7.0,0.0,19.0,77.0,N,16.0,0.0
2015,1,5,1,US,1764,PHX,STL,59,164,1262,443,0,0,48.0,61.0,CALM,0.0,0.0,14.0,56.0,NW,10.0,0.0
2015,1,3,6,DL,1383,MSP,RSW,715,212,1416,1147,0,0,24.0,84.0,SSE,8.0,0.0,82.0,65.0,SSE,17.0,0.0
2015,12,4,5,WN,2736,BOS,BWI,525,100,369,705,0,0,,,,,,34.0,82.0,WSW,3.0,0.0
2015,12,3,4,AS,454,SEA,LAX,500,169,954,749,0,1,48.0,77.0,ESE,15.0,0.0,68.0,20.0,NE,8.0,0.0
2015,3,6,5,WN,1156,PIT,ATL,540,130,526,750,0,0,-2.0,83.0,CALM,0.0,0.0,28.0,80.0,N,8.0,0.0
2015,12,4,5,OO,6391,EUG,DEN,530,161,996,911,0,1,44.0,85.0,S,10.0,0.0,46.0,35.0,CALM,0.0,0.0
2015,1,2,5,AS,135,SEA,ANC,25,235,1448,320,0,0,32.0,75.0,SSE,3.0,0.0,26.0,75.0,CALM,0.0,0.0
2015,3,5,4,EV,3958,PIA,ORD,500,59,130,559,0,1,8.0,64.0,NW,6.0,0.0,5.0,55.0,NNW,10.0,0.0
2015,3,10,2,AS,373,SMF,SEA,800,105,605,945,0,0,51.0,89.0,NE,5.0,0.0,43.0,93.0,NNE,7.0,0.0
2015,3,9,1,WN,4752,DAL,MCO,610,160,973,950,0,0,48.0,96.0,E,5.0,0.0,71.0,70.0,E,9.0,0.0
2015,12,1,2,AA,499,PHX,BOS,59,277,2300,736,0,0,45.0,46.0,CALM,0.0,0.0,35.0,98.0,SW,5.0,0.0
2015,12,3,4,AS,114,ANC,SEA,245,204,1448,709,0,0,16.0,88.0,CALM,0.0,0.0,47.0,80.0,ESE,16.0,0.0
2015,1,6,2,EV,5313,EWN,ATL,555,100,433,735,0,0,32.0,85.0,CALM,0.0,0.0,31.0,67.0,W,6.0,0.0
2015,12,2,3,AA,1115,ONT,DFW,1105,177,1188,1602,0,0,72.0,11.0,CALM,0.0,0.0,56.0,42.0,NNW,15.0,0.0
2015,1,3,6,AA,1133,MIA,LGA,715,175,1096,1010,0,0,77.0,79.0,ESE,13.0,0.0,37.0,52.0,E,13.0,0.0
2015,2,10,2,US,749,CLT,SFO,1455,350,2296,1745,0,0,51.0,54.0,NNE,14.0,0.0,58.0,72.0,W,12.0,0.0
2015,12,2,3,B6,415,JFK,SFO,1100,390,2586,1430,0,0,52.0,94.0,CALM,0.0,0.0,58.0,47.0,CALM,0.0,0.0
2015,2,9,1,OO,5400,ONT,SFO,1230,88,363,1358,0,0,74.0,38.0,SW,12.0,0.0,64.0,70.0,WNW,10.0,0.0
2015,1,5,1,US,1925,DFW,CLT,500,145,936,825,0,0,23.0,72.0,NNE,6.0,0.0,44.0,55.0,W,3.0,0.0
2015,12,4,5,WN,36,DEN,STL,530,125,770,835,0,0,29.0,58.0,WSW,10.0,0.0,38.0,83.0,CALM,0.0,0.0
2015,3,6,5,OO,5249,DSM,IAH,520,158,802,758,0,0,23.0,63.0,SSW,13.0,0.0,33.0,72.0,VAR,7.0,0.0
2015,12,14,1,EV,5370,ATL,HSV,810,59,151,809,0,0,68.0,87.0,S,12.0,0.0,57.0,81.0,S,12.0,0.0
2015,2,4,3,EV,5333,AVL,ATL,550,60,164,650,0,0,22.0,89.0,CALM,0.0,0.0,35.0,70.0,CALM,0.0,0.0
2015,1,3,6,AS,367,SMF,SEA,715,125,605,920,0,0,29.0,92.0,CALM,0.0,0.0,36.0,93.0,ESE,6.0,0.0
2015,3,4,3,DL,2377,ORF,ATL,530,114,516,724,0,1,47.0,93.0,SW,21.0,0.0,58.0,97.0,SSW,7.0,0.0
2015,1,2,5,DL,95,SLC,ATL,140,215,1590,715,0,0,15.0,70.0,SE,5.0,0.0,45.0,90.0,WNW,5.0,0.0
2015,1,3,6,WN,2059,ELP,SAT,705,80,496,925,0,0,32.0,100.0,WSW,23.0,0.0,43.0,86.0,NNW,6.0,0.0
2015,2,6,5,EV,5534,BTR,ATL,530,86,448,756,0,0,31.0,82.0,CALM,0.0,0.0,29.0,47.0,CALM,0.0,0.0
2015,1,5,1,HA,106,HNL,OGG,528,36,100,604,0,0,60.0,86.0,NW,5.0,0.0,59.0,90.0,SSE,6.0,0.0
2015,3,5,4,US,410,DEN,PHX,545,122,602,747,0,0,15.0,47.0,SSW,14.0,0.0,52.0,50.0,CALM,0.0,0.0
2015,3,9,1,MQ,2952,GRB,ORD,600,75,173,715,0,0,30.0,88.0,SSW,7.0,0.0,27.0,85.0,SW,3.0,0.0
2015,1,2,5,US,602,ORD,PHX,500,228,1440,748,0,0,19.0,85.0,CALM,0.0,0.0,33.0,82.0,W,5.0,0.0
2015,3,5,4,B6,1434,SJU,MCO,530,190,1189,740,0,0,75.0,73.0,SE,5.0,0.0,72.0,94.0,S,8.0,0.0
2015,3,6,5,OO,5366,DVL,JMS,528,38,83,606,0,0,12.0,79.0,WNW,7.0,0.0,14.0,80.0,NW,7.0,0.0
2015,1,4,7,US,1862,CLT,ORD,1140,131,599,1251,0,0,55.0,94.0,S,8.0,0.0,23.0,85.0,NW,15.0,0.0
2015,3,6,5,B6,768,PSE,MCO,427,185,1179,632,0,0,,,,,,72.0,93.0,CALM,0.0,0.0
2015,12,5,6,B6,233,BTV,JFK,545,84,266,709,0,0,44.0,63.0,WNW,6.0,0.0,41.0,70.0,N,5.0,0.0
2015,2,8,7,UA,305,LAX,ORD,600,246,1744,1206,0,0,59.0,94.0,W,7.0,0.0,35.0,92.0,N,12.0,0.0
2015,3,5,4,EV,6157,CID,ORD,530,78,196,648,0,0,-8.0,83.0,WNW,9.0,0.0,4.0,58.0,NW,10.0,0.0
2015,1,3,6,EV,4990,EVV,DTW,700,89,363,929,0,0,45.0,93.0,SE,5.0,0.0,32.0,93.0,ENE,9.0,0.0
2015,3,5,4,MQ,3603,CMH,ORD,540,88,296,608,1,1,18.0,57.0,N,15.0,0.0,4.0,58.0,NW,10.0,0.0
2015,1,2,5,US,1918,PHX,MSY,115,170,1300,505,0,0,35.0,76.0,CALM,0.0,0.0,60.0,86.0,SE,3.0,0.0
2015,2,12,4,UA,334,SEA,DEN,537,158,1024,915,0,0,49.0,93.0,SSE,6.0,0.0,50.0,32.0,SSW,16.0,0.0
2015,2,4,3,WN,4921,PIT,MDW,555,115,402,650,0,0,28.0,69.0,S,6.0,0.0,24.0,84.0,NNW,13.0,0.0
2015,2,8,7,OO,5659,PDX,DEN,540,154,991,914,0,0,47.0,97.0,SSE,5.0,0.0,59.0,28.0,NW,24.0,0.0
2015,2,6,5,WN,4826,MDW,MCO,555,160,990,935,0,0,17.0,74.0,S,7.0,0.0,59.0,58.0,NNE,20.0,0.0
2015,12,3,4,AA,185,LAS,DFW,59,164,1055,543,0,0,43.0,26.0,SSW,3.0,0.0,37.0,82.0,S,7.0,0.0
2015,12,14,1,AA,449,FLL,CLT,810,121,632,1011,0,0,80.0,79.0,SSE,14.0,0.0,66.0,83.0,SSE,16.0,0.0
2015,1,7,3,MQ,3597,CVG,DFW,550,174,812,744,0,1,16.0,68.0,WNW,20.0,0.0,33.0,59.0,NNE,23.0,0.0
2015,1,3,6,DL,1280,DAB,ATL,700,88,366,828,0,0,64.0,96.0,CALM,0.0,0.0,50.0,94.0,ESE,9.0,0.0
2015,2,8,7,AA,72,DFW,MCO,600,142,985,922,0,0,52.0,93.0,S,10.0,0.0,68.0,55.0,S,7.0,0.0
2015,1,4,7,MQ,3041,DSM,DFW,1135,125,624,1340,0,1,9.0,53.0,NW,21.0,0.0,36.0,46.0,NNW,18.0,0.0
2015,2,12,4,US,1904,DCA,CLT,535,87,331,702,0,0,35.0,70.0,SSW,5.0,0.0,36.0,79.0,CALM,0.0,0.0
2015,12,2,3,WN,3169,FLL,MCI,1105,205,1242,1330,0,0,79.0,89.0,SE,15.0,0.0,46.0,63.0,NW,13.0,0.0
2015,3,9,1,AS,345,OAK,SEA,610,118,671,808,0,0,52.0,83.0,CALM,0.0,0.0,46.0,79.0,SSE,5.0,0.0
2015,2,4,3,DL,1907,GRR,DTW,540,85,120,705,0,0,23.0,88.0,NNW,6.0,0.0,32.0,79.0,SSW,10.0,0.0
2015,1,3,6,VX,1780,SEA,LAX,705,155,954,940,0,1,36.0,89.0,SSE,3.0,0.0,52.0,61.0,E,5.0,0.0
2015,1,3,6,DL,303,MCO,SLC,717,300,1931,1017,0,0,70.0,100.0,SE,6.0,0.0,27.0,61.0,CALM,0.0,0.0
2015,1,4,7,AA,74,DFW,CLE,1145,150,1021,1515,0,0,32.0,52.0,NNW,22.0,0.0,37.0,79.0,WSW,17.0,0.0
2015,2,12,4,OO,5482,SBA,DEN,540,152,916,912,0,0,48.0,80.0,CALM,0.0,0.0,,,,,
2015,12,3,4,UA,910,LAX,ORD,27,248,1744,635,0,0,64.0,24.0,NNE,5.0,0.0,34.0,85.0,W,8.0,0.0
2015,1,3,6,WN,1254,ORF,BWI,710,75,159,825,0,0,48.0,71.0,E,7.0,0.0,35.0,82.0,ESE,6.0,0.0
2015,2,12,4,AA,1388,DFW,MIA,515,159,1121,854,0,0,38.0,62.0,N,13.0,0.0,66.0,54.0,VAR,5.0,0.0
2015,12,3,4,WN,2736,BOS,BWI,525,100,369,705,0,0,51.0,89.0,WSW,7.0,0.0,41.0,57.0,W,14.0,0.0
2015,2,9,1,EV,5968,ELP,DEN,1231,115,563,1426,0,0,73.0,33.0,CALM,0.0,0.0,68.0,12.0,SW,3.0,0.0
2015,2,4,3,OO,4779,DIK,MSP,520,113,481,813,0,0,-9.0,79.0,WNW,13.0,0.0,11.0,73.0,NW,14.0,0.0
2015,2,8,7,DL,849,MSY,ATL,600,88,425,828,0,0,56.0,84.0,S,6.0,0.0,46.0,89.0,WSW,8.0,0.0
2015,2,12,4,UA,1101,SEA,IAH,530,255,1874,1145,0,0,49.0,93.0,SSE,6.0,0.0,62.0,50.0,N,13.0,0.0
2015,12,6,7,UA,910,LAX,ORD,27,248,1744,635,0,0,64.0,22.0,ENE,9.0,0.0,28.0,96.0,S,6.0,0.0
2015,1,6,2,DL,2418,XNA,ATL,600,112,589,852,0,0,28.0,69.0,SW,3.0,0.0,37.0,59.0,W,8.0,0.0
2015,2,8,7,DL,771,MKE,ATL,600,134,669,914,0,0,35.0,82.0,N,7.0,0.0,46.0,93.0,WSW,8.0,0.0
2015,1,6,2,WN,105,LAS,SAN,600,70,258,710,0,0,43.0,47.0,SSW,9.0,0.0,58.0,32.0,N,3.0,
2015,1,6,2,UA,264,FLL,EWR,600,171,1065,851,0,0,73.0,84.0,ENE,8.0,0.0,18.0,68.0,NNW,3.0,
2015,2,9,1,DL,845,PBI,ATL,1230,113,545,1423,0,0,79.0,62.0,SE,8.0,0.0,61.0,82.0,WNW,6.0,0.0
2015,1,7,3,UA,1209,LAX,DEN,549,140,862,909,0,1,59.0,35.0,N,3.0,0.0,14.0,92.0,SE,5.0,0.0
2015,2,9,1,EV,2516,DFW,CRP,1235,75,354,1350,0,1,72.0,33.0,NNE,14.0,0.0,79.0,44.0,N,7.0,0.0
2015,3,9,1,MQ,3163,CWA,ORD,605,84,212,729,0,0,27.0,100.0,CALM,0.0,0.0,27.0,85.0,SW,3.0,0.0
2015,2,6,5,DL,1371,MCI,SLC,550,172,920,742,0,0,29.0,72.0,SSW,15.0,0.0,56.0,24.0,S,23.0,0.0
2015,1,1,4,UA,422,RNO,DEN,600,130,804,910,0,0,23.0,44.0,W,12.0,0.0,15.0,61.0,SW,5.0,0.0
2015,1,6,2,DL,786,ATL,LGA,600,124,762,804,0,0,30.0,72.0,W,7.0,0.0,19.0,59.0,SE,3.0,0.0
2015,2,10,2,DL,2498,LGA,TPA,1500,204,1010,1824,0,0,38.0,57.0,N,12.0,0.0,54.0,80.0,WNW,8.0,0.0
2015,1,1,4,B6,746,PSE,JFK,600,241,1617,901,0,0,,,,,,33.0,31.0,W,17.0,0.0
2015,3,5,4,DL,1129,HSV,ATL,530,53,151,723,0,1,34.0,81.0,NNW,18.0,0.0,54.0,94.0,NNW,16.0,0.0
2015,1,6,2,WN,4922,RDU,LAS,600,325,2026,825,0,0,28.0,72.0,CALM,0.0,0.0,52.0,37.0,S,3.0,
2015,12,4,5,NK,451,PBG,FLL,155,203,1334,518,0,0,36.0,70.0,WNW,3.0,0.0,67.0,97.0,NNE,5.0,0.2
2015,1,5,1,UA,1012,EWR,IAH,510,240,1400,810,0,0,40.0,53.0,W,20.0,0.0,33.0,72.0,NNE,10.0,0.0
2015,1,6,2,WN,212,TUS,LAX,600,95,451,635,0,0,48.0,39.0,ESE,14.0,0.0,58.0,30.0,NE,8.0,
2015,3,5,4,US,1813,DEN,CLT,120,179,1337,619,0,0,13.0,56.0,SSW,15.0,0.0,64.0,90.0,SSW,13.0,0.0
2015,12,5,6,AA,1403,DFW,MIA,500,158,1121,838,0,0,38.0,83.0,ESE,6.0,0.0,72.0,100.0,NNE,7.0,0.5
2015,2,4,3,AA,1249,MSP,ORD,543,92,334,715,0,1,10.0,84.0,NW,8.0,0.0,19.0,77.0,N,14.0,0.0
2015,1,1,4,AA,1178,AUS,DFW,550,60,190,650,0,0,36.0,93.0,NW,7.0,0.0,32.0,85.0,N,8.0,0.0
2015,2,12,4,EV,5501,VLD,ATL,550,56,208,646,0,0,41.0,93.0,CALM,0.0,0.0,41.0,62.0,NW,10.0,0.0
2015,1,5,1,OO,7389,GCC,RKS,520,77,261,637,0,0,12.0,73.0,E,7.0,0.0,32.0,69.0,W,38.0,0.0
2015,1,5,1,DL,893,PHL,DTW,545,111,453,736,0,0,42.0,49.0,WNW,16.0,0.0,9.0,67.0,W,14.0,0.0
2015,12,3,4,WN,2119,FNT,BWI,530,105,452,715,0,0,33.0,89.0,W,7.0,0.0,41.0,57.0,W,14.0,0.0
2015,2,9,1,MQ,3648,CRP,DFW,1239,81,354,1400,0,0,76.0,52.0,VAR,3.0,0.0,74.0,27.0,N,13.0,0.0
2015,12,1,2,AA,2278,LAX,ORD,500,245,1744,1105,0,0,50.0,32.0,ENE,6.0,0.0,40.0,65.0,WSW,14.0,0.0
2015,12,3,4,UA,2012,BOS,IAH,500,265,1597,825,0,0,,,,,,48.0,71.0,NE,9.0,0.0
2015,2,9,1,OO,5367,SFO,RDD,1235,68,199,1343,0,1,63.0,75.0,W,9.0,0.0,59.0,72.0,S,15.0,0.0
2015,2,12,4,AS,730,ANC,SEA,505,199,1448,924,0,0,28.0,72.0,NNE,5.0,0.0,53.0,83.0,SSW,6.0,0.0
2015,3,4,3,AA,347,MSY,MIA,545,108,675,833,0,0,68.0,93.0,CALM,0.0,0.0,78.0,66.0,ESE,14.0,0.0
2015,12,5,6,EV,4555,LCH,IAH,540,57,127,637,0,0,39.0,89.0,NNE,6.0,0.0,37.0,93.0,CALM,0.0,0.0
2015,1,1,4,OO,5482,SBA,DEN,545,154,916,919,0,0,32.0,64.0,CALM,0.0,0.0,15.0,61.0,SW,5.0,0.0
2015,3,6,5,DL,1745,SMF,MSP,10,203,1517,533,0,0,46.0,79.0,NW,5.0,0.0,10.0,67.0,SSE,7.0,0.0
2015,1,6,2,AA,281,MIA,DFW,600,200,1121,820,0,0,72.0,84.0,N,3.0,0.0,37.0,76.0,S,5.0,
2015,1,6,2,WN,3398,LAX,ATL,600,255,1947,1315,0,1,58.0,30.0,NE,8.0,0.0,53.0,31.0,NW,20.0,
2015,1,6,2,DL,1091,EWR,DTW,600,124,488,804,0,0,19.0,46.0,WSW,9.0,0.0,8.0,83.0,SW,7.0,0.0
2015,3,4,3,OO,5393,MKE,ORD,500,49,67,549,0,0,16.0,57.0,NW,16.0,0.0,18.0,78.0,WNW,14.0,0.0
2015,1,7,3,UA,572,AUS,IAH,535,56,140,631,0,0,43.0,82.0,N,7.0,0.0,46.0,93.0,CALM,0.0,0.0
2015,2,9,1,UA,532,DEN,ORD,1233,145,888,1558,0,0,66.0,16.0,SE,10.0,0.0,26.0,78.0,NNE,14.0,0.0
2015,12,3,4,WN,1560,MDW,BWI,515,105,611,800,0,0,35.0,76.0,W,5.0,0.0,42.0,53.0,WNW,22.0,0.0
2015,1,2,5,AA,1433,SAT,DFW,545,65,247,650,0,0,41.0,93.0,NE,6.0,0.0,37.0,96.0,N,10.0,0.0
2015,2,6,5,EV,5290,ABY,ATL,553,57,145,650,0,0,34.0,59.0,NNE,3.0,0.0,27.0,53.0,CALM,0.0,0.0
2015,1,3,6,AA,2426,LAX,DFW,720,180,1235,1220,0,0,46.0,68.0,ENE,6.0,0.0,45.0,74.0,VAR,5.0,0.0
2015,1,7,3,EV,5902,TUL,ORD,550,115,585,745,0,0,25.0,63.0,N,21.0,0.0,-1.0,60.0,NW,20.0,0.0
2015,12,3,4,DL,2485,BNA,ATL,530,70,214,740,0,0,33.0,75.0,N,7.0,0.0,40.0,70.0,NW,8.0,0.0
2015,1,4,7,WN,768,MCO,BWI,1125,130,787,1335,0,0,80.0,71.0,S,16.0,0.0,57.0,83.0,SW,10.0,0.0
2015,1,3,6,WN,2679,DAL,DCA,715,165,1184,1100,0,0,40.0,89.0,WNW,8.0,0.0,40.0,79.0,E,5.0,0.0
2015,3,9,1,EV,4579,ECP,IAH,609,121,572,810,0,0,59.0,81.0,CALM,0.0,0.0,54.0,97.0,E,8.0,0.1
2015,12,6,7,AA,1403,DFW,MIA,500,158,1121,838,0,1,44.0,76.0,SSW,5.0,0.0,77.0,76.0,NE,12.0,0.0
2015,12,1,2,DL,1662,FSD,MSP,505,68,196,613,0,1,25.0,88.0,SW,5.0,0.0,33.0,96.0,SE,7.0,0.0
2015,2,10,2,WN,406,STL,MDW,1455,65,251,1600,0,0,41.0,51.0,VAR,5.0,0.0,31.0,59.0,ESE,10.0,0.0
2015,12,1,2,AA,1727,BOS,PHL,530,85,280,655,0,1,34.0,73.0,CALM,0.0,0.0,50.0,89.0,ENE,7.0,0.0
2015,12,1,2,DL,1991,MSP,ATL,520,156,907,856,0,1,33.0,96.0,ESE,9.0,0.0,60.0,86.0,ESE,5.0,0.0
2015,2,10,2,WN,1061,BOS,BWI,1505,100,369,1645,0,0,30.0,69.0,NNE,10.0,0.0,37.0,65.0,N,13.0,0.0
2015,2,6,5,DL,2591,TPA,ATL,520,87,406,647,0,0,50.0,74.0,NNE,10.0,0.0,27.0,53.0,CALM,0.0,0.0
2015,1,3,6,WN,1146,FLL,TPA,700,70,197,810,0,0,76.0,85.0,SE,13.0,0.0,73.0,84.0,SE,9.0,0.0
2015,12,5,6,UA,410,SMF,DEN,535,143,909,858,0,0,36.0,97.0,CALM,0.0,0.0,34.0,73.0,NE,6.0,0.0
2015,1,4,7,OO,6262,DEN,PSP,1125,136,776,1241,0,1,12.0,73.0,W,3.0,0.0,62.0,23.0,CALM,0.0,0.0
2015,12,14,1,UA,1293,DEN,SAT,801,128,794,1109,0,0,26.0,78.0,W,8.0,0.0,50.0,52.0,NNW,12.0,0.0
2015,12,5,6,OO,5246,MSP,IAH,505,178,1034,803,0,0,40.0,73.0,S,15.0,0.0,45.0,82.0,NE,5.0,0.0
2015,1,4,7,UA,1219,DEN,LIH,1145,468,3414,1633,0,0,12.0,73.0,W,3.0,0.0,71.0,55.0,N,13.0,0.0
2015,2,10,2,WN,4744,HOU,DCA,1505,170,1218,1855,0,0,72.0,46.0,VAR,7.0,0.0,38.0,60.0,N,21.0,0.0
2015,2,12,4,AA,1234,LAS,ORD,27,203,1514,550,0,1,54.0,31.0,SW,8.0,0.0,11.0,61.0,NNW,18.0,0.0
2015,12,6,7,AA,1457,PHL,ORD,500,148,678,628,0,0,33.0,85.0,CALM,0.0,0.0,28.0,96.0,S,6.0,0.0
2015,2,10,2,AS,641,TUS,SEA,1505,190,1216,1715,0,0,77.0,17.0,NW,14.0,0.0,50.0,77.0,CALM,0.0,0.0
2015,3,5,4,US,583,DEN,PHL,40,200,1558,600,1,1,3.0,76.0,SSE,12.0,0.0,34.0,89.0,NNW,8.0,0.0
2015,3,9,1,OO,5466,CLD,LAX,600,52,86,652,0,0,55.0,83.0,CALM,0.0,0.0,56.0,87.0,CALM,0.0,0.0
2015,12,1,2,AA,2301,ORD,DFW,500,157,802,737,0,0,43.0,93.0,WSW,10.0,0.0,39.0,86.0,NNE,5.0,0.0
2015,1,4,7,AA,334,MFE,DFW,1130,100,469,1310,0,0,58.0,58.0,N,15.0,0.0,36.0,46.0,NNW,18.0,0.0
2015,12,5,6,MQ,3336,XNA,DFW,500,77,280,617,0,0,32.0,79.0,SE,7.0,0.0,37.0,82.0,SE,5.0,0.0
2015,1,5,1,DL,2294,GSO,ATL,525,82,306,647,0,0,39.0,62.0,NW,8.0,0.0,39.0,70.0,NNW,15.0,0.0
2015,2,4,3,DL,1404,LAX,SLC,550,118,590,848,0,1,55.0,96.0,ENE,3.0,0.0,44.0,89.0,CALM,0.0,0.0
2015,1,3,6,EV,5270,BQK,ATL,700,67,238,807,0,0,61.0,88.0,ENE,7.0,0.0,50.0,94.0,ESE,9.0,0.0
2015,12,1,2,AA,2011,RIC,CLT,528,77,257,645,0,0,42.0,96.0,NW,5.0,0.1,45.0,93.0,NE,3.0,0.0
2015,3,10,2,WN,3410,LAX,RNO,800,80,391,920,0,0,58.0,87.0,E,3.0,0.0,53.0,96.0,E,6.0,0.0
2015,1,7,3,WN,595,PDX,PHX,545,160,1009,925,0,0,35.0,100.0,CALM,0.0,0.0,61.0,42.0,SW,3.0,0.0
2015,2,6,5,UA,1096,PHL,IAH,519,234,1325,813,0,0,15.0,49.0,W,10.0,0.0,43.0,89.0,CALM,0.0,0.0
2015,3,10,2,US,2126,BOS,LGA,800,79,184,919,0,0,33.0,72.0,CALM,0.0,0.0,39.0,62.0,NE,9.0,0.0
2015,12,1,2,DL,2485,BNA,ATL,530,70,214,740,0,0,57.0,88.0,NW,9.0,0.1,60.0,83.0,ESE,5.0,0.0
2015,1,7,3,WN,433,OMA,MDW,555,90,423,725,0,0,3.0,60.0,N,22.0,0.0,2.0,55.0,NW,21.0,0.0
2015,12,14,1,AA,1530,ORD,ATL,815,114,606,1109,0,0,53.0,89.0,SW,20.0,0.0,83.0,69.0,S,13.0,0.0
2015,3,6,5,WN,23,MDW,DCA,535,110,601,825,0,0,7.0,73.0,SSW,9.0,0.0,19.0,47.0,N,12.0,0.0
2015,1,2,5,B6,515,BOS,BUF,549,96,395,725,0,0,34.0,46.0,SW,13.0,0.0,29.0,64.0,W,17.0,0.0
2015,3,9,1,EV,5474,RST,DTW,605,114,477,859,0,0,34.0,79.0,SW,13.0,0.0,26.0,88.0,S,5.0,0.0
2015,3,9,1,UA,770,MSY,EWR,603,168,1167,951,0,0,60.0,90.0,ENE,8.0,0.0,44.0,60.0,W,16.0,0.0
2015,12,5,6,OO,2923,ICT,ORD,525,123,588,728,0,0,37.0,89.0,SSE,16.0,0.0,30.0,96.0,S,6.0,0.0
2015,3,9,1,US,610,SFO,PHX,600,115,651,755,0,0,51.0,100.0,SW,6.0,0.0,59.0,46.0,E,7.0,0.0
2015,1,5,1,DL,1890,DFW,ATL,545,124,731,849,0,0,23.0,72.0,NNE,6.0,0.0,38.0,68.0,NNW,12.0,0.0
2015,3,9,1,WN,158,ATL,MCO,605,85,404,730,0,0,54.0,53.0,NNW,5.0,0.0,59.0,90.0,VAR,3.0,0.0
2015,1,4,7,EV,5352,OAJ,ATL,1126,93,399,1259,0,0,72.0,83.0,SW,9.0,0.0,62.0,84.0,WSW,12.0,0.0
2015,3,10,2,VX,219,AUS,SFO,800,230,1504,950,0,0,47.0,100.0,CALM,0.0,0.0,54.0,100.0,SSE,3.0,0.0
2015,12,3,4,F9,527,CLE,DEN,530,223,1201,713,0,0,33.0,89.0,WSW,13.0,0.0,52.0,76.0,E,7.0,0.0
2015,1,4,7,EV,4896,CAE,ATL,1133,64,192,1237,0,0,72.0,78.0,SW,10.0,0.0,62.0,84.0,WSW,12.0,0.0
2015,1,7,3,UA,325,EWR,IAH,503,242,1400,805,0,0,18.0,81.0,SW,9.0,0.0,50.0,80.0,CALM,0.0,0.0
2015,3,10,2,AS,61,SEA,JNU,750,150,909,920,0,0,43.0,87.0,N,8.0,0.0,32.0,85.0,CALM,0.0,0.0
2015,1,4,7,DL,1073,MSP,PDX,1130,234,1426,1324,0,1,-2.0,60.0,WNW,15.0,0.0,41.0,96.0,ESE,12.0,0.0
2015,2,10,2,DL,2390,ATL,MDT,1505,110,620,1655,0,1,54.0,51.0,NW,12.0,0.0,33.0,66.0,N,13.0,0.0
2015,3,10,2,US,602,PHX,LAS,750,73,255,903,0,0,61.0,30.0,E,6.0,0.0,64.0,21.0,S,7.0,0.0
2015,2,8,7,B6,154,PBI,JFK,600,154,1028,834,0,0,68.0,59.0,E,12.0,0.0,38.0,83.0,NE,6.0,0.0
2015,3,6,5,OO,5460,RDD,SFO,530,75,199,645,0,0,36.0,86.0,CALM,0.0,0.0,49.0,93.0,SSW,3.0,0.0
2015,1,4,7,WN,2436,MDW,PHX,1145,235,1444,1440,0,0,27.0,81.0,NW,18.0,0.0,64.0,27.0,VAR,3.0,0.0
2015,2,12,4,UA,259,SAT,IAH,535,59,191,634,0,0,52.0,63.0,NNE,15.0,0.0,50.0,77.0,N,9.0,0.0
2015,12,1,2,AA,2399,LAX,DFW,55,171,1235,546,0,0,54.0,45.0,NE,6.0,0.0,39.0,89.0,N,6.0,0.0
2015,1,2,5,US,480,SEA,PHX,515,165,1107,900,0,0,33.0,75.0,ESE,3.0,0.0,39.0,67.0,SW,6.0,0.0
2015,1,5,1,DL,2582,DEN,ATL,30,179,1199,529,0,0,-3.0,87.0,CALM,0.0,0.0,40.0,68.0,NNW,16.0,0.0
2015,12,4,5,DL,2440,SEA,MSP,45,189,1399,554,0,0,47.0,90.0,S,10.0,0.0,23.0,81.0,SE,5.0,0.0
2015,3,6,5,OO,6285,MFR,DEN,540,160,964,920,0,0,34.0,85.0,CALM,0.0,0.0,41.0,40.0,SSW,6.0,0.0
2015,3,9,1,AA,1564,PHX,ORD,605,200,1440,1125,0,0,57.0,44.0,E,6.0,0.0,46.0,58.0,SSW,7.0,0.0
2015,2,9,1,B6,466,RSW,BOS,1240,179,1249,1539,1,1,73.0,73.0,S,7.0,0.0,19.0,86.0,N,14.0,0.0
2015,2,12,4,EV,4288,MFE,IAH,520,70,316,630,0,0,62.0,90.0,N,7.0,0.0,50.0,77.0,N,9.0,0.0
2015,2,12,4,NK,103,BOS,MYR,510,131,738,721,0,0,17.0,68.0,N,5.0,0.0,48.0,82.0,SSW,9.0,0.0
2015,1,7,3,AA,1205,EWR,MIA,550,187,1085,857,0,0,18.0,81.0,SW,9.0,0.0,71.0,87.0,WNW,6.0,0.0
2015,1,4,7,OO,6534,DEN,IDA,1122,106,458,1308,0,1,12.0,73.0,W,3.0,0.0,64.0,52.0,WSW,3.0,0.0
2015,12,14,1,WN,1887,MDW,DCA,815,105,601,1100,0,0,54.0,80.0,SW,39.0,0.0,63.0,87.0,S,9.0,0.0
2015,12,1,2,AA,2025,RDU,PHL,520,74,337,634,0,0,43.0,93.0,CALM,0.0,0.0,50.0,89.0,ENE,7.0,0.0
2015,1,3,6,DL,1877,RSW,ATL,705,108,515,853,0,0,70.0,93.0,ESE,8.0,0.0,50.0,94.0,ESE,9.0,0.0
2015,1,7,3,AA,258,LAX,MIA,20,284,2342,804,0,1,63.0,30.0,ENE,6.0,0.0,71.0,87.0,WNW,6.0,0.0
2015,12,14,1,DL,819,BOS,MSP,805,207,1124,1032,0,1,47.0,86.0,ESE,3.0,0.0,34.0,89.0,N,20.0,0.1
2015,1,4,7,UA,652,DEN,IAD,1121,191,1452,1632,0,0,12.0,73.0,W,3.0,0.0,59.0,83.0,SSW,16.0,0.0
2015,12,4,5,DL,1418,MCO,ATL,520,85,404,645,0,0,66.0,93.0,ENE,9.0,0.0,39.0,67.0,ENE,10.0,0.0
2015,1,6,2,WN,770,STL,BWI,555,125,738,900,0,0,30.0,54.0,NW,14.0,0.0,21.0,86.0,CALM,0.0,0.0
2015,12,3,4,HA,102,HNL,ITO,500,52,216,552,0,0,75.0,69.0,NE,5.0,0.0,59.0,45.0,,0.0,0.0
2015,12,3,4,WN,6333,RNO,LAS,525,80,345,645,0,0,31.0,85.0,CALM,0.0,0.0,41.0,29.0,SSW,3.0,0.0
2015,1,4,7,UA,300,SFO,HNL,1125,324,2398,1449,0,1,51.0,61.0,CALM,0.0,0.0,78.0,46.0,NW,17.0,0.0
2015,2,8,7,B6,1306,ORD,JFK,600,127,740,907,0,0,35.0,92.0,N,8.0,0.0,39.0,82.0,NE,10.0,0.0
2015,1,4,7,EV,4102,HOB,IAH,1144,97,501,1421,0,0,32.0,60.0,CALM,0.0,0.0,54.0,51.0,N,15.0,0.0
2015,2,8,7,DL,1969,IND,ATL,600,104,432,744,0,0,49.0,71.0,SW,15.0,0.0,41.0,73.0,CALM,0.0,0.0
2015,12,1,2,AA,1982,LAX,CLT,50,280,2125,830,0,0,54.0,45.0,NE,6.0,0.0,46.0,93.0,CALM,0.0,0.0
2015,2,8,7,UA,545,MIA,IAH,600,178,964,758,0,0,67.0,70.0,E,6.0,0.0,58.0,97.0,S,5.0,0.0
2015,3,9,1,EV,5492,MDT,DTW,600,91,371,731,0,0,34.0,79.0,E,3.0,0.0,25.0,85.0,SSW,3.0,0.0
2015,12,6,7,MQ,3065,SGF,ORD,545,119,438,744,0,0,42.0,67.0,S,10.0,0.0,28.0,100.0,S,6.0,0.0
2015,3,10,2,EV,2514,DFW,OKC,755,54,175,849,1,1,49.0,97.0,NNW,7.0,0.0,46.0,93.0,NNW,6.0,0.0
2015,12,1,2,WN,1231,LAS,LAX,535,65,236,640,0,0,35.0,42.0,CALM,0.0,0.0,50.0,31.0,NE,3.0,0.0
2015,2,6,5,AA,1178,AUS,DFW,548,62,190,650,0,0,39.0,79.0,ESE,3.0,0.0,35.0,76.0,S,7.0,0.0
2015,3,10,2,US,2125,DCA,LGA,800,77,214,917,0,0,43.0,65.0,ENE,3.0,0.0,39.0,62.0,NE,9.0,0.0
2015,2,6,5,DL,1598,JAX,ATL,530,70,270,640,0,0,41.0,70.0,NNE,10.0,0.0,27.0,53.0,CALM,0.0,0.0
2015,2,10,2,MQ,3137,DFW,MLI,1505,115,691,1700,0,0,75.0,31.0,SSE,17.0,0.0,30.0,75.0,SE,10.0,0.0
2015,12,1,2,DL,1906,LAX,MSP,45,215,1535,620,0,0,54.0,45.0,NE,6.0,0.0,33.0,96.0,SE,7.0,0.0
2015,3,4,3,EV,5128,MGM,ATL,540,54,147,734,1,1,64.0,94.0,,0.0,0.0,58.0,97.0,SSW,7.0,0.0
2015,12,2,3,WN,1939,PHL,MDW,1105,140,668,1225,0,0,56.0,90.0,CALM,0.0,0.0,35.0,76.0,WSW,6.0,0.0
2015,12,1,2,MQ,3037,CLL,DFW,515,63,164,618,0,0,49.0,86.0,NNE,6.0,0.0,39.0,82.0,N,6.0,0.0
2015,1,7,3,AA,115,LAX,MIA,105,285,2342,850,0,0,58.0,39.0,ESE,3.0,0.0,71.0,87.0,WNW,6.0,0.0
2015,2,6,5,EV,5902,TUL,ORD,550,115,585,745,0,0,32.0,75.0,S,8.0,0.0,16.0,74.0,SSW,8.0,0.0
2015,12,4,5,WN,2416,SFO,LAS,530,80,414,650,0,0,46.0,93.0,CALM,0.0,0.0,43.0,38.0,NW,6.0,0.0
2015,3,10,2,AA,1567,STL,LAX,800,260,1592,1020,0,0,46.0,89.0,ENE,6.0,0.0,61.0,82.0,WSW,6.0,0.0
2015,3,6,5,OO,6403,MFR,SFO,520,88,329,648,0,0,34.0,85.0,CALM,0.0,0.0,49.0,93.0,SSW,3.0,0.0
2015,12,2,3,WN,1208,LAX,OAK,1100,75,337,1215,0,0,92.0,6.0,CALM,0.0,0.0,54.0,62.0,CALM,0.0,0.0
2015,1,3,6,OO,4742,SNA,SLC,705,115,588,1000,0,1,48.0,66.0,CALM,0.0,0.0,27.0,61.0,CALM,0.0,0.0
2015,2,6,5,DL,1961,RIC,ATL,550,114,481,744,0,0,15.0,61.0,CALM,0.0,0.0,29.0,47.0,CALM,0.0,0.0
2015,2,8,7,DL,1568,SYR,ATL,545,170,794,835,0,0,23.0,100.0,E,9.0,0.0,46.0,89.0,WSW,8.0,0.0
2015,1,4,7,OO,2598,LAX,TUS,1140,85,451,1405,0,0,60.0,57.0,W,6.0,0.0,,,,,
2015,1,5,1,AA,2211,PHX,MIA,127,239,1972,726,0,0,47.0,63.0,CALM,0.0,0.0,74.0,93.0,CALM,0.0,0.0
2015,2,6,5,US,658,ATL,CLT,550,66,226,656,0,0,28.0,51.0,CALM,0.0,0.0,22.0,46.0,S,5.0,0.0
2015,1,5,1,EV,4434,DSM,IAH,530,162,802,812,0,0,2.0,69.0,WSW,6.0,0.0,33.0,72.0,NNE,10.0,0.0
2015,2,9,1,WN,2346,LAS,SNA,1240,65,226,1345,0,0,77.0,21.0,SSW,16.0,0.0,74.0,48.0,W,8.0,0.0
2015,3,10,2,AS,860,HNL,SEA,800,345,2677,1645,0,0,72.0,51.0,CALM,0.0,0.0,55.0,62.0,W,6.0,0.0
2015,12,4,5,AA,90,DFW,ORD,510,143,802,733,0,0,39.0,79.0,CALM,0.0,0.0,32.0,96.0,SW,6.0,0.0
2015,1,6,2,UA,1173,PDX,IAH,600,240,1825,1200,0,0,38.0,100.0,CALM,0.0,0.0,61.0,34.0,VAR,3.0,
2015,2,6,5,EV,4287,IAD,IAH,527,225,1190,812,0,0,11.0,67.0,CALM,0.0,0.0,43.0,89.0,CALM,0.0,0.0
2015,12,4,5,NK,972,PHX,DFW,158,122,868,500,0,0,52.0,35.0,E,7.0,0.0,39.0,79.0,CALM,0.0,0.0
2015,3,4,3,DL,1214,DEN,ATL,20,166,1199,506,0,0,14.0,92.0,NNE,13.0,0.0,54.0,94.0,SSW,7.0,0.0
2015,12,2,3,AA,1046,MCI,DFW,1103,104,460,1247,0,0,39.0,76.0,WNW,13.0,0.0,57.0,37.0,NW,14.0,0.0
2015,1,4,7,WN,1433,LGA,ATL,1140,170,762,1430,0,0,50.0,89.0,SSW,13.0,0.0,62.0,70.0,W,15.0,0.0
2015,1,5,1,WN,944,SMF,DEN,545,155,909,920,0,0,33.0,89.0,NW,3.0,0.0,43.0,45.0,W,7.0,0.0
2015,12,14,1,WN,4042,ATL,BOS,805,150,946,1035,0,0,68.0,87.0,S,12.0,0.0,46.0,93.0,CALM,0.0,0.0
2015,2,10,2,DL,1983,ATL,SAV,1455,63,214,1558,0,0,53.0,52.0,NW,14.0,0.0,59.0,53.0,N,15.0,0.0
2015,12,14,1,WN,4034,ISP,MCO,810,180,971,1110,0,0,56.0,97.0,SE,5.0,0.0,79.0,72.0,S,14.0,0.0
2015,2,6,5,DL,2517,VPS,ATL,524,70,250,734,0,0,31.0,69.0,NNE,7.0,0.0,29.0,47.0,CALM,0.0,0.0
2015,2,9,1,WN,48,BOS,BNA,1240,185,942,1445,0,0,19.0,93.0,N,12.0,0.1,39.0,79.0,NNW,16.0,0.0
2015,1,3,6,WN,463,SAT,LAS,700,180,1069,800,0,0,41.0,93.0,VAR,7.0,0.0,40.0,35.0,SSW,8.0,0.0
2015,2,12,4,UA,596,PHL,IAH,515,231,1325,806,0,1,31.0,79.0,SSW,7.0,0.0,52.0,69.0,N,14.0,0.0
2015,1,1,4,AA,1103,LGA,DFW,600,245,1389,905,1,1,28.0,39.0,W,13.0,0.0,32.0,92.0,N,5.0,0.0
2015,2,10,2,EV,5583,MSP,GRR,1500,86,408,1726,0,1,24.0,81.0,SE,15.0,0.0,24.0,62.0,E,6.0,0.0
2015,1,4,7,AS,580,PDX,SNA,1135,138,859,1353,0,0,40.0,97.0,ESE,13.0,0.0,70.0,27.0,CALM,0.0,0.0
2015,2,10,2,DL,1143,SLC,PDX,1500,120,630,1600,0,0,49.0,56.0,N,8.0,0.0,50.0,86.0,NW,5.0,0.0
2015,12,3,4,AA,1458,EWR,DFW,500,248,1372,808,0,0,48.0,66.0,W,17.0,0.0,47.0,71.0,CALM,0.0,0.0
2015,1,3,6,DL,1950,SLC,DTW,720,215,1481,1255,0,0,23.0,68.0,W,3.0,0.0,34.0,93.0,E,7.0,0.0
2015,2,6,5,NK,451,PBG,FLL,155,208,1334,523,0,0,-15.0,78.0,CALM,0.0,0.0,57.0,87.0,NNW,8.0,0.0
2015,2,6,5,EV,2519,TYR,DFW,555,49,102,644,0,0,29.0,72.0,SSW,15.0,0.0,35.0,76.0,S,7.0,0.0
2015,1,2,5,OO,4779,DIK,MSP,530,113,481,823,0,0,23.0,78.0,SSW,7.0,0.0,11.0,61.0,S,5.0,0.0
2015,2,9,1,DL,2373,ATL,MIA,1230,119,594,1429,0,0,57.0,88.0,WSW,7.0,0.0,75.0,62.0,SSE,13.0,0.0
2015,3,5,4,EV,4557,CRP,IAH,535,60,201,635,0,0,41.0,79.0,N,31.0,0.0,40.0,86.0,N,21.0,0.1
2015,2,6,5,NK,612,LAS,MSP,25,181,1299,526,0,1,53.0,59.0,S,9.0,0.0,15.0,74.0,SE,5.0,0.0
2015,1,7,3,F9,1284,LAS,ORD,110,215,1514,645,0,0,50.0,48.0,SW,7.0,0.0,0.0,60.0,NW,17.0,0.0
2015,12,3,4,WN,2806,BDL,MDW,525,155,777,700,0,0,45.0,82.0,WNW,12.0,0.0,36.0,79.0,VAR,6.0,0.0
2015,2,10,2,EV,4637,ORD,BHM,1455,111,584,1646,0,0,33.0,56.0,SE,5.0,0.0,45.0,52.0,N,10.0,0.0
2015,3,4,3,NK,451,PBG,FLL,155,203,1334,518,0,1,27.0,85.0,SSE,13.0,0.0,73.0,84.0,SE,13.0,0.0
2015,1,4,7,EV,4952,FWA,ATL,1125,113,508,1318,0,0,34.0,92.0,W,16.0,0.0,64.0,73.0,WSW,9.0,0.0
2015,1,6,2,UA,1487,MSY,IAH,600,79,305,719,0,0,40.0,89.0,N,3.0,0.0,39.0,89.0,CALM,0.0,
2015,2,10,2,DL,1430,ATL,MSN,1506,128,707,1614,0,0,54.0,51.0,NW,12.0,0.0,29.0,69.0,SSE,14.0,0.0
2015,1,4,7,AA,376,IND,DFW,1125,150,761,1255,1,1,31.0,100.0,W,17.0,0.0,34.0,50.0,NNW,20.0,0.0
2015,12,4,5,WN,2119,FNT,BWI,530,105,452,715,0,0,39.0,70.0,W,13.0,0.0,34.0,82.0,WSW,3.0,0.0
2015,1,2,5,DL,1930,DEN,ATL,30,173,1199,523,0,0,18.0,92.0,SW,12.0,0.0,44.0,89.0,CALM,0.0,0.0
2015,2,9,1,WN,1792,MSY,EWR,1230,160,1167,1610,0,1,74.0,48.0,NW,13.0,0.0,27.0,80.0,NNE,14.0,0.0
2015,12,1,2,F9,1270,LAX,ORD,45,245,1744,650,0,0,54.0,45.0,NE,6.0,0.0,41.0,87.0,WSW,10.0,0.0
2015,2,4,3,AA,1674,LAS,MIA,45,264,2174,809,0,0,,,,,,72.0,61.0,E,12.0,0.0
2015,2,12,4,EV,6022,BNA,ORD,535,108,409,723,0,0,28.0,69.0,NNW,13.0,0.0,8.0,55.0,NNW,22.0,0.0
2015,12,14,1,DL,1758,RSW,DTW,805,170,1084,1055,0,0,72.0,97.0,SSE,10.0,0.0,59.0,81.0,SE,12.0,0.0
2015,3,5,4,DL,2489,PHL,DTW,550,101,453,731,1,1,36.0,86.0,NW,10.0,0.0,10.0,64.0,N,7.0,0.0
2015,1,5,1,AA,371,SEA,MIA,100,338,2724,938,0,0,51.0,92.0,S,21.0,0.0,80.0,71.0,SE,10.0,0.0
2015,1,6,2,DL,839,DCA,ATL,600,116,547,756,0,1,25.0,74.0,ESE,8.0,0.0,31.0,67.0,W,6.0,0.0
2015,1,3,6,WN,1037,OMA,DEN,700,105,472,745,0,0,21.0,92.0,SSE,6.0,0.0,23.0,65.0,S,5.0,0.0
2015,1,3,6,WN,1277,ABQ,SAN,705,115,628,800,0,0,21.0,71.0,NNE,10.0,0.0,51.0,61.0,CALM,0.0,0.0
2015,3,6,5,AS,108,ANC,SEA,45,200,1448,505,0,0,33.0,92.0,CALM,0.0,0.1,41.0,79.0,CALM,0.0,0.0
2015,3,6,5,OO,5435,PSC,SFO,530,126,620,736,0,0,27.0,92.0,CALM,0.0,0.0,54.0,90.0,E,3.0,0.0
2015,1,3,6,AS,9,MCO,SEA,705,382,2554,1027,0,0,70.0,100.0,SE,6.0,0.0,39.0,89.0,SSE,3.0,0.0
2015,1,4,7,WN,1853,RDU,TPA,1135,110,587,1325,0,1,63.0,84.0,WNW,10.0,0.0,79.0,72.0,SSW,18.0,0.0
2015,1,2,5,WN,2181,IAD,DEN,540,245,1452,745,0,0,25.0,85.0,CALM,0.0,0.0,17.0,77.0,SSW,15.0,0.0
2015,12,1,2,NK,597,MSP,FLL,115,206,1487,541,0,1,33.0,96.0,E,10.0,0.0,74.0,87.0,ESE,9.0,0.0
2015,1,5,1,NK,895,FLL,SJU,525,150,1046,855,0,0,74.0,93.0,NNW,5.0,0.0,79.0,74.0,E,6.0,0.0
2015,3,4,3,EV,4209,BTR,IAH,525,72,253,637,1,1,68.0,96.0,S,6.0,0.0,70.0,90.0,SSE,7.0,0.0
2015,2,6,5,DL,1245,MSO,MSP,540,169,1013,929,0,0,37.0,79.0,S,7.0,0.0,20.0,71.0,E,5.0,0.0
2015,12,4,5,AA,1102,AUS,DFW,505,63,190,608,0,0,34.0,92.0,CALM,0.0,0.0,40.0,83.0,CALM,0.0,0.0
2015,1,4,7,AA,1314,LAX,IND,1125,240,1814,1825,0,0,60.0,57.0,W,6.0,0.0,20.0,85.0,W,24.0,0.0
2015,12,2,3,DL,1656,ATL,PBI,1105,115,545,1300,0,0,55.0,80.0,WNW,9.0,0.0,81.0,77.0,SSE,15.0,0.0
2015,12,1,2,F9,1138,LAS,AUS,45,150,1090,515,0,0,37.0,39.0,SSW,5.0,0.0,75.0,15.0,SW,10.0,0.0
2015,3,5,4,NK,298,LAS,IAH,144,168,1222,632,0,1,45.0,52.0,SW,7.0,0.0,40.0,86.0,N,21.0,0.1
2015,1,6,2,AA,1219,MIA,LGA,600,174,1096,854,0,1,72.0,84.0,N,3.0,0.0,19.0,59.0,SE,3.0,
2015,1,4,7,EV,5413,ATL,HSV,1145,56,151,1141,0,0,61.0,88.0,WSW,12.0,0.0,50.0,66.0,W,9.0,0.0
2015,2,12,4,AS,695,GEG,SEA,500,65,224,605,0,0,40.0,100.0,ENE,5.0,0.0,50.0,89.0,ESE,6.0,0.0
2015,2,8,7,MQ,3083,FNT,ORD,551,79,223,610,0,0,37.0,79.0,SE,3.0,0.0,35.0,92.0,N,8.0,0.0
2015,3,10,2,UA,1059,LGA,DEN,751,276,1620,1027,0,1,35.0,67.0,ENE,5.0,0.0,55.0,24.0,N,8.0,
2015,1,6,2,AS,338,SEA,SJC,600,123,697,803,0,0,45.0,93.0,CALM,0.0,0.0,46.0,76.0,CALM,0.0,0.0
2015,12,5,6,MQ,3563,SJT,DFW,513,66,229,619,0,0,72.0,100.0,VAR,1.0,0.0,37.0,82.0,SE,5.0,0.0
2015,1,3,6,WN,18,BWI,FLL,700,155,925,935,0,0,36.0,73.0,CALM,0.0,0.0,79.0,77.0,SE,16.0,0.0
2015,1,1,4,UA,1577,SMF,DEN,538,142,909,900,0,1,27.0,93.0,CALM,0.0,0.0,15.0,61.0,SW,5.0,0.0
2015,12,1,2,AS,730,ANC,SEA,500,200,1448,920,0,0,22.0,78.0,E,6.0,0.0,45.0,63.0,ESE,5.0,0.0
2015,1,2,5,US,803,IAH,CLT,515,139,912,834,0,0,47.0,97.0,NE,7.0,0.0,46.0,68.0,CALM,0.0,0.0
2015,12,2,3,DL,1134,PBI,ATL,1105,110,545,1255,0,0,80.0,81.0,SSE,13.0,0.0,57.0,74.0,NW,14.0,0.0
2015,2,6,5,DL,1418,MCO,ATL,520,89,404,649,0,0,51.0,83.0,N,13.0,0.0,27.0,53.0,CALM,0.0,0.0
2015,1,3,6,AA,315,LGA,ORD,700,165,733,845,0,0,32.0,64.0,E,10.0,0.0,33.0,92.0,SE,8.0,0.0
2015,12,14,1,OO,4580,BNA,MSP,815,137,695,1032,0,0,57.0,74.0,S,16.0,0.0,34.0,89.0,N,20.0,0.1
2015,2,8,7,MQ,3189,CID,DFW,559,141,685,820,0,0,30.0,100.0,NNW,10.0,0.0,57.0,87.0,S,12.0,0.0
2015,3,10,2,B6,1169,RIC,MCO,755,119,667,954,0,0,48.0,71.0,CALM,0.0,0.0,75.0,82.0,SE,12.0,0.0
2015,2,4,3,US,403,IND,PHX,545,243,1488,748,0,0,45.0,93.0,CALM,0.0,0.0,53.0,80.0,E,8.0,0.0
2015,12,14,1,DL,2811,JFK,TPA,800,188,1005,1108,0,1,55.0,94.0,CALM,0.0,0.0,78.0,81.0,S,12.0,0.0
2015,1,4,7,VX,714,SFO,DAL,1140,200,1476,1700,0,0,51.0,61.0,CALM,0.0,0.0,35.0,52.0,NNW,8.0,0.0
2015,1,1,4,AA,1055,MCO,DFW,600,185,985,805,1,1,61.0,90.0,N,8.0,0.0,32.0,88.0,NNE,3.0,0.0
2015,3,9,1,UA,1286,TPA,ORD,603,174,1012,757,0,0,67.0,70.0,E,6.0,0.0,27.0,85.0,SW,3.0,0.0
2015,2,8,7,AA,196,MIA,PHL,600,162,1013,842,0,0,67.0,70.0,E,6.0,0.0,38.0,65.0,NE,5.0,0.0
2015,2,6,5,DL,2427,ATW,ATL,535,147,765,902,0,1,10.0,67.0,WSW,7.0,0.0,36.0,31.0,SE,6.0,0.0
2015,2,9,1,EV,5689,IAD,CAE,1231,91,401,1402,0,0,38.0,86.0,NE,8.0,0.0,,,,,
2015,3,4,3,OO,5484,BOI,SFO,515,113,522,608,0,0,21.0,71.0,CALM,0.0,0.0,47.0,86.0,SW,3.0,0.0
2015,2,12,4,DL,2511,BNA,ATL,530,72,214,742,0,1,28.0,69.0,NNW,13.0,0.0,40.0,68.0,WNW,10.0,0.0
2015,12,1,2,AA,2564,ATL,ORD,500,138,606,618,0,0,60.0,83.0,E,3.0,0.0,41.0,87.0,WSW,10.0,0.0
2015,12,4,5,AA,2061,PIT,CLT,515,93,366,648,0,0,37.0,70.0,WSW,7.0,0.0,31.0,76.0,NNE,6.0,0.0
2015,3,10,2,WN,321,PHL,STL,755,165,814,940,0,0,34.0,82.0,CALM,0.0,0.0,46.0,93.0,NE,5.0,0.0
2015,12,4,5,AA,1982,LAX,CLT,50,280,2125,830,0,0,58.0,72.0,VAR,6.0,0.0,40.0,60.0,VAR,5.0,0.0
2015,2,12,4,MQ,3680,MSN,ORD,550,56,108,646,0,0,7.0,77.0,NNW,12.0,0.0,9.0,59.0,NNW,17.0,0.0
2015,1,5,1,OO,5467,ONT,SFO,500,89,363,629,0,1,38.0,99.0,,0.0,0.0,44.0,79.0,CALM,0.0,0.0
2015,3,10,2,B6,434,SFO,BOS,750,339,2704,1629,0,0,52.0,100.0,CALM,0.0,0.0,44.0,55.0,S,13.0,0.0
2015,1,3,6,WN,1640,DAL,MSY,705,75,436,820,0,1,40.0,89.0,WNW,8.0,0.0,70.0,90.0,SSE,10.0,0.0
2015,12,3,4,WN,1684,MKE,ATL,530,130,669,840,0,0,36.0,82.0,WNW,8.0,0.0,41.0,67.0,NNW,10.0,0.0
2015,3,10,2,MQ,3320,DFW,LAW,750,47,140,837,0,0,49.0,97.0,NNW,7.0,0.0,48.0,100.0,NNW,5.0,
2015,1,6,2,WN,4881,LIT,BWI,600,130,912,910,0,0,26.0,78.0,WSW,3.0,0.0,21.0,86.0,CALM,0.0,0.0
2015,2,8,7,DL,1404,LAX,SLC,550,118,590,848,0,0,60.0,93.0,W,7.0,0.0,46.0,76.0,S,6.0,0.0
2015,3,5,4,EV,4671,HRL,IAH,521,74,295,635,0,0,43.0,93.0,NNW,25.0,0.0,40.0,86.0,N,21.0,0.1
2015,3,10,2,AS,1,DCA,SEA,800,350,2329,1050,0,0,43.0,65.0,ENE,3.0,0.0,45.0,81.0,NNW,5.0,0.0
2015,1,4,7,US,706,LAS,CLT,1130,251,1916,1841,0,0,50.0,27.0,SSE,5.0,0.0,62.0,72.0,SW,14.0,0.0
2015,2,4,3,F9,117,MSP,DEN,545,129,680,654,0,0,10.0,84.0,NW,8.0,0.0,26.0,92.0,NE,23.0,0.0
2015,1,1,4,AA,1180,SFO,DFW,600,210,1464,1130,1,1,48.0,48.0,NE,17.0,0.0,33.0,92.0,NNE,6.0,0.0
2015,12,1,2,F9,1138,LAS,AUS,45,150,1090,515,0,0,37.0,39.0,SSW,5.0,0.0,75.0,15.0,SW,10.0,0.0
2015,12,3,4,B6,730,BQN,MCO,311,173,1129,504,0,0,,,,,,70.0,97.0,NNW,3.0,0.0
2015,12,5,6,OO,5508,SEA,DEN,517,154,1024,851,0,0,45.0,65.0,SSE,8.0,0.0,34.0,73.0,NE,6.0,0.0
2015,2,4,3,NK,168,PHX,ORD,125,204,1440,549,0,1,56.0,77.0,ESE,8.0,0.0,20.0,89.0,NNW,9.0,0.0
2015,3,9,1,OO,6224,RDM,DEN,600,140,898,920,0,0,30.0,66.0,ESE,6.0,0.0,43.0,60.0,SW,10.0,0.0
2015,1,3,6,DL,1054,BDL,ATL,720,172,859,1012,0,0,23.0,74.0,CALM,0.0,0.0,51.0,96.0,ESE,12.0,0.0
2015,3,10,2,MQ,3065,DFW,GSO,755,144,999,1119,0,0,49.0,97.0,NNW,7.0,0.0,62.0,70.0,SSW,9.0,0.0
2015,1,2,5,B6,939,JFK,BQN,545,221,1576,1026,0,0,37.0,48.0,W,15.0,0.0,82.0,70.0,E,15.0,0.0
2015,12,6,7,OO,5628,RNO,SFO,530,78,192,648,0,0,51.0,22.0,SW,14.0,0.0,54.0,72.0,E,8.0,0.0
2015,12,6,7,F9,333,MSP,DEN,545,150,680,715,0,0,39.0,89.0,WNW,3.0,0.0,28.0,51.0,S,12.0,0.0
2015,1,7,3,OO,5460,RDD,SFO,515,86,199,641,0,0,36.0,93.0,CALM,0.0,0.0,45.0,90.0,CALM,0.0,0.0
2015,1,7,3,AA,2392,DEN,MIA,120,226,1709,706,0,0,16.0,92.0,E,10.0,0.0,71.0,87.0,NW,6.0,0.0
2015,12,2,3,OO,4680,SLC,EUG,1110,129,618,1219,0,0,37.0,36.0,NE,5.0,0.0,49.0,90.0,NE,3.0,0.0
2015,3,6,5,US,469,EWR,CLT,500,111,529,651,0,1,13.0,62.0,NW,9.0,0.0,25.0,60.0,NNE,10.0,0.0
2015,3,4,3,NK,298,LAS,IAH,144,168,1222,632,0,0,47.0,32.0,NNW,7.0,0.0,70.0,90.0,SSE,7.0,0.0
2015,12,4,5,EV,2845,LAW,DFW,525,60,140,625,0,0,34.0,90.0,NNE,2.0,0.0,40.0,83.0,CALM,0.0,0.0
2015,2,4,3,OO,6381,OMA,IAH,540,145,781,805,0,1,19.0,88.0,NNW,17.0,0.0,45.0,87.0,CALM,0.0,0.0
2015,1,4,7,WN,3392,ABQ,PDX,1140,180,1111,1340,0,1,37.0,48.0,WSW,6.0,0.0,41.0,96.0,ESE,12.0,0.0
2015,1,6,2,DL,2365,EVV,ATL,600,90,350,830,0,0,32.0,56.0,W,9.0,0.0,37.0,59.0,W,8.0,0.0
2015,12,1,2,WN,1489,SEA,DEN,530,155,1024,905,0,0,41.0,79.0,SE,6.0,0.0,34.0,40.0,W,17.0,0.0
2015,2,4,3,OO,5393,MKE,ORD,510,49,67,559,0,0,18.0,71.0,NNW,12.0,0.0,20.0,89.0,NNW,9.0,0.0
2015,12,2,3,AA,1864,ATL,PHL,1100,118,666,1258,0,1,55.0,80.0,WNW,9.0,0.0,57.0,87.0,SW,6.0,0.0
2015,12,5,6,NK,647,IAG,FLL,210,179,1176,509,0,0,34.0,79.0,W,6.0,0.0,77.0,84.0,ENE,16.0,0.0
2015,2,8,7,AS,81,SEA,ANC,600,229,1448,849,0,0,47.0,90.0,SE,7.0,0.0,5.0,39.0,NNE,18.0,0.0
2015,3,10,2,UA,496,ORD,EWR,754,126,719,1100,0,0,37.0,100.0,S,3.0,0.0,50.0,46.0,NE,3.0,0.0
2015,12,4,5,HA,206,HNL,OGG,504,39,100,543,0,0,76.0,71.0,NE,9.0,0.0,65.0,81.0,VAR,5.0,0.0
2015,1,1,4,EV,5230,CID,ATL,554,131,694,905,0,0,14.0,74.0,SW,14.0,0.0,43.0,53.0,CALM,0.0,0.0
2015,12,6,7,WN,1768,MSY,DAL,545,90,436,715,0,0,56.0,77.0,NE,8.0,0.0,45.0,80.0,CALM,0.0,0.0
2015,1,4,7,WN,1706,TPA,BUF,1125,155,1053,1400,0,0,79.0,74.0,S,10.0,0.0,40.0,86.0,WSW,36.0,0.0
2015,1,3,6,B6,2191,BOS,TPA,710,215,1185,1045,0,0,23.0,55.0,N,5.0,0.0,78.0,74.0,SSE,10.0,0.0
2015,3,9,1,WN,1790,DAL,MCI,605,85,460,730,0,0,48.0,96.0,E,5.0,0.0,33.0,89.0,ENE,6.0,0.0
2015,12,5,6,WN,3552,LAX,DAL,535,180,1246,1035,0,0,56.0,47.0,N,6.0,0.0,52.0,54.0,SE,10.0,0.0
2015,1,5,1,B6,917,BOS,JFK,545,77,187,702,0,1,40.0,55.0,W,23.0,0.0,40.0,45.0,W,22.0,0.0
2015,3,9,1,AA,310,MFE,DFW,604,96,469,740,1,1,59.0,96.0,CALM,0.0,0.0,48.0,96.0,E,5.0,0.0
2015,1,2,5,AA,1637,RNO,DFW,30,190,1345,540,0,0,16.0,74.0,CALM,0.0,0.0,37.0,96.0,N,8.0,0.0
2015,3,4,3,US,1901,RDU,CLT,530,57,130,627,0,1,42.0,92.0,WSW,8.0,0.0,46.0,93.0,S,9.0,0.0
2015,2,4,3,UA,485,SEA,DEN,530,157,1024,907,0,0,41.0,93.0,CALM,0.0,0.0,23.0,88.0,ENE,8.0,0.0
2015,1,4,7,AA,332,DFW,RDU,1130,150,1061,1500,0,1,32.0,52.0,NNW,22.0,0.0,64.0,80.0,S,17.0,0.1
2015,2,10,2,WN,116,ABQ,HOU,1455,115,759,1750,0,0,67.0,19.0,CALM,0.0,0.0,66.0,65.0,SSE,8.0,0.0
2015,12,5,6,AA,1219,DCA,ORD,510,144,612,634,0,0,36.0,86.0,N,5.0,0.0,30.0,100.0,SW,7.0,0.0
2015,3,5,4,DL,2417,TLH,ATL,540,68,223,648,0,0,68.0,93.0,SSW,3.0,0.0,64.0,93.0,WNW,7.0,0.0
2015,3,6,5,EV,3950,DSM,ORD,500,80,299,620,0,1,23.0,63.0,SSW,13.0,0.0,6.0,73.0,SW,12.0,0.0
2015,1,2,5,DL,307,LAX,DTW,55,265,1979,820,0,0,46.0,68.0,E,5.0,0.0,27.0,72.0,S,7.0,0.0
2015,1,4,7,B6,107,SEA,LGB,1135,150,965,1405,0,0,43.0,93.0,SSE,10.0,0.0,65.0,52.0,W,9.0,0.0
2015,12,5,6,DL,2598,MSO,MSP,540,158,1013,918,0,0,28.0,96.0,CALM,0.0,0.0,42.0,70.0,S,13.0,0.0
2015,1,4,7,US,2053,CLT,TPA,1130,102,507,1312,0,1,55.0,94.0,S,8.0,0.0,79.0,72.0,SSW,18.0,0.0
2015,2,8,7,AA,1345,TUL,DFW,600,73,237,713,0,0,,,,,,53.0,93.0,S,10.0,0.0
2015,1,1,4,WN,676,PHX,SLC,600,95,507,735,0,0,36.0,86.0,E,5.0,0.0,7.0,80.0,CALM,0.0,0.0
2015,3,10,2,US,1906,CLT,MCI,750,161,808,931,0,0,57.0,62.0,SE,6.0,0.0,49.0,80.0,WSW,6.0,0.0
2015,12,4,5,DL,1303,SAV,ATL,530,71,214,641,0,0,52.0,66.0,E,3.0,0.0,39.0,67.0,ENE,10.0,0.0
2015,1,3,6,OO,5366,DVL,JMS,700,38,83,738,0,1,-6.0,65.0,N,28.0,0.0,3.0,84.0,N,30.0,0.0
2015,12,2,3,B6,1404,SJU,JFK,1103,236,1598,1359,0,0,85.0,72.0,E,13.0,0.0,54.0,94.0,CALM,0.0,0.0
2015,12,5,6,WN,1957,PVD,FLL,545,205,1188,910,0,0,33.0,85.0,WSW,3.0,0.0,78.0,81.0,ENE,13.0,0.0
2015,12,5,6,MQ,3482,COU,ORD,500,104,315,644,0,0,32.0,82.0,SE,10.0,0.0,30.0,100.0,SW,7.0,0.0
2015,12,6,7,UA,789,PDX,DEN,535,149,991,904,0,0,46.0,89.0,SE,9.0,0.0,43.0,31.0,S,12.0,0.0
2015,12,5,6,MQ,3550,EWR,ORD,500,170,719,650,0,0,39.0,73.0,CALM,0.0,0.0,30.0,100.0,SW,7.0,0.0
2015,12,4,5,AA,1113,LAX,ORD,55,250,1744,705,0,0,58.0,72.0,VAR,6.0,0.0,23.0,81.0,SE,5.0,0.0
2015,1,7,3,UA,1162,BQN,EWR,255,240,1585,555,0,1,,,,,,18.0,81.0,SW,9.0,0.0
2015,1,7,3,B6,1990,SJU,EWR,155,246,1608,501,0,1,73.0,93.0,E,6.0,0.0,18.0,81.0,SW,9.0,0.0
2015,3,4,3,DL,1679,BIS,MSP,500,85,386,625,0,0,-2.0,69.0,NW,15.0,0.0,-1.0,69.0,W,8.0,0.0
2015,2,4,3,DL,2288,BHM,ATL,525,60,134,725,0,0,32.0,79.0,CALM,0.0,0.0,37.0,62.0,E,3.0,0.0
2015,3,9,1,MQ,3319,TXK,DFW,600,57,181,657,0,0,45.0,100.0,ENE,5.0,0.1,48.0,96.0,E,3.0,0.0
2015,2,4,3,US,1901,RIC,CLT,525,77,257,642,0,0,,,,,,31.0,64.0,S,3.0,0.0
2015,1,4,7,DL,1856,MLB,ATL,1120,98,442,1258,0,0,83.0,60.0,S,15.0,0.0,62.0,84.0,WSW,12.0,0.0
2015,2,8,7,DL,2605,ALB,ATL,600,187,853,907,0,0,13.0,74.0,NNE,8.0,0.0,46.0,93.0,WSW,8.0,0.0
2015,1,3,6,DL,400,PDX,JFK,700,311,2454,1511,0,0,35.0,96.0,WSW,6.0,0.0,39.0,81.0,E,8.0,0.0
2015,1,6,2,WN,4426,RNO,PHX,600,105,601,845,0,0,27.0,92.0,CALM,0.0,0.0,52.0,49.0,CALM,0.0,
2015,1,3,6,B6,52,MCO,BOS,701,166,1121,947,0,0,70.0,100.0,SE,6.0,0.0,26.0,51.0,CALM,0.0,0.0
2015,12,14,1,AA,1729,DTW,CLT,810,119,500,1009,0,0,56.0,75.0,SSE,14.0,0.0,66.0,83.0,SSE,16.0,0.0
2015,1,7,3,UA,812,SEA,DEN,530,157,1024,907,1,1,45.0,93.0,N,5.0,0.0,14.0,92.0,SE,5.0,0.0
2015,1,1,4,AA,2204,MSY,MIA,600,109,675,849,0,0,46.0,83.0,E,10.0,0.0,75.0,82.0,VAR,3.0,0.0
2015,12,5,6,WN,3219,MHT,BWI,530,105,377,715,0,0,31.0,89.0,S,5.0,0.0,31.0,89.0,W,3.0,0.0
2015,1,4,7,US,2071,CLT,ATL,1140,79,226,1259,0,0,55.0,94.0,S,8.0,0.0,62.0,84.0,WSW,12.0,0.0
2015,12,3,4,EV,6143,CWA,ORD,530,75,213,645,0,0,30.0,100.0,W,10.0,0.0,34.0,85.0,W,8.0,0.0
2015,1,7,3,AA,2454,BOS,MIA,515,210,1258,845,0,1,18.0,65.0,W,12.0,0.0,71.0,87.0,WNW,6.0,0.0
2015,12,14,1,AA,561,DFW,PHX,815,170,868,1005,0,1,50.0,61.0,SW,8.0,0.0,47.0,86.0,ESE,6.0,0.0
2015,1,7,3,OO,5484,BOI,SFO,520,115,522,615,0,1,27.0,93.0,CALM,0.0,0.0,45.0,90.0,CALM,0.0,0.0
2015,12,1,2,AA,2061,PIT,CLT,515,93,366,648,0,0,44.0,93.0,ESE,7.0,0.0,45.0,93.0,NE,3.0,0.0
2015,3,4,3,WN,4036,SMF,LAX,540,85,373,705,0,0,37.0,82.0,CALM,0.0,0.0,55.0,64.0,CALM,0.0,0.0
2015,1,5,1,UA,707,ORD,DEN,533,165,888,718,0,0,-3.0,68.0,W,14.0,0.0,12.0,80.0,VAR,7.0,0.0
2015,1,3,6,DL,957,ORD,ATL,700,126,606,1006,0,1,32.0,96.0,SSE,7.0,0.0,51.0,96.0,ESE,12.0,0.0
2015,1,7,3,B6,262,SJU,BOS,328,245,1674,633,0,1,73.0,90.0,E,6.0,0.0,16.0,71.0,WSW,12.0,0.0
2015,1,4,7,WN,1619,DEN,LAS,1145,115,628,1240,0,1,12.0,73.0,W,3.0,0.0,,,,,
2015,2,10,2,DL,1774,ATL,RDU,1500,80,356,1620,0,0,54.0,51.0,NW,12.0,0.0,43.0,70.0,NNE,10.0,0.0
2015,12,4,5,DL,1107,BGR,LGA,524,115,378,719,0,0,28.0,85.0,NW,8.0,0.0,45.0,58.0,WNW,9.0,0.0
2015,12,3,4,AA,1845,BWI,CLT,515,88,361,643,0,0,44.0,63.0,WNW,21.0,0.0,43.0,60.0,NNW,8.0,0.0
2015,3,6,5,UA,341,ORD,IAH,515,176,925,811,0,0,5.0,76.0,SSW,9.0,0.0,38.0,57.0,NE,10.0,0.0
2015,12,5,6,AS,454,SEA,LAX,500,169,954,749,0,0,65.0,93.0,N,10.0,0.0,59.0,38.0,N,7.0,0.0
2015,1,7,3,EV,5543,CAE,ATL,545,63,192,648,0,0,31.0,85.0,SSW,3.0,0.0,32.0,69.0,NW,13.0,0.0
2015,12,1,2,F9,1270,LAX,ORD,45,245,1744,650,0,0,54.0,45.0,NE,6.0,0.0,41.0,87.0,WSW,10.0,0.0
2015,1,4,7,UA,308,IAH,GUC,1140,168,886,1328,0,0,50.0,63.0,NNW,16.0,0.0,9.0,52.0,SE,5.0,0.0
2015,1,1,4,AA,1345,TUL,DFW,600,75,237,715,0,0,26.0,58.0,CALM,0.0,0.0,31.0,89.0,N,6.0,0.0
2015,3,10,2,WN,3144,PIT,FLL,750,170,994,1040,0,0,34.0,85.0,CALM,0.0,0.0,79.0,74.0,ESE,18.0,0.0
2015,1,4,7,UA,1533,IAH,SEA,1129,289,1874,1418,0,1,50.0,63.0,NNW,16.0,0.0,47.0,86.0,SSE,14.0,0.0
2015,3,4,3,NK,597,MSP,FLL,115,206,1487,541,0,0,3.0,63.0,W,9.0,0.0,73.0,84.0,SE,13.0,0.0
2015,12,3,4,AA,1925,MSP,CLT,505,160,930,845,0,0,23.0,88.0,S,7.0,0.0,43.0,58.0,N,6.0,0.0
2015,2,9,1,EV,4500,SDF,EWR,1233,123,642,1436,0,1,37.0,79.0,N,16.0,0.0,26.0,81.0,NNE,16.0,0.0
2015,12,14,1,WN,451,PVD,BWI,815,85,327,940,0,0,47.0,97.0,SE,5.0,0.0,62.0,90.0,S,6.0,0.0
2015,1,4,7,NK,561,DEN,LAS,1129,115,628,1224,0,0,12.0,73.0,W,3.0,0.0,51.0,26.0,VAR,3.0,0.0
2015,12,1,2,WN,2921,PHL,FLL,530,165,992,815,0,0,49.0,90.0,ENE,7.0,0.0,78.0,81.0,E,7.0,0.0
2015,3,4,3,AA,1234,LAS,ORD,27,203,1514,550,0,0,47.0,30.0,N,12.0,0.0,18.0,78.0,WNW,14.0,0.0
2015,1,3,6,EV,4479,IAH,PNS,720,87,489,847,0,0,48.0,93.0,CALM,0.0,0.0,65.0,100.0,SE,13.0,0.0
2015,3,4,3,OO,4972,BOI,ORD,554,211,1437,1025,0,0,21.0,71.0,CALM,0.0,0.0,19.0,57.0,WNW,13.0,0.0
2015,1,5,1,EV,4208,SHV,IAH,530,64,192,634,0,0,27.0,61.0,NNE,6.0,0.0,31.0,76.0,N,7.0,0.0
2015,1,3,6,EV,4456,CRP,IAH,717,56,201,813,0,0,47.0,90.0,NW,9.0,0.0,48.0,93.0,WSW,3.0,0.1
2015,3,10,2,AA,306,LAX,MIA,800,294,2342,1554,0,1,58.0,87.0,E,3.0,0.0,83.0,60.0,E,17.0,0.0
2015,2,8,7,B6,115,SYR,JFK,600,83,209,723,0,0,22.0,100.0,ENE,10.0,0.0,37.0,82.0,ENE,8.0,0.0
2015,12,5,6,UA,514,PHX,ORD,54,205,1440,519,0,0,55.0,35.0,CALM,0.0,0.0,30.0,100.0,S,8.0,0.0
2015,12,14,1,UA,1866,AUS,IAH,810,61,140,911,0,0,55.0,55.0,SW,8.0,0.0,58.0,67.0,SW,10.0,0.0
2015,1,3,6,AS,415,PDX,SEA,700,50,129,750,0,0,35.0,96.0,WSW,6.0,0.0,36.0,89.0,SSE,3.0,0.0
2015,1,5,1,US,2020,PHX,CLT,15,225,1773,600,0,0,48.0,61.0,CALM,0.0,0.0,39.0,62.0,NNW,5.0,0.0
2015,1,3,6,AA,1206,SAT,DFW,720,70,247,830,0,0,41.0,93.0,VAR,7.0,0.0,39.0,89.0,WNW,10.0,0.0
2015,3,9,1,HA,202,HNL,ITO,606,50,216,656,0,0,63.0,81.0,CALM,0.0,0.0,,,,,
2015,12,2,3,B6,383,JFK,MCO,1100,167,944,1347,0,0,52.0,94.0,CALM,0.0,0.0,82.0,69.0,SW,6.0,0.0
2015,3,9,1,WN,1078,DAL,LAS,605,175,1067,700,0,0,48.0,96.0,E,5.0,0.0,55.0,37.0,S,8.0,0.0
2015,1,3,6,AA,1537,ORD,MCO,720,150,1005,1050,0,1,32.0,96.0,SSE,7.0,0.0,78.0,79.0,SSE,15.0,0.0
2015,1,4,7,EV,6031,DEN,GUC,1122,56,152,1218,0,0,12.0,73.0,W,3.0,0.0,7.0,48.0,E,5.0,0.0
2015,3,5,4,EV,4882,BTV,DTW,545,139,537,804,0,0,19.0,52.0,NNW,15.0,0.0,11.0,61.0,N,8.0,0.0
2015,12,6,7,B6,917,BOS,JFK,545,71,187,656,0,0,36.0,86.0,SW,9.0,0.0,39.0,86.0,CALM,0.0,0.0
2015,12,14,1,WN,281,MDW,OMA,805,85,423,930,0,0,54.0,80.0,SW,39.0,0.0,38.0,89.0,NW,28.0,0.0
2015,1,4,7,EV,2545,DFW,TYS,1135,115,772,1430,0,0,32.0,52.0,NNW,22.0,0.0,57.0,62.0,W,23.0,0.0
2015,1,5,1,US,1732,ORF,CLT,515,76,290,631,0,0,49.0,52.0,WSW,7.0,0.0,39.0,62.0,NNW,5.0,0.0
2015,12,2,3,OO,4807,SLC,HLN,1100,97,402,1237,0,0,37.0,36.0,NE,5.0,0.0,25.0,69.0,NW,7.0,0.0
2015,2,6,5,MQ,3680,MSN,ORD,540,55,108,635,0,0,14.0,64.0,WSW,5.0,0.0,16.0,71.0,SSW,7.0,0.0
2015,3,10,2,AS,527,SNA,SEA,800,169,978,1049,0,0,59.0,78.0,NNE,3.0,0.0,45.0,81.0,NNW,5.0,0.0
2015,2,6,5,OO,6285,MFR,DEN,540,160,964,920,0,0,52.0,71.0,SSE,20.0,0.1,61.0,17.0,SW,13.0,0.0
2015,12,1,2,UA,789,PDX,DEN,530,147,991,857,0,0,36.0,76.0,ESE,10.0,0.0,31.0,46.0,W,13.0,0.0
2015,2,4,3,WN,4036,SMF,LAX,540,85,373,705,0,0,43.0,97.0,CALM,0.0,0.0,55.0,89.0,CALM,0.0,0.0
2015,1,5,1,UA,1162,BQN,EWR,259,240,1585,559,0,0,,,,,,40.0,53.0,W,20.0,0.0
2015,1,3,6,US,1925,CLE,CLT,700,103,430,843,0,0,33.0,70.0,SE,10.0,0.0,48.0,87.0,N,6.0,0.0
2015,1,6,2,AA,1534,PDX,DFW,600,223,1616,1143,0,0,38.0,100.0,CALM,0.0,0.0,51.0,48.0,NNE,12.0,0.0
2015,12,14,1,WN,2779,MDW,ATL,805,115,591,1100,0,0,54.0,80.0,SW,39.0,0.0,62.0,86.0,SW,13.0,0.0
2015,12,2,3,WN,17,DAL,HOU,1100,65,239,1205,0,0,53.0,48.0,NNW,12.0,0.0,50.0,82.0,WSW,8.0,0.0
2015,3,9,1,WN,917,PDX,MCI,605,200,1482,1125,0,0,42.0,92.0,CALM,0.0,0.0,51.0,56.0,CALM,0.0,0.0
2015,1,5,1,AS,114,ANC,SEA,220,200,1448,640,0,0,8.0,76.0,CALM,0.0,0.0,52.0,94.0,SSW,20.0,0.0
2015,3,4,3,DL,1471,LAX,ATL,45,250,1947,755,0,0,53.0,74.0,NNE,7.0,0.0,58.0,97.0,SSW,7.0,0.0
2015,2,8,7,DL,750,BOS,JFK,600,80,187,720,0,1,27.0,93.0,N,8.0,0.0,37.0,82.0,ENE,8.0,0.0
2015,2,9,1,EV,6116,DEN,MOT,1230,112,604,1522,1,1,66.0,16.0,SE,10.0,0.0,18.0,84.0,E,14.0,0.0
2015,12,6,7,WN,1307,LAX,BNA,535,235,1797,1130,0,0,62.0,22.0,N,7.0,0.0,59.0,42.0,SSW,5.0,0.0
2015,1,7,3,EV,6181,BTV,IAD,545,106,441,731,0,0,15.0,68.0,S,13.0,0.0,21.0,55.0,NW,21.0,0.0
2015,2,6,5,WN,1974,LAX,SFO,545,85,337,710,0,0,54.0,100.0,E,5.0,0.0,63.0,72.0,SE,15.0,0.0
2015,1,4,7,EV,4197,IAH,MCI,1125,120,643,1325,0,1,50.0,63.0,NNW,16.0,0.0,13.0,54.0,NW,14.0,0.0
2015,12,3,4,WN,2538,SMF,LAX,530,80,373,650,0,0,44.0,76.0,SSE,5.0,0.0,62.0,23.0,VAR,6.0,0.0
2015,1,1,4,AA,1100,DFW,LGA,600,190,1389,1010,0,0,32.0,85.0,N,8.0,0.0,31.0,35.0,WSW,17.0,0.0
2015,1,5,1,AS,108,ANC,SEA,45,204,1448,509,0,0,6.0,76.0,CALM,0.0,0.0,53.0,89.0,SSW,21.0,0.0
2015,12,14,1,EV,4120,LGA,CLE,813,109,419,1002,0,0,51.0,96.0,NE,5.0,0.0,64.0,58.0,S,21.0,0.0
2015,3,4,3,UA,1067,PDX,DEN,535,155,991,910,0,0,31.0,89.0,CALM,0.0,0.0,12.0,80.0,E,7.0,0.0
2015,12,3,4,EV,2772,GRK,DFW,500,60,134,600,0,0,40.0,80.0,NNW,6.0,0.0,38.0,79.0,S,3.0,0.0
2015,3,10,2,DL,1106,SFO,MSP,800,211,1589,1331,0,0,53.0,100.0,SSE,6.0,0.0,61.0,34.0,SW,12.0,0.0
2015,1,6,2,AS,81,SEA,ANC,600,235,1448,855,0,0,45.0,93.0,CALM,0.0,0.0,4.0,76.0,CALM,0.0,0.0
2015,12,1,2,WN,1393,MCI,LAX,530,225,1363,715,0,0,30.0,88.0,SW,12.0,0.0,56.0,22.0,N,5.0,0.0
2015,12,5,6,OO,6285,MFR,DEN,530,159,964,909,0,0,39.0,89.0,CALM,0.0,0.0,38.0,62.0,ENE,9.0,0.0
2015,2,6,5,EV,5946,BHM,ORD,550,126,584,756,0,1,22.0,72.0,CALM,0.0,0.0,16.0,74.0,SSW,8.0,0.0
2015,12,4,5,AS,136,ANC,SEA,145,199,1448,604,0,0,27.0,89.0,CALM,0.0,0.0,44.0,85.0,S,14.0,0.0
2015,12,6,7,DL,2489,PHL,DTW,545,105,453,730,0,0,33.0,85.0,CALM,0.0,0.0,30.0,100.0,SE,5.0,0.0
2015,1,6,2,DL,305,BOS,ATL,600,192,946,912,0,0,15.0,51.0,WNW,14.0,0.0,42.0,51.0,W,13.0,0.0
2015,1,3,6,AS,389,SFO,PDX,700,103,550,843,0,0,40.0,89.0,SSE,5.0,0.0,36.0,97.0,WSW,5.0,0.0
2015,1,4,7,DL,423,JFK,LAX,1130,385,2475,1455,0,0,48.0,87.0,SSW,9.0,0.0,60.0,64.0,W,9.0,0.0
2015,2,12,4,DL,2517,VPS,ATL,524,70,250,734,0,0,48.0,62.0,N,7.0,0.0,40.0,68.0,WNW,10.0,0.0
2015,12,3,4,NK,612,LAS,MSP,55,177,1299,552,0,1,43.0,26.0,SSW,3.0,0.0,23.0,88.0,S,7.0,0.0
2015,12,1,2,AA,90,DFW,ORD,510,143,802,733,0,0,39.0,89.0,N,6.0,0.0,41.0,79.0,WSW,9.0,0.0
2015,1,7,3,DL,1450,LAS,MSP,45,185,1299,550,0,0,39.0,93.0,WSW,10.0,0.0,-8.0,59.0,NW,14.0,0.0
2015,2,12,4,EV,4208,SHV,IAH,540,60,192,640,0,0,46.0,71.0,NNE,8.0,0.0,50.0,77.0,N,9.0,0.0
2015,1,1,4,AA,175,DCA,DFW,600,215,1192,835,1,1,29.0,49.0,SW,5.0,0.0,32.0,88.0,NNE,3.0,0.0
2015,12,4,5,AA,1475,PDX,DFW,500,222,1616,1042,0,0,45.0,93.0,SSE,7.0,0.0,55.0,57.0,SSE,9.0,0.0
2015,3,4,3,OO,6391,EUG,DEN,530,163,996,913,0,0,0.0,0.0,CALM,0.0,0.0,12.0,80.0,E,7.0,0.0
2015,2,12,4,AS,130,FAI,SEA,115,213,1533,548,0,0,9.0,77.0,NE,6.0,0.0,49.0,93.0,SSE,6.0,0.0
2015,1,6,2,DL,2507,CHA,ATL,600,56,106,656,0,0,27.0,81.0,CALM,0.0,0.0,30.0,72.0,W,7.0,0.0
2015,3,10,2,AS,25,BOS,SEA,800,383,2496,1123,0,0,33.0,72.0,CALM,0.0,0.0,46.0,81.0,NNW,3.0,0.0
2015,1,5,1,EV,4557,CRP,IAH,535,61,201,636,0,0,37.0,65.0,NNE,17.0,0.0,31.0,76.0,N,7.0,0.0
2015,12,1,2,WN,1827,OAK,MDW,530,240,1844,1130,0,0,45.0,53.0,ESE,9.0,0.0,42.0,62.0,WSW,14.0,0.0
2015,1,6,2,WN,4774,DAL,BWI,600,165,1209,945,0,1,33.0,78.0,SE,5.0,0.0,21.0,86.0,CALM,0.0,
2015,1,1,4,OO,6224,RDM,DEN,550,143,898,913,0,0,-1.0,87.0,S,3.0,0.0,15.0,61.0,SW,5.0,0.0
2015,1,1,4,B6,447,OAK,LGB,600,80,353,720,0,0,42.0,41.0,NE,7.0,0.0,39.0,62.0,CALM,0.0,0.0
2015,12,14,1,EV,4893,CHA,ATL,810,61,106,911,0,1,59.0,90.0,SSW,14.0,0.1,68.0,84.0,S,14.0,0.0
2015,12,4,5,DL,1120,LAX,ATL,530,250,1947,1240,0,0,52.0,66.0,E,3.0,0.0,54.0,35.0,NE,10.0,0.0
2015,3,5,4,US,794,LAX,PHL,15,301,2402,816,0,0,56.0,57.0,NE,7.0,0.0,32.0,92.0,N,12.0,0.0
2015,12,6,7,AA,1475,PDX,DFW,500,222,1616,1042,0,0,46.0,89.0,SE,9.0,0.0,56.0,60.0,N,14.0,0.0
2015,1,5,1,DL,1418,MCO,ATL,520,89,404,649,0,0,68.0,93.0,NW,10.0,0.0,39.0,70.0,NNW,15.0,0.0
2015,2,9,1,MQ,3463,RDU,LGA,1236,93,431,1409,1,1,61.0,52.0,CALM,0.0,0.0,26.0,77.0,NE,18.0,0.0
2015,1,4,7,DL,101,LAX,ATL,1125,252,1947,1837,0,0,60.0,57.0,W,6.0,0.0,50.0,63.0,WNW,17.0,0.0
2015,3,6,5,US,2074,PHX,CLT,205,223,1773,748,0,0,54.0,40.0,S,5.0,0.0,27.0,51.0,NNE,14.0,0.0
2015,3,5,4,US,602,ORD,PHX,500,231,1440,751,0,0,5.0,55.0,NNW,10.0,0.0,52.0,50.0,CALM,0.0,0.0
2015,12,4,5,MQ,3150,OKC,DFW,500,67,175,607,0,0,34.0,92.0,SSE,6.0,0.0,40.0,83.0,CALM,0.0,0.0
2015,12,3,4,DL,2837,RDU,ATL,520,88,356,648,0,0,49.0,64.0,VAR,7.0,0.0,41.0,67.0,NNW,12.0,0.0
2015,1,3,6,AA,153,MCO,ORD,720,175,1005,915,0,0,70.0,100.0,SE,6.0,0.0,33.0,92.0,SE,6.0,0.0
2015,2,12,4,DL,1890,DFW,ATL,545,126,731,851,0,1,38.0,62.0,N,13.0,0.0,43.0,62.0,WNW,14.0,0.0
2015,1,3,6,AS,881,SJC,LIH,700,342,2466,1042,0,1,33.0,85.0,CALM,0.0,0.0,72.0,59.0,NNW,13.0,0.0
2015,12,4,5,WN,1489,SEA,DEN,530,155,1024,905,0,0,43.0,89.0,S,9.0,0.0,46.0,35.0,CALM,0.0,0.0
2015,1,2,5,NK,214,LAS,DFW,103,147,1055,530,0,1,30.0,45.0,SSW,8.0,0.0,37.0,96.0,N,8.0,0.0
2015,1,3,6,DL,975,MSP,FLL,705,221,1487,1146,0,0,24.0,84.0,SSE,8.0,0.0,81.0,72.0,SE,18.0,0.0
2015,12,1,2,DL,1120,LAX,ATL,530,250,1947,1240,0,0,50.0,32.0,ENE,6.0,0.0,69.0,70.0,S,3.0,0.0
2015,12,4,5,WN,1166,PIT,BWI,530,70,210,640,0,0,37.0,70.0,WSW,7.0,0.0,32.0,85.0,WSW,3.0,0.0
2015,1,1,4,EV,5498,ORD,DTW,535,85,235,800,0,0,48.0,87.0,SW,10.0,0.0,19.0,62.0,SSW,20.0,0.0
2015,2,9,1,B6,1094,AUS,JFK,1240,211,1521,1711,1,1,77.0,34.0,VAR,5.0,0.0,27.0,75.0,NNE,20.0,0.0
2015,2,9,1,DL,972,TUL,ATL,1241,111,674,1532,0,0,57.0,49.0,N,14.0,0.0,63.0,67.0,NW,16.0,
2015,12,1,2,AA,2278,LAX,ORD,500,245,1744,1105,0,0,50.0,32.0,ENE,6.0,0.0,40.0,65.0,WSW,14.0,0.0
2015,1,7,3,US,1984,FLL,CLT,500,115,631,655,0,0,69.0,96.0,NW,6.0,0.0,29.0,78.0,CALM,0.0,0.0
2015,2,12,4,EV,4671,HRL,IAH,521,74,295,635,0,0,60.0,96.0,N,7.0,0.0,50.0,77.0,N,9.0,0.0
2015,3,5,4,DL,806,SFO,MSP,15,212,1589,547,0,1,53.0,64.0,WNW,3.0,0.0,-6.0,75.0,W,5.0,0.0
2015,1,4,7,NK,319,MSP,RSW,1120,200,1416,1540,0,1,-2.0,60.0,WNW,15.0,0.0,83.0,58.0,SW,15.0,0.0
2015,2,6,5,MQ,3377,MOB,DFW,553,117,539,750,0,0,30.0,66.0,N,7.0,0.0,34.0,82.0,S,6.0,0.0
2015,12,3,4,UA,1803,SJU,EWR,153,260,1608,513,0,0,50.0,31.0,CALM,0.0,0.0,48.0,66.0,W,17.0,0.0
2015,3,10,2,B6,1347,DCA,SJU,800,222,1554,1142,0,0,43.0,65.0,ENE,3.0,0.0,84.0,67.0,ENE,23.0,0.0
2015,12,5,6,WN,18,LAX,BNA,545,240,1797,1145,0,1,56.0,47.0,N,6.0,0.0,55.0,38.0,CALM,0.0,0.0
2015,2,4,3,MQ,3083,FNT,ORD,551,79,223,610,0,1,28.0,85.0,W,7.0,0.0,19.0,85.0,NNW,13.0,0.0
2015,1,4,7,DL,1424,MCO,DTW,1134,161,957,1415,0,0,80.0,71.0,S,16.0,0.0,35.0,78.0,W,15.0,0.0
2015,3,10,2,UA,1556,BOS,EWR,800,87,200,927,0,0,33.0,72.0,CALM,0.0,0.0,44.0,55.0,CALM,0.0,0.0
2015,12,14,1,B6,1289,EWR,SJU,800,229,1608,1249,0,0,53.0,100.0,NE,3.0,0.0,86.0,59.0,ESE,12.0,0.0
2015,12,6,7,NK,409,ORD,FLL,530,175,1182,925,0,0,30.0,93.0,S,7.0,0.0,79.0,77.0,ENE,15.0,0.0
2015,2,4,3,MQ,3338,GSP,DFW,556,179,862,755,0,0,31.0,76.0,CALM,0.0,0.0,41.0,93.0,S,9.0,0.0
2015,1,6,2,AA,304,SLC,DFW,558,162,989,940,0,0,32.0,85.0,CALM,0.0,0.0,44.0,60.0,NNW,3.0,0.0
2015,1,5,1,US,602,ORD,PHX,500,228,1440,748,0,1,-3.0,68.0,W,14.0,0.0,43.0,71.0,CALM,0.0,0.0
2015,12,1,2,EV,2845,LAW,DFW,525,60,140,625,0,0,38.0,93.0,NW,18.0,0.0,39.0,82.0,N,6.0,0.0
2015,2,8,7,DL,1132,SEA,DTW,600,252,1927,1312,0,0,47.0,90.0,SE,7.0,0.0,42.0,76.0,N,7.0,0.0
2015,2,8,7,B6,272,FLL,LGA,600,161,1076,841,0,0,67.0,63.0,SE,10.0,0.0,34.0,93.0,NE,9.0,0.0
2015,1,6,2,AA,2363,OKC,DFW,600,59,175,659,0,0,32.0,66.0,N,12.0,0.0,30.0,82.0,S,3.0,0.0
2015,12,3,4,NK,214,LAS,DFW,150,146,1055,616,0,0,48.0,71.0,SSW,6.0,0.0,38.0,79.0,S,3.0,0.0
2015,1,2,5,B6,2023,JFK,SJU,535,225,1598,1020,0,0,37.0,48.0,W,15.0,0.0,81.0,88.0,ENE,9.0,0.0
2015,1,3,6,DL,1749,TLH,ATL,700,70,223,810,0,0,65.0,87.0,ESE,8.0,0.0,50.0,94.0,ESE,9.0,0.0
2015,2,8,7,B6,721,BOS,PBI,600,205,1197,925,0,1,27.0,93.0,N,8.0,0.0,71.0,59.0,ESE,14.0,0.0
2015,1,6,2,WN,1059,DAY,BWI,600,85,406,725,0,1,16.0,88.0,SE,3.0,0.0,19.0,93.0,CALM,0.0,
2015,12,4,5,AA,1904,DCA,CLT,534,86,331,700,0,0,39.0,67.0,W,7.0,0.0,34.0,73.0,N,3.0,0.0
2015,12,4,5,AA,185,LAS,DFW,59,164,1055,543,0,0,46.0,29.0,S,5.0,0.0,39.0,79.0,CALM,0.0,0.0
2015,3,6,5,US,1901,RDU,CLT,530,57,130,627,0,0,26.0,69.0,NNE,8.0,0.0,25.0,60.0,NNE,10.0,0.0
2015,1,7,3,US,646,SEA,PHX,515,164,1107,859,0,0,45.0,93.0,N,5.0,0.0,52.0,59.0,SSW,3.0,0.0
2015,1,4,7,MQ,3662,TLH,MIA,1145,81,402,1306,0,1,72.0,87.0,S,6.0,0.0,83.0,65.0,SSE,9.0,0.0
2015,3,10,2,UA,500,IND,SFO,753,312,1943,1005,0,0,41.0,93.0,ESE,5.0,0.0,55.0,94.0,SE,6.0,
2015,2,9,1,AA,3,JFK,LAX,1230,385,2475,1555,1,1,27.0,78.0,NE,20.0,0.0,65.0,65.0,W,16.0,0.0
2015,1,4,7,US,581,SAN,PHL,1125,305,2370,1930,0,1,64.0,43.0,NW,7.0,0.0,57.0,87.0,WNW,12.0,0.0
2015,2,10,2,WN,731,LGA,STL,1455,185,888,1700,0,0,38.0,60.0,NNE,16.0,0.0,40.0,55.0,ESE,8.0,0.0
2015,3,4,3,NK,520,LAS,MCI,100,164,1139,544,0,0,47.0,32.0,NNW,7.0,0.0,19.0,57.0,NNE,14.0,0.0
2015,1,5,1,UA,1757,IAH,DEN,540,154,862,714,0,1,32.0,73.0,N,8.0,0.0,12.0,80.0,VAR,7.0,0.0
2015,1,6,2,UA,1721,DEN,SFO,600,163,967,743,0,0,30.0,92.0,WSW,9.0,0.0,48.0,89.0,N,5.0,0.0
2015,12,5,6,AA,560,IAH,PHX,545,177,1009,742,0,0,38.0,93.0,CALM,0.0,0.0,46.0,46.0,E,3.0,0.0
2015,2,10,2,DL,105,BOS,ATL,1455,183,946,1758,0,0,,,,,,50.0,54.0,NNW,10.0,0.0
2015,3,5,4,AS,730,ANC,SEA,505,199,1448,924,0,0,34.0,87.0,CALM,0.0,0.0,48.0,48.0,CALM,0.0,0.0
2015,3,6,5,DL,1351,LAX,MSP,47,208,1535,615,0,0,54.0,49.0,E,3.0,0.0,14.0,64.0,S,7.0,0.0
2015,3,6,5,AS,122,ANC,PDX,50,218,1542,528,0,0,33.0,92.0,CALM,0.0,0.1,37.0,89.0,CALM,0.0,0.0
2015,1,3,6,DL,2460,HOU,ATL,705,119,696,1004,0,0,48.0,100.0,CALM,0.0,0.3,51.0,96.0,ESE,12.0,0.0
2015,1,4,7,B6,222,PBI,BOS,1140,176,1197,1436,0,0,83.0,63.0,S,17.0,0.0,,,,,
2015,1,1,4,UA,1222,MCO,LAX,555,341,2218,836,0,0,48.0,42.0,NE,9.0,0.0,46.0,42.0,ENE,7.0,0.0
2015,1,2,5,US,2020,PHX,CLT,15,225,1773,600,0,0,36.0,73.0,W,6.0,0.0,43.0,71.0,S,6.0,0.0
2015,12,1,2,AA,1531,PDX,ORD,500,240,1739,1100,0,1,36.0,76.0,ESE,10.0,0.0,40.0,65.0,WSW,14.0,0.0
2015,2,8,7,DL,2382,LEX,ATL,600,92,304,732,0,0,50.0,50.0,SSW,18.0,0.0,41.0,73.0,CALM,0.0,0.0
2015,12,3,4,AA,1879,TPA,CLT,510,92,507,642,0,0,70.0,90.0,N,7.0,0.0,43.0,60.0,NNW,8.0,0.0
2015,3,5,4,F9,1279,PHL,MCO,530,145,861,755,0,0,36.0,86.0,NW,10.0,0.0,72.0,94.0,S,8.0,0.0
2015,3,10,2,AA,2428,LAX,DFW,800,179,1235,1259,0,0,58.0,87.0,E,3.0,0.0,54.0,83.0,NW,9.0,0.0
2015,2,9,1,MQ,3584,DFW,SPS,1240,50,113,1330,0,0,72.0,33.0,NNE,14.0,0.0,71.0,31.0,VAR,3.0,
2015,2,8,7,EV,4301,CHS,EWR,600,121,628,801,0,0,43.0,100.0,WSW,3.0,0.0,34.0,85.0,NNE,9.0,0.0
2015,3,5,4,EV,2549,BTR,DFW,549,86,383,715,1,1,39.0,89.0,NNW,10.0,0.0,22.0,78.0,N,12.0,0.0
2015,1,3,6,B6,111,BOS,ORD,715,182,867,917,0,1,23.0,55.0,N,5.0,0.0,33.0,92.0,SE,6.0,0.0
2015,1,1,4,AA,1660,SMF,DFW,600,210,1431,1130,0,1,26.0,92.0,CALM,0.0,0.0,33.0,92.0,NNE,6.0,0.0
2015,2,4,3,OO,7368,ESC,DTW,534,81,306,655,0,0,12.0,79.0,NW,7.0,0.0,30.0,80.0,S,8.0,0.0
2015,3,4,3,UA,271,MSY,IAH,515,77,305,632,0,0,68.0,93.0,CALM,0.0,0.0,70.0,90.0,SSE,7.0,0.0
2015,1,4,7,WN,4777,STL,FLL,1125,155,1056,1500,0,1,22.0,68.0,WNW,24.0,0.0,81.0,72.0,SE,13.0,0.0
2015,2,4,3,AA,1055,MCO,DFW,555,180,985,755,0,0,55.0,89.0,N,7.0,0.0,41.0,93.0,S,9.0,0.0
2015,2,9,1,MQ,3638,COU,ORD,1243,80,315,1403,0,1,36.0,70.0,N,13.0,0.0,26.0,78.0,N,14.0,
2015,3,9,1,UA,1583,SFO,EWR,602,328,2565,1430,0,0,51.0,100.0,SW,6.0,0.0,53.0,37.0,W,12.0,0.0
2015,2,10,2,AA,2327,MKE,DFW,1500,175,853,1755,0,0,26.0,71.0,SE,13.0,0.0,71.0,36.0,SSE,14.0,0.0
2015,2,10,2,US,1826,PHX,LAS,1459,69,255,1508,0,0,82.0,21.0,WSW,7.0,0.0,73.0,10.0,VAR,6.0,0.0
2015,1,5,1,EV,5211,FSD,MSP,510,70,196,620,0,0,-9.0,71.0,WSW,5.0,0.0,-11.0,71.0,SW,7.0,0.0
2015,1,3,6,HA,285,OGG,HNL,709,35,100,744,0,0,67.0,73.0,CALM,0.0,0.0,66.0,73.0,CALM,0.0,0.0
2015,3,10,2,US,469,CLT,ATL,750,80,226,910,0,0,57.0,62.0,SE,6.0,0.0,59.0,75.0,SE,6.0,0.0
2015,1,3,6,VX,897,LAS,SFO,700,85,414,825,0,0,37.0,81.0,SW,9.0,0.0,44.0,79.0,CALM,0.0,0.0
2015,3,4,3,WN,4720,BNA,MCO,550,110,616,840,0,0,52.0,94.0,NW,14.0,0.0,73.0,87.0,SSE,10.0,0.0
2015,1,3,6,AA,1699,TPA,DFW,700,170,929,850,0,0,72.0,87.0,ESE,5.0,0.0,39.0,89.0,WNW,10.0,0.0
2015,12,6,7,AA,649,SEA,PHX,510,164,1107,854,0,0,46.0,89.0,SSE,6.0,0.0,53.0,32.0,CALM,0.0,0.0
2015,3,4,3,UA,1527,LAX,EWR,545,310,2454,1355,0,0,48.0,77.0,E,7.0,0.0,42.0,85.0,SW,8.0,0.0
2015,1,7,3,OO,5509,DFW,SFO,545,240,1464,745,0,0,34.0,61.0,N,20.0,0.0,49.0,86.0,CALM,0.0,0.0
2015,1,3,6,AA,1022,OKC,DFW,705,65,175,810,0,0,35.0,89.0,NNW,3.0,0.0,39.0,89.0,WNW,10.0,0.0
2015,2,9,1,AS,618,SEA,PHX,1230,162,1107,1612,0,0,54.0,80.0,VAR,3.0,0.0,83.0,23.0,WSW,3.0,0.0
2015,2,4,3,NK,612,LAS,MSP,25,181,1299,526,0,1,52.0,59.0,SW,7.0,0.0,10.0,84.0,NW,8.0,0.0
2015,2,4,3,HA,218,HNL,KOA,548,42,163,630,0,0,72.0,84.0,W,8.0,0.0,52.0,92.0,,0.0,0.0
2015,1,4,7,EV,4888,ATL,TLH,1131,65,223,1236,0,1,61.0,88.0,WSW,12.0,0.0,73.0,87.0,W,6.0,0.6
2015,12,2,3,DL,2666,BOS,LGA,1100,79,184,1219,0,0,45.0,93.0,CALM,0.0,0.0,48.0,93.0,E,6.0,0.0
2015,12,1,2,WN,2538,SMF,LAX,530,80,373,650,0,0,34.0,82.0,WNW,7.0,0.0,50.0,31.0,NE,3.0,0.0
2015,3,9,1,NK,188,OAK,LAS,600,82,407,722,0,0,52.0,83.0,CALM,0.0,0.0,,,,,
2015,12,5,6,EV,4236,DSM,IAH,533,155,802,808,0,0,36.0,76.0,SSE,10.0,0.0,45.0,82.0,NE,5.0,0.0
2015,1,5,1,B6,2023,JFK,SJU,535,225,1598,1020,0,0,42.0,51.0,W,16.0,0.0,82.0,69.0,ENE,18.0,0.0
2015,1,3,6,WN,2002,SMF,LAS,710,95,397,845,0,0,29.0,92.0,CALM,0.0,0.0,40.0,35.0,SSW,8.0,0.0
2015,1,3,6,F9,721,DCA,DEN,710,244,1476,914,0,0,39.0,67.0,CALM,0.0,0.0,30.0,69.0,SE,8.0,0.0
2015,2,6,5,OO,5249,DSM,IAH,530,162,802,812,0,0,22.0,68.0,S,10.0,0.0,43.0,89.0,CALM,0.0,0.0
2015,12,4,5,NK,103,BOS,MYR,515,134,738,729,0,0,38.0,68.0,WNW,8.0,0.0,37.0,61.0,,0.0,0.0
2015,3,10,2,DL,1169,MIA,LAX,748,372,2342,1100,0,0,75.0,79.0,ESE,9.0,0.0,63.0,75.0,WSW,5.0,0.0
2015,2,10,2,DL,1847,SEA,ANC,1500,215,1448,1735,0,0,53.0,71.0,WSW,3.0,0.0,26.0,60.0,NE,5.0,0.0
2015,2,12,4,UA,665,MIA,EWR,550,176,1085,846,0,1,58.0,78.0,NW,3.0,0.0,30.0,79.0,WSW,7.0,0.0
2015,3,5,4,AA,1234,LAS,ORD,27,203,1514,550,0,0,46.0,50.0,SSW,9.0,0.0,5.0,55.0,NNW,10.0,0.0
2015,12,3,4,DL,1418,MCO,ATL,520,85,404,645,0,1,70.0,97.0,NNW,3.0,0.0,41.0,67.0,NNW,12.0,0.0
2015,3,6,5,OO,7423,BRD,MSP,528,47,114,615,0,0,12.0,73.0,SSW,9.0,0.0,14.0,64.0,S,7.0,0.0
2015,12,1,2,DL,2324,SLC,ATL,55,211,1590,626,0,0,23.0,63.0,SSE,8.0,0.0,60.0,86.0,CALM,0.0,0.0
2015,2,4,3,EV,6176,ROC,IAD,545,82,288,707,0,1,26.0,95.0,SW,2.0,0.0,27.0,69.0,CALM,0.0,0.0
2015,1,4,7,WN,135,STL,LGA,1130,135,888,1445,0,0,22.0,68.0,WNW,24.0,0.0,53.0,89.0,SW,15.0,0.0
2015,1,4,7,EV,4507,ICT,IAH,1130,109,542,1319,0,0,14.0,56.0,N,14.0,0.0,53.0,57.0,NW,14.0,0.0
2015,12,1,2,DL,1404,LAX,SLC,530,118,590,828,0,0,50.0,32.0,ENE,6.0,0.0,24.0,69.0,SSE,7.0,0.0
2015,12,3,4,AA,1987,EWR,CLT,500,111,529,651,0,0,48.0,66.0,W,17.0,0.0,43.0,60.0,NNW,8.0,0.0
