YEAR,MONTH,DAY,DAY_OF_WEEK,AIRLINE,FLIGHT_NUMBER,ORIGIN_AIRPORT,DESTINATION_AIRPORT,SCHEDULED_DEPARTURE,SCHEDULED_TIME,DISTANCE,SCHEDULED_ARRIVAL,DIVERTED,CANCELLED,CANCELLATION_REASON,AIR_SYSTEM_DELAY,SECURITY_DELAY,AIRLINE_DELAY,LATE_AIRCRAFT_DELAY,WEATHER_DELAY,ARRIVAL_DELAY,DEPART_TEMP,DEPART_HUMIDITY,DEPART_WINDIR,DEPART_WIND,DEPART_PRECIP,ARRIVAL_TEMP,ARRIVAL_HUMIDITY,ARRIVAL_WINDIR,ARRIVAL_WIND,ARRIVAL_PRECIP
2015,1,6,2,NK,224,ORD,LGA,553,127,733,900,0,0,,163,0,0,0,0,1,2,80,NW,10,0,18,73,SSW,5,0
2015,1,6,2,US,1902,MCO,DCA,555,121,759,756,0,0,,,,,,,0,57,89,CALM,0,0,25,74,E,6,0
2015,1,6,2,WN,2771,GRR,BWI,555,115,528,750,0,0,,,,,,,0,7,84,SSW,7,0,19,93,CALM,0,0
2015,1,6,2,WN,195,LAX,SMF,555,90,373,725,0,0,,,,,,,0,59,28,NE,6,0,34,100,NW,7,0
2015,1,6,2,WN,256,MCI,MDW,555,90,405,725,0,0,,,,,,,0,17,74,NNW,17,0,5,76,WNW,8,0
2015,1,6,2,WN,4826,MDW,MCO,555,160,990,935,0,0,,,,,,,0,7,77,NNW,12,0,66,73,NNW,5,0
2015,1,6,2,WN,288,MDW,STL,555,75,251,710,0,1,B,,,,,,1,7,77,NNW,12,0,27,58,NNW,18,0
2015,1,6,2,WN,433,OMA,MDW,555,90,423,725,0,0,,,,,,,0,5,84,NNW,14,0,5,76,WNW,8,0
2015,1,6,2,WN,4921,PIT,MDW,555,115,402,650,0,0,,48,0,0,0,0,1,14,88,SSE,5,0,5,76,NW,8,0
2015,1,6,2,WN,957,SEA,DEN,555,155,1024,930,0,0,,,,,,,0,48,89,ESE,3,0,37,76,NNE,7,0
2015,1,6,2,WN,771,SMF,DEN,555,150,909,925,0,0,,0,0,101,0,0,1,36,93,NNE,3,0,37,76,NNE,7,0
2015,1,6,2,WN,770,STL,BWI,555,125,738,900,0,0,,,,,,,0,30,54,NW,14,0,21,86,CALM,0,0
2015,1,6,2,AA,1028,DEN,ORD,555,149,888,924,0,0,,18,0,30,0,0,1,29,92,W,16,0,6,69,WNW,12,0
2015,1,6,2,AA,1055,MCO,DFW,555,180,985,755,0,0,,,,,,,0,57,89,CALM,0,0,32,82,SSW,3,0
2015,1,6,2,AA,1233,BOS,DFW,555,274,1562,929,0,0,,,,,,,0,,,,,,44,60,NNW,3,0
2015,1,6,2,AA,2410,LAX,DFW,555,178,1235,1053,0,0,,,,,,,0,59,28,NE,6,0,47,56,N,8,0
2015,1,6,2,AA,2410,LAX,DFW,555,178,1235,1053,0,0,,,,,,,0,59,28,NE,6,0,47,56,N,8,0
2015,1,6,2,DL,941,MCI,ATL,555,127,692,902,0,0,,,,,,,0,17,74,NNW,17,0,42,51,W,13,0
2015,1,6,2,EV,2519,TYR,DFW,555,49,102,644,0,0,,0,0,105,0,0,1,32,75,S,5,0,30,82,S,3,0
2015,1,6,2,EV,5313,EWN,ATL,555,100,433,735,0,0,,,,,,,0,32,85,CALM,0,0,31,67,W,6,0
2015,1,6,2,EV,5698,BDL,IAD,555,88,326,723,0,0,,15,0,0,0,0,1,14,64,WSW,3,0,20,96,CALM,0,0.1
2015,1,6,2,MQ,3167,BNA,LGA,555,137,764,912,0,0,,16,0,107,0,0,1,30,66,CALM,0,0,18,73,SSW,5,0
2015,1,6,2,MQ,3167,BNA,LGA,555,137,764,912,0,0,,16,0,107,0,0,1,30,66,CALM,0,0,18,73,SSW,5,0
2015,1,6,2,OO,5268,COS,DEN,555,53,73,648,0,0,,7,0,33,0,0,1,29,85,SSW,8,0,30,92,WSW,9,0
2015,1,6,2,EV,4676,GSO,EWR,556,101,445,737,0,0,,,,,,,0,29,67,S,6,0,19,57,VAR,5,0
2015,1,6,2,MQ,3338,GSP,DFW,556,179,862,755,0,1,A,,,,,,1,75,94,N,14,0,32,82,SSW,3,0
2015,1,6,2,AA,304,SLC,DFW,558,162,989,940,0,0,,,,,,,0,32,85,CALM,0,0,44,60,NNW,3,0
2015,1,6,2,AA,1291,MKE,DFW,558,177,853,855,0,0,,,,,,,0,1,72,WNW,8,0,37,76,S,5,0
2015,1,6,2,MQ,3691,PIA,ORD,558,62,130,700,0,0,,36,0,12,0,0,1,,,,,,2,80,NW,13,0
2015,1,6,2,OO,2631,ICT,ORD,558,117,588,755,0,0,,,,,,,0,27,63,N,20,0,2,80,NW,13,0
2015,1,6,2,US,1756,STL,CLT,559,109,575,848,0,0,,,,,,,0,30,54,NW,14,0,35,64,CALM,0,0
2015,1,6,2,AA,1094,SEA,DFW,559,231,1660,1150,0,0,,,,,,,0,48,89,ESE,3,0,51,48,NNE,12,0
2015,1,6,2,AA,1039,MCI,DFW,559,106,460,745,0,0,,,,,,,0,17,74,NNW,17,0,32,82,SSW,3,0
2015,1,6,2,AA,944,HOU,DFW,559,61,247,700,0,0,,,,,,,0,36,89,CALM,0,0,32,82,SSW,3,0
2015,1,6,2,EV,4422,EWR,PIT,559,89,319,728,0,0,,,,,,,0,19,43,W,6,0,14,88,CALM,0,0
2015,1,6,2,EV,4393,EWR,IND,559,142,645,821,0,0,,,,,,,0,19,43,W,6,0,15,88,N,7,0
2015,1,6,2,MQ,2957,AMA,DFW,559,74,312,713,0,1,A,,,,,,1,30,88,N,9,0,32,82,SSW,3,0
2015,1,6,2,MQ,3189,CID,DFW,559,141,685,820,0,0,,49,0,0,0,15,1,-7,91,NW,8,0,37,76,S,5,0
2015,1,6,2,MQ,3251,MHK,DFW,559,101,431,740,0,0,,,,,,,0,15,70,NNW,5,0,32,82,SSW,3,0
2015,1,6,2,MQ,3698,MAF,DFW,559,66,309,705,0,0,,20,0,0,0,0,1,37,86,S,3,0,32,82,SSW,3,0
2015,1,6,2,UA,1721,DEN,SFO,600,163,967,743,0,0,,,,,,,0,30,92,WSW,9,0,48,89,N,5,0
2015,1,6,2,UA,433,BOS,SFO,600,405,2704,945,0,0,,,,,,,0,15,51,WNW,14,0,54,72,CALM,0,0
2015,1,6,2,UA,441,JFK,LAX,600,386,2475,926,0,0,,,,,,,0,21,38,WNW,10,0,73,17,NE,10,0
2015,1,6,2,UA,477,RNO,DEN,600,133,804,913,0,0,,,,,,,0,27,92,CALM,0,0,37,76,NNE,7,0
2015,1,6,2,UA,537,SFO,LAX,600,94,337,734,0,0,,,,,,,0,45,90,SSW,3,0,64,24,NNE,6,0
2015,1,6,2,UA,552,IAH,ORD,600,159,925,839,0,0,,20,0,0,0,0,1,39,76,SW,3,0,4,73,WNW,12,0
2015,1,6,2,UA,562,MSP,DEN,600,141,680,721,0,1,A,,,,,,1,-3,79,W,7,0,31,89,WSW,12,0
2015,1,6,2,UA,574,ORD,SFO,600,289,1846,849,0,0,,,,,,,0,1,79,NW,10,0,51,86,ENE,5,0
2015,1,6,2,UA,600,ORD,DCA,600,111,612,851,0,0,,90,0,0,0,0,1,1,79,NW,10,0,25,74,E,5,0
2015,1,6,2,UA,668,ORD,LGA,600,127,733,907,0,0,,,,,,,0,1,79,NW,10,0,18,73,SSW,5,0
2015,1,6,2,UA,683,LGA,ORD,600,156,733,736,0,0,,,,,,,0,20,44,WNW,10,0,2,80,NW,13,0
2015,1,6,2,UA,734,SFO,ORD,600,254,1846,1214,0,0,,,,,,,0,45,90,SSW,3,0,9,67,W,18,0
2015,1,6,2,UA,1014,DEN,IAH,600,147,862,927,0,0,,,,,,,0,30,92,WSW,9,0,48,63,CALM,0,0
2015,1,6,2,UA,1014,DEN,IAH,600,147,862,927,0,0,,,,,,,0,30,92,WSW,9,0,,,,,
2015,1,6,2,UA,1037,DEN,ORD,600,153,888,933,0,0,,,,,,,0,30,92,WSW,9,0,6,69,WNW,12,
2015,1,6,2,UA,1052,ORD,EWR,600,125,719,905,0,0,,,,,,,0,1,79,NW,10,0,18,79,WSW,5,
2015,1,6,2,UA,1121,DSM,DEN,600,125,589,705,0,0,,,,,,,0,0,79,NW,3,0,31,89,WSW,12,
2015,1,6,2,UA,1173,PDX,IAH,600,240,1825,1200,0,0,,,,,,,0,38,100,CALM,0,0,61,34,VAR,3,
2015,1,6,2,UA,1191,DFW,ORD,600,144,802,824,0,0,,,,,,,0,30,82,S,3,0,4,73,WNW,12,
2015,1,6,2,UA,1221,PDX,DEN,600,155,991,935,0,0,,,,,,,0,38,100,CALM,0,0,37,76,NNE,7,
2015,1,6,2,UA,1259,BWI,SFO,600,374,2457,914,0,0,,56,0,7,0,0,1,19,93,E,6,0,54,72,CALM,0,
2015,1,6,2,UA,1262,EWR,ORD,600,159,719,739,0,0,,,,,,,0,19,46,WSW,9,0,2,80,NW,13,
2015,1,6,2,UA,1422,CLE,EWR,600,99,404,739,0,0,,,,,,,0,11,84,SW,6,0,19,57,VAR,5,
2015,1,6,2,UA,1487,MSY,IAH,600,79,305,719,0,0,,,,,,,0,40,89,N,3,0,39,89,CALM,0,
2015,1,6,2,UA,1553,ATL,EWR,600,125,746,805,0,0,,,,,,,0,-32,0,CALM,0,0,18,68,NNW,3,
2015,1,6,2,UA,1674,CLE,DEN,600,217,1201,737,0,0,,0,0,0,45,0,1,11,84,SW,6,0,31,89,WSW,12,
2015,1,6,2,UA,1679,LAX,SFO,600,89,337,729,0,0,,,,,,,0,58,30,NE,8,0,48,89,N,5,
2015,1,6,2,UA,1712,ORD,MCO,600,163,1005,943,0,0,,,,,,,0,1,79,NW,10,0,66,73,NNW,5,
2015,1,6,2,UA,203,LAX,EWR,600,315,2454,1415,0,0,,,,,,,0,58,30,NE,8,0,21,74,W,6,
2015,1,6,2,UA,243,MCO,EWR,600,152,937,832,0,0,,,,,,,0,56,90,CALM,0,0,18,68,NNW,3,
2015,1,6,2,UA,264,FLL,EWR,600,171,1065,851,0,0,,,,,,,0,73,84,ENE,8,0,18,68,NNW,3,
2015,1,6,2,UA,359,PIT,ORD,600,102,413,642,0,0,,15,0,0,0,0,1,14,88,SSE,5,0,1,79,NW,10,
2015,1,6,2,UA,380,EWR,LAX,600,384,2454,924,0,0,,,,,,,0,19,46,WSW,9,0,73,17,NE,10,
2015,1,6,2,US,2101,BOS,DCA,600,101,399,741,0,0,,49,0,0,0,0,1,15,51,WNW,14,0,25,74,E,6,
2015,1,6,2,US,2133,BOS,LGA,600,82,184,722,0,0,,,,,,,0,15,51,WNW,14,0,20,44,CALM,0,
2015,1,6,2,US,2134,LGA,BOS,600,61,184,701,0,0,,,,,,,0,20,44,WNW,10,0,16,49,W,7,
2015,1,6,2,US,2166,DCA,LGA,600,67,214,707,1,0,,,,,,,1,25,74,ESE,8,0,20,44,CALM,0,
2015,1,6,2,US,2167,LGA,DCA,600,65,214,705,0,0,,107,0,0,0,0,1,20,44,WNW,10,0,25,74,E,6,
2015,1,6,2,US,462,EWR,CLT,600,127,529,807,0,0,,,,,,,0,19,46,WSW,9,0,35,64,CALM,0,
2015,1,6,2,US,554,SMF,PHX,600,109,647,849,0,0,,,,,,,0,35,96,WNW,5,0,52,49,CALM,0,
2015,1,6,2,US,560,DFW,PHX,600,157,868,737,0,0,,,,,,,0,30,82,S,3,0,46,61,E,5,
2015,1,6,2,US,610,SFO,PHX,600,115,651,855,0,0,,,,,,,0,45,90,SSW,3,0,52,49,CALM,0,
2015,1,6,2,US,635,OAK,PHX,600,116,646,856,0,0,,,,,,,0,43,76,CALM,0,0,52,49,CALM,0,
2015,1,6,2,US,1780,MEM,CLT,600,94,511,834,0,0,,27,0,0,0,0,1,28,78,SSW,6,0,35,64,CALM,0,
2015,1,6,2,US,1792,FLL,PHL,600,160,992,840,0,0,,,,,,,0,73,84,ENE,8,0,19,85,N,3,
2015,1,6,2,US,1896,ORD,PHL,600,125,678,905,0,0,,67,0,25,0,0,1,1,79,NW,10,0,19,88,S,5,
2015,1,6,2,US,1941,PVD,CLT,600,145,683,825,0,0,,,,,,,0,16,52,,0,0,35,64,CALM,0,
2015,1,6,2,US,1942,BDL,CLT,600,137,644,817,0,0,,,,,,,0,15,54,SW,6,0,35,64,CALM,0,
2015,1,6,2,WN,541,CAK,ATL,600,125,528,805,0,0,,22,0,0,0,0,1,13,81,CALM,0,0,37,59,W,8,
2015,1,6,2,WN,3211,CLE,BWI,600,85,314,725,0,0,,,,,,,0,11,84,SW,6,0,19,93,CALM,0,
2015,1,6,2,WN,2343,CMH,FLL,600,185,973,905,0,0,,,,,,,0,16,86,E,3,0,78,74,E,8,
2015,1,6,2,WN,622,DAL,AUS,600,55,189,655,0,0,,,,,,,0,33,78,SE,5,0,46,92,S,2,
2015,1,6,2,WN,4774,DAL,BWI,600,165,1209,945,0,0,,23,0,0,0,0,1,33,78,SE,5,0,21,86,CALM,0,
2015,1,6,2,WN,1628,DAL,HOU,600,60,239,700,0,0,,,,,,,0,33,78,SE,5,0,38,86,CALM,0,
2015,1,6,2,WN,1059,DAY,BWI,600,85,406,725,0,0,,52,0,0,0,0,1,16,88,SE,3,0,19,93,CALM,0,
2015,1,6,2,WN,866,DCA,ATL,600,130,547,810,0,1,A,,,,,,1,25,74,ESE,8,0,37,59,W,8,
2015,1,6,2,WN,786,DCA,HOU,600,225,1218,845,0,0,,,,,,,0,25,74,ESE,8,0,46,71,WSW,3,
2015,1,6,2,WN,2591,DEN,ATL,600,180,1199,1100,0,0,,,,,,,0,30,92,WSW,9,0,51,32,WNW,17,
2015,1,6,2,WN,3392,DEN,LAX,600,160,862,740,0,0,,,,,,,0,30,92,WSW,9,0,64,24,NNE,6,
2015,1,6,2,WN,3659,DEN,MCI,600,100,533,840,0,0,,,,,,,0,30,92,WSW,9,0,14,71,NNW,12,
2015,1,6,2,WN,1058,DEN,MDW,600,145,895,925,0,0,,,,,,,0,30,92,WSW,9,0,9,67,WNW,13,
2015,1,6,2,WN,995,DEN,PHX,600,130,602,810,0,0,,,,,,,0,30,92,WSW,9,0,52,49,CALM,0,
2015,1,6,2,WN,4905,DSM,MDW,600,75,306,715,0,0,,32,0,0,0,0,1,0,79,NW,3,0,5,76,WNW,8,
2015,1,6,2,WN,585,DTW,ATL,600,130,594,810,0,0,,41,0,0,0,0,1,8,83,SSW,8,0,37,59,W,8,
2015,1,6,2,WN,585,DTW,ATL,600,130,594,810,0,0,,41,0,0,0,0,1,8,83,SSW,8,0,37,59,W,8,
2015,1,6,2,WN,473,DTW,BWI,600,105,409,745,0,0,,66,0,18,0,0,1,8,83,SSW,8,0,19,93,CALM,0,
2015,1,6,2,WN,1819,EWR,HOU,600,255,1411,915,0,0,,,,,,,0,19,46,WSW,9,0,52,50,WSW,3,
2015,1,6,2,WN,1796,EWR,MDW,600,150,711,730,0,0,,15,0,0,0,0,1,19,46,WSW,9,0,5,76,WNW,8,
2015,1,6,2,WN,4879,FLL,LAS,600,350,2173,850,0,0,,,,,,,0,73,84,ENE,8,0,52,37,S,3,
2015,1,6,2,WN,237,GSP,MDW,600,110,562,650,0,0,,15,0,204,0,0,1,27,92,CALM,0,0,5,76,NW,8,
2015,1,6,2,WN,260,HOU,ATL,600,115,696,855,0,0,,,,,,,0,37,86,CALM,0,0,37,59,W,8,
2015,1,6,2,WN,718,HOU,MCO,600,130,849,910,0,0,,,,,,,0,37,86,CALM,0,0,66,73,NNW,5,
2015,1,6,2,WN,3398,LAX,ATL,600,255,1947,1315,0,0,,20,0,0,0,0,1,58,30,NE,8,0,53,31,NW,20,
2015,1,6,2,WN,3754,LAX,DEN,600,145,862,925,0,0,,15,0,0,0,0,1,58,30,NE,8,0,37,76,NNE,7,
2015,1,6,2,WN,4881,LIT,BWI,600,130,912,910,0,0,,,,,,,0,26,78,WSW,3,0,21,86,CALM,0,
2015,1,6,2,WN,4881,LIT,BWI,600,130,912,910,0,0,,,,,,,0,26,78,WSW,3,0,21,86,CALM,0,0
2015,1,6,2,WN,4378,MAF,DAL,600,70,319,710,0,0,,,,,,,0,34,92,CALM,0,0,33,78,ESE,3,0
2015,1,6,2,WN,732,MDW,CLE,600,75,307,815,0,0,,30,0,7,0,0,1,5,76,NW,8,0,12,80,SSW,6,0
2015,1,6,2,WN,1830,MDW,EWR,600,120,711,900,0,0,,,,,,,0,5,76,NW,8,0,18,79,WSW,5,0
2015,1,6,2,WN,2779,MDW,FLL,600,185,1166,1005,0,0,,,,,,,0,5,76,NW,8,0,79,74,E,8,0
2015,1,6,2,WN,4959,MDW,HOU,600,170,937,850,0,0,,,,,,,0,5,76,NW,8,0,46,71,WSW,3,0
2015,1,6,2,WN,1945,MDW,LGA,600,130,725,910,0,0,,22,0,0,0,0,1,5,76,NW,8,0,18,73,SSW,5,0
2015,1,6,2,WN,885,MEM,MDW,600,105,480,745,0,0,,11,0,13,0,0,1,28,78,SSW,6,0,5,76,WNW,8,0
2015,1,6,2,WN,844,MHT,MDW,600,175,838,755,0,0,,,,,,,0,11,56,SW,5,0,5,76,WNW,8,0
2015,1,6,2,WN,689,MKE,DEN,600,170,896,750,0,0,,,,,,,0,2,72,W,10,0,31,89,WSW,12,0
2015,1,6,2,WN,556,MKE,STL,600,85,317,725,0,0,,16,0,0,0,0,1,2,72,W,10,0,27,58,NNW,18,0
2015,1,6,2,WN,440,MSP,MDW,600,95,349,735,0,1,B,,,,,,1,-3,79,W,7,0,5,76,WNW,8,0
2015,1,6,2,WN,1984,MSY,DAL,600,90,436,730,0,0,,,,,,,0,40,89,N,3,0,33,78,ESE,3,0
2015,1,6,2,WN,2248,OAK,DEN,600,150,957,930,0,0,,,,,,,0,43,76,CALM,0,0,37,76,NNE,7,0
2015,1,6,2,WN,4128,OAK,LAX,600,80,337,720,0,0,,,,,,,0,43,76,CALM,0,0,64,24,NNE,6,0
2015,1,6,2,WN,1132,OAK,ONT,600,80,362,720,0,0,,,,,,,0,43,76,CALM,0,0,30,99,,0,0
2015,1,6,2,WN,4338,OAK,PHX,600,110,646,850,0,0,,,,,,,0,43,76,CALM,0,0,52,49,CALM,0,0
2015,1,6,2,WN,4473,OAK,SAN,600,90,446,730,0,0,,,,,,,0,43,76,CALM,0,0,58,32,N,3,0
2015,1,6,2,WN,483,OKC,LAS,600,180,986,700,0,0,,,,,,,0,32,66,N,12,0,48,41,SSW,6,0
2015,1,6,2,WN,3406,ONT,SJC,600,75,333,715,0,0,,,,,,,0,50,43,NNE,3,0,40,86,CALM,0,0
2015,1,6,2,WN,3851,ONT,SMF,600,85,390,725,0,0,,,,,,,0,50,43,NNE,3,0,34,100,NW,7,0
2015,1,6,2,WN,158,PDX,DEN,600,145,991,925,0,0,,,,,,,0,38,100,CALM,0,0,37,76,NNE,7,0
2015,1,6,2,WN,162,PDX,MCI,600,200,1482,1120,0,0,,,,,,,0,38,100,CALM,0,0,19,59,NNW,8,0
2015,1,6,2,WN,4069,PHL,BNA,600,150,675,730,0,0,,,,,,,0,21,46,NW,9,0,34,59,W,8,0
2015,1,6,2,WN,495,PHL,MDW,600,150,668,730,0,1,B,,,,,,1,21,46,NW,9,0,5,76,WNW,8,0
2015,1,6,2,WN,4155,PHX,EWR,600,280,2133,1240,0,0,,22,0,0,0,0,1,46,61,ESE,3,0,19,80,SW,7,0
2015,1,6,2,WN,261,PHX,LAX,600,90,370,630,0,0,,,,,,,0,46,61,ESE,3,0,58,30,NE,8,0
2015,1,6,2,WN,891,ABQ,DAL,600,100,580,840,0,0,,,,,,,0,33,59,NNE,7,0,38,76,CALM,0,0
2015,1,6,2,WN,896,ALB,BWI,600,85,289,725,0,0,,25,0,10,0,0,1,13,59,CALM,0,0,19,93,CALM,0,0
2015,1,6,2,WN,4811,AUS,BNA,600,115,756,755,0,0,,,,,,,0,39,67,SW,6,0,34,59,W,8,0
2015,1,6,2,WN,794,AUS,DAL,600,60,189,700,0,0,,,,,,,0,39,67,SW,6,0,33,78,ESE,3,0
2015,1,6,2,WN,359,AUS,LAX,600,205,1242,725,0,0,,,,,,,0,39,67,SW,6,0,64,24,NNE,6,0
2015,1,6,2,WN,2050,BDL,MDW,600,165,777,745,0,0,,,,,,,0,15,54,SW,6,0,5,76,WNW,8,0
2015,1,6,2,WN,3919,BHM,BWI,600,115,682,855,0,0,,63,0,0,0,0,1,28,88,CALM,0,0,19,93,CALM,0,0
2015,1,6,2,WN,4275,BHM,DAL,600,120,587,800,0,0,,,,,,,0,28,88,CALM,0,0,38,76,CALM,0,0
2015,1,6,2,WN,2941,BOS,BWI,600,105,369,745,0,0,,,,,,,0,15,51,WNW,14,0,19,93,CALM,0,0
2015,1,6,2,WN,1082,IND,BWI,600,105,516,745,0,1,A,,,,,,1,15,88,N,5,0,19,93,CALM,0,0
2015,1,6,2,WN,549,ISP,TPA,600,195,1034,915,0,0,,,,,,,0,20,44,WNW,8,0,67,66,N,3,0
2015,1,6,2,WN,562,LAS,LAX,600,65,236,705,0,0,,,,,,,0,43,47,SSW,9,0,64,24,NNE,6,0
2015,1,6,2,WN,2283,LAS,OAK,600,90,407,730,0,0,,,,,,,0,43,47,SSW,9,0,43,80,CALM,0,0
2015,1,6,2,WN,105,LAS,SAN,600,70,258,710,0,0,,,,,,,0,43,47,SSW,9,0,58,32,N,3,0
2015,1,6,2,WN,105,LAS,SAN,600,70,258,710,0,0,,,,,,,0,43,47,SSW,9,0,58,32,N,3,
2015,1,6,2,WN,2963,PHX,MDW,600,195,1444,1015,0,0,,25,0,0,0,0,1,46,61,ESE,3,0,10,64,W,12,
2015,1,6,2,WN,4475,PHX,SLC,600,100,507,740,0,0,,,,,,,0,46,61,ESE,3,0,29,92,CALM,0,
2015,1,6,2,WN,4922,RDU,LAS,600,325,2026,825,0,0,,,,,,,0,28,72,CALM,0,0,52,37,S,3,
2015,1,6,2,WN,4426,RNO,PHX,600,105,601,845,0,0,,,,,,,0,27,92,CALM,0,0,52,49,CALM,0,
2015,1,6,2,WN,2253,RSW,BWI,600,140,919,820,0,0,,34,0,0,0,0,1,58,93,NE,5,0,19,93,CALM,0,
2015,1,6,2,WN,448,SAT,STL,600,125,786,805,0,0,,,,,,,0,39,70,CALM,0,0,26,60,N,16,
2015,1,6,2,WN,234,SEA,PHX,600,165,1107,945,0,0,,,,,,,0,45,93,CALM,0,0,59,35,E,6,
2015,1,6,2,WN,490,SEA,SJC,600,130,697,810,0,0,,,,,,,0,45,93,CALM,0,0,46,76,CALM,0,
2015,1,6,2,WN,4391,SFO,DEN,600,150,967,930,0,0,,,,,,,0,45,90,SSW,3,0,37,76,NNE,7,
2015,1,6,2,WN,2789,SFO,SAN,600,90,447,730,0,0,,,,,,,0,45,90,SSW,3,0,58,32,N,3,
2015,1,6,2,WN,2789,SFO,SAN,600,90,447,730,0,0,,,,,,,0,45,90,SSW,3,0,58,32,N,3,
2015,1,6,2,WN,2078,SJU,BWI,600,260,1565,920,0,0,,26,0,0,0,0,1,77,82,ENE,13,0,21,86,CALM,0,
2015,1,6,2,WN,477,SMF,SAN,600,90,480,730,0,0,,,,,,,0,35,96,WNW,5,0,58,32,N,3,
2015,1,6,2,WN,620,STL,DAL,600,115,546,755,0,0,,,,,,,0,29,54,NNW,15,0,33,78,ESE,3,
2015,1,6,2,WN,1588,STL,MDW,600,75,251,715,0,0,,,,,,,0,29,54,NNW,15,0,5,76,WNW,8,
2015,1,6,2,WN,212,TUS,LAX,600,95,451,635,0,0,,,,,,,0,48,39,ESE,14,0,58,30,NE,8,
2015,1,6,2,AA,72,DFW,MCO,600,142,985,922,0,0,,,,,,,0,30,82,S,3,0,66,73,NNW,5,
2015,1,6,2,AA,171,JFK,LAX,600,382,2475,922,0,0,,28,0,0,0,0,1,21,38,WNW,10,0,73,17,NE,10,
2015,1,6,2,AA,196,MIA,PHL,600,162,1013,842,0,0,,5,0,32,0,0,1,72,84,N,3,0,19,85,N,3,
2015,1,6,2,AA,303,LGA,ORD,600,164,733,744,0,0,,,,,,,0,20,44,WNW,10,0,2,80,NW,13,
2015,1,6,2,AA,175,DCA,DFW,600,217,1192,837,0,0,,77,0,0,0,246,1,25,74,ESE,8,0,37,76,S,5,
2015,1,6,2,AA,281,MIA,DFW,600,200,1121,820,0,0,,,,,,,0,72,84,N,3,0,37,76,S,5,
2015,1,6,2,AA,292,LAX,JFK,600,316,2475,1416,0,0,,,,,,,0,58,30,NE,8,0,22,72,WSW,5,
2015,1,6,2,AA,330,PBI,ORD,600,197,1144,817,0,0,,,,,,,0,74,79,ENE,5,0,4,73,WNW,12,
2015,1,6,2,AA,1078,ORD,MIA,600,183,1197,1003,0,0,,,,,,,0,1,79,NW,10,0,81,65,ESE,12,
2015,1,6,2,AA,233,BWI,MIA,600,167,946,847,0,0,,18,0,0,0,0,1,19,93,E,6,0,77,76,E,5,
2015,1,6,2,AA,1100,DFW,LGA,600,188,1389,1008,0,0,,0,0,29,0,0,1,30,82,S,3,0,19,80,SSE,6,
2015,1,6,2,AA,1103,LGA,DFW,600,247,1389,907,0,0,,,,,,,0,20,44,WNW,10,0,44,60,NNW,3,
2015,1,6,2,AA,1214,AUS,ORD,600,155,978,835,0,0,,,,,,,0,39,67,SW,6,0,4,73,WNW,12,
2015,1,6,2,AA,1219,MIA,LGA,600,174,1096,854,0,0,,0,0,29,0,0,1,72,84,N,3,0,19,59,SE,3,
2015,1,6,2,AA,1180,SFO,DFW,600,204,1464,1124,0,0,,3,0,103,0,0,1,45,90,SSW,3,0,51,48,NNE,12,
2015,1,6,2,AA,1180,SFO,DFW,600,204,1464,1124,0,0,,3,0,103,0,0,1,45,90,SSW,3,0,51,48,NNE,12,0
2015,1,6,2,AA,1253,DCA,ORD,600,131,612,711,0,0,,36,0,0,0,0,1,25,74,ESE,8,0,2,80,NW,13,0
2015,1,6,2,AA,1345,TUL,DFW,600,73,237,713,0,0,,,,,,,0,25,85,NNW,8,0,32,82,SSW,3,0
2015,1,6,2,AA,1297,LGA,MIA,600,193,1096,913,0,0,,,,,,,0,20,44,WNW,10,0,80,67,ESE,10,0
2015,1,6,2,AA,1088,LAS,DFW,600,160,1055,1040,0,0,,,,,,,0,43,47,SSW,9,0,47,56,N,8,0
2015,1,6,2,AA,1534,PDX,DFW,600,223,1616,1143,0,0,,,,,,,0,38,100,CALM,0,0,51,48,NNE,12,0
2015,1,6,2,AA,1534,PDX,DFW,600,223,1616,1143,0,0,,,,,,,0,38,100,CALM,0,0,51,48,NNE,12,0
2015,1,6,2,AA,1573,TPA,DFW,600,173,929,753,0,0,,,,,,,0,57,74,CALM,0,0,32,82,SSW,3,0
2015,1,6,2,AA,2363,OKC,DFW,600,59,175,659,0,0,,,,,,,0,32,66,N,12,0,30,82,S,3,0
2015,1,6,2,AS,73,SIT,JNU,600,53,95,653,0,0,,,,,,,0,68,83,NNW,7,0,28,51,E,9,0
2015,1,6,2,AS,81,SEA,ANC,600,235,1448,855,0,0,,,,,,,0,45,93,CALM,0,0,4,76,CALM,0,0
2015,1,6,2,AS,162,FAI,ANC,600,73,261,713,0,0,,,,,,,0,-28,65,CALM,0,0,4,76,E,3,0
2015,1,6,2,AS,338,SEA,SJC,600,123,697,803,0,0,,,,,,,0,45,93,CALM,0,0,46,76,CALM,0,0
2015,1,6,2,AS,342,SEA,OAK,600,119,671,759,0,0,,,,,,,0,45,93,CALM,0,0,43,80,CALM,0,0
2015,1,6,2,AS,406,PDX,SJC,600,102,569,742,0,0,,,,,,,0,38,100,CALM,0,0,40,86,CALM,0,0
2015,1,6,2,AS,477,LAX,SEA,600,170,954,850,0,0,,,,,,,0,58,30,NE,8,0,46,93,CALM,0,0
2015,1,6,2,AS,631,PHX,SEA,600,175,1107,755,0,0,,,,,,,0,46,61,ESE,3,0,44,96,N,6,0
2015,1,6,2,AS,683,DEN,SEA,600,190,1024,810,0,0,,,,,,,0,30,92,WSW,9,0,46,93,CALM,0,0
2015,1,6,2,AS,699,GEG,SEA,600,75,224,715,0,0,,0,0,61,0,0,1,40,79,S,7,0,44,96,N,6,0
2015,1,6,2,B6,130,RSW,JFK,600,161,1074,841,0,0,,,,,,,0,58,93,NE,5,0,19,58,NNW,6,0
2015,1,6,2,B6,154,PBI,JFK,600,154,1028,834,0,0,,,,,,,0,74,79,ENE,5,0,19,58,NNW,6,0
2015,1,6,2,B6,115,SYR,JFK,600,83,209,723,0,0,,,,,,,0,13,67,SW,15,0,21,44,WSW,3,0
2015,1,6,2,B6,115,SYR,JFK,600,83,209,723,0,0,,,,,,,0,13,67,SW,15,0,21,44,WSW,3,0
2015,1,6,2,B6,272,FLL,LGA,600,161,1076,841,0,0,,,,,,,0,73,84,ENE,8,0,19,59,SE,3,0
2015,1,6,2,B6,447,OAK,LGB,600,80,353,720,0,0,,,,,,,0,43,76,CALM,0,0,55,42,WNW,5,0
2015,1,6,2,B6,371,LGA,FLL,600,183,1076,903,0,0,,,,,,,0,20,44,WNW,10,0,78,74,E,8,0
2015,1,6,2,B6,605,EWR,FLL,600,180,1065,900,0,0,,,,,,,0,19,46,WSW,9,0,78,74,E,8,0
2015,1,6,2,B6,721,BOS,PBI,600,205,1197,925,0,0,,,,,,,0,15,51,WNW,14,0,78,74,E,8,0
2015,1,6,2,B6,735,SFO,LGB,600,81,354,721,0,0,,,,,,,0,45,90,SSW,3,0,55,42,WNW,5,0
2015,1,6,2,B6,746,PSE,JFK,600,241,1617,901,0,0,,,,,,,0,,,,,,19,63,N,5,0
2015,1,6,2,B6,794,AUS,JFK,600,203,1521,1023,0,0,,,,,,,0,39,67,SW,6,0,19,74,CALM,0,0
2015,1,6,2,B6,1012,ORD,BOS,600,136,867,916,0,0,,,,,,,0,1,79,NW,10,0,17,47,W,12,0
2015,1,6,2,B6,962,SJU,BOS,600,248,1674,908,0,0,,,,,,,0,77,82,ENE,13,0,17,47,W,12,0
2015,1,6,2,B6,1790,DCA,BOS,600,84,399,724,0,0,,53,0,163,0,0,1,25,74,ESE,8,0,16,49,W,7,0
2015,1,6,2,AA,1462,ONT,DFW,600,179,1188,1059,0,0,,,,,,,0,50,43,NNE,3,0,47,56,N,8,0
2015,1,6,2,AA,913,DCA,MIA,600,163,919,843,0,0,,28,0,0,0,0,1,25,74,ESE,8,0,64,22,NE,2,0
2015,1,6,2,DL,173,ANC,SEA,600,212,1448,1032,0,0,,,,,,,0,4,73,CALM,0,0,48,93,NE,3,0
2015,1,6,2,DL,305,BOS,ATL,600,192,946,912,0,0,,,,,,,0,15,51,WNW,14,0,42,51,W,13,0
2015,1,6,2,DL,750,BOS,JFK,600,80,187,720,0,0,,,,,,,0,15,51,WNW,14,0,21,44,WSW,3,0
2015,1,6,2,DL,771,MKE,ATL,600,133,669,913,0,0,,,,,,,0,2,72,W,10,0,42,51,W,13,0
2015,1,6,2,DL,786,ATL,LGA,600,124,762,804,0,0,,,,,,,0,30,72,W,7,0,19,59,SE,3,0
2015,1,6,2,DL,809,BOS,MSP,600,210,1124,830,0,0,,,,,,,0,15,51,WNW,14,0,-3,75,WSW,10,0
2015,1,6,2,DL,839,DCA,ATL,600,116,547,756,0,0,,41,0,0,0,0,1,25,74,ESE,8,0,31,67,W,6,0
2015,1,6,2,DL,849,MSY,ATL,600,88,425,828,0,0,,,,,,,0,40,89,N,3,0,37,59,W,8,0
2015,1,6,2,DL,894,FNT,ATL,600,150,645,830,0,0,,,,,,,0,9,77,SW,5,0,37,59,W,8,0
2015,1,6,2,DL,904,LGA,ATL,600,164,762,844,0,0,,,,,,,0,20,44,WNW,10,0,37,59,W,8,0
2015,1,6,2,DL,977,ORD,ATL,600,131,606,911,0,0,,,,,,,0,1,79,NW,10,0,42,51,W,13,0
2015,1,6,2,DL,1091,EWR,DTW,600,124,488,804,0,0,,,,,,,0,19,46,WSW,9,0,8,83,SW,7,0
2015,1,6,2,DL,1132,SEA,DTW,600,252,1927,1312,0,0,,,,,,,0,45,93,CALM,0,0,18,68,SW,12,0
2015,1,6,2,DL,1157,BDL,DTW,600,124,549,804,0,0,,,,,,,0,15,54,SW,6,0,8,83,SW,7,0
2015,1,6,2,DL,1179,STL,ATL,600,102,484,842,0,0,,,,,,,0,29,54,NNW,15,0,37,59,W,8,0
2015,1,6,2,DL,1234,PNS,ATL,600,71,271,811,0,0,,,,,,,0,38,83,N,8,0,37,59,W,8,0
2015,1,6,2,DL,1244,SRQ,ATL,600,99,444,739,0,0,,,,,,,0,57,83,NE,8,0,31,67,W,6,0
2015,1,6,2,DL,2359,SGF,ATL,600,125,563,905,0,0,,,,,,,0,29,67,NNW,23,0,42,51,W,13,0
2015,1,6,2,DL,2365,EVV,ATL,600,90,350,830,0,0,,,,,,,0,32,56,W,9,0,37,59,W,8,0
2015,1,6,2,DL,2382,LEX,ATL,600,92,304,732,0,0,,,,,,,0,24,71,SSW,8,0,31,67,W,6,0
2015,1,6,2,DL,2418,XNA,ATL,600,112,589,852,0,0,,,,,,,0,28,69,SW,3,0,37,59,W,8,0
2015,1,6,2,DL,2458,ICT,ATL,600,137,782,917,0,0,,,,,,,0,23,63,N,20,0,42,51,W,13,0
2015,1,6,2,DL,2507,CHA,ATL,600,56,106,656,0,0,,,,,,,0,27,81,CALM,0,0,30,72,W,7,0
2015,1,6,2,DL,2520,DEN,SLC,600,105,391,745,0,0,,,,,,,0,30,92,WSW,9,0,29,92,CALM,0,0
2015,1,6,2,DL,2527,PSC,SLC,600,107,521,847,0,0,,,,,,,0,34,96,WNW,7,0,32,88,CALM,0,0
2015,1,6,2,DL,2588,LGA,DTW,600,122,502,802,0,0,,0,0,28,0,0,1,20,44,WNW,10,0,8,83,SW,7,0
2015,1,6,2,DL,2596,MEM,ATL,600,86,332,826,0,0,,,,,,,0,28,78,SSW,6,0,37,59,W,8,0
2015,1,6,2,DL,2605,ALB,ATL,600,184,853,904,0,0,,,,,,,0,13,59,CALM,0,0,42,51,W,13,0
2015,1,6,2,DL,2665,BOS,LGA,600,79,184,719,0,0,,,,,,,0,15,51,WNW,14,0,20,44,CALM,0,0
2015,1,6,2,DL,2666,LGA,BOS,600,71,184,711,0,0,,,,,,,0,20,44,WNW,10,0,16,49,W,7,0
2015,1,6,2,DL,1449,FAY,ATL,600,95,331,735,0,0,,,,,,,0,29,85,CALM,0,0,31,67,W,6,0
2015,1,6,2,DL,1456,RDU,ATL,600,93,356,733,0,0,,,,,,,0,28,72,CALM,0,0,31,67,W,6,0
2015,1,6,2,DL,1459,CLT,DTW,600,112,500,752,0,0,,,,,,,0,32,64,SE,6,0,7,85,SSW,7,0
2015,1,6,2,DL,1481,LIT,ATL,600,96,453,836,0,0,,,,,,,0,26,78,WSW,3,0,37,59,W,8,0
2015,1,6,2,DL,1520,CVG,ATL,600,109,373,749,0,0,,,,,,,0,21,71,CALM,0,0,31,67,W,6,0
2015,1,6,2,DL,1540,OKC,ATL,600,132,761,912,0,0,,,,,,,0,32,66,N,12,0,42,51,W,13,0
2015,1,6,2,DL,1602,LAS,ATL,600,228,1747,1248,0,0,,,,,,,0,43,47,SSW,9,0,52,34,WNW,14,0
2015,2,10,2,AA,2433,LAX,DFW,1455,180,1235,1955,0,0,,,,,,,0,67,57,W,12,0,66,45,SSE,10,0
2015,2,10,2,AS,650,SEA,PHX,1455,158,1107,1833,0,0,,,,,,,0,54,69,SW,7,0,74,27,WSW,3,0
2015,2,10,2,AS,714,PDX,SLC,1455,109,630,1744,0,0,,,,,,,0,54,72,W,6,0,47,59,NNW,15,0
2015,2,10,2,AS,67,SEA,KTN,1455,124,680,1559,0,0,,0,0,19,0,0,1,54,69,SW,7,0,39,65,SE,9,0
2015,2,10,2,B6,575,JFK,MSY,1455,221,1182,1736,0,0,,,,,,,0,38,62,N,14,0,60,41,NNW,3,0
2015,2,10,2,AA,390,ORD,RDU,1455,106,646,1741,0,0,,,,,,,0,33,56,SE,5,0,43,65,NNE,10,0
2015,2,10,2,OO,5463,SFO,SMF,1456,47,86,1543,0,0,,,,,,,0,63,58,N,3,0,59,62,NNW,5,0
2015,2,10,2,EV,4544,MEM,IAH,1457,108,468,1645,0,0,,,,,,,0,48,48,N,5,0,72,48,ESE,8,0
2015,2,10,2,DL,885,ATL,GRR,1457,119,640,1656,0,0,,,,,,,0,53,52,NW,14,0,25,60,E,8,0
2015,2,10,2,EV,5990,LNK,ORD,1457,103,466,1640,0,0,,,,,,,0,38,83,SW,13,0,30,61,SE,10,0
2015,2,10,2,OO,6304,SFO,SNA,1457,91,372,1628,0,0,,,,,,,0,63,58,N,3,0,70,51,SW,6,0
2015,2,10,2,AS,50,ANC,SCC,1458,101,627,1639,0,0,,,,,,,0,24,55,NE,13,0,-30,0,WNW,3,0
2015,2,10,2,B6,1780,LGB,LAS,1458,66,231,1604,0,0,,0,0,47,0,0,1,75,50,S,6,0,71,10,ENE,5,0
2015,2,10,2,EV,4178,VPS,IAH,1458,123,528,1701,0,0,,,,,,,0,60,36,NNE,15,0,66,63,ESE,13,0
2015,2,10,2,HA,172,LIH,HNL,1458,34,102,1532,0,0,,,,,,,0,82,37,WSW,16,0,80,45,W,18,0
2015,2,10,2,OO,5379,SBP,LAX,1458,65,156,1603,0,0,,,,,,,0,71,35,NNW,5,0,64,72,W,8,0
2015,2,10,2,AA,1114,LGA,DFW,1459,259,1389,1818,0,0,,,,,,,0,38,60,NNE,16,0,68,40,SSE,14,0
2015,2,10,2,AA,1404,DCA,DFW,1459,212,1192,1731,0,0,,,,,,,0,40,65,N,15,0,71,36,SSE,14,0
2015,2,10,2,AA,1657,LAX,ORD,1459,246,1744,2105,0,0,,,,,,,0,67,57,W,12,0,27,69,S,12,0
2015,2,10,2,AA,1690,IAH,DFW,1459,71,224,1610,0,0,,,,,,,0,74,40,SSE,8,0,74,32,S,15,0
2015,2,10,2,AA,2285,JFK,MCO,1459,183,944,1802,0,0,,,,,,,0,38,62,N,14,0,58,81,N,8,0
2015,2,10,2,B6,477,JFK,JAX,1459,168,828,1747,0,0,,,,,,,0,38,62,N,14,0,56,75,NW,6,0
2015,2,10,2,DL,1763,DCA,MSP,1459,166,931,1645,0,0,,18,0,2,8,0,1,40,65,N,15,0,24,84,SE,14,0
2015,2,10,2,DL,2684,LGA,BOS,1459,78,184,1617,0,0,,15,0,4,32,0,1,38,60,NNE,16,0,30,66,NNE,9,0
2015,2,10,2,US,604,PHX,PDX,1459,170,1009,1649,0,0,,,,,,,0,82,21,WSW,7,0,50,86,NW,5,0
2015,2,10,2,US,730,MIA,CLT,1459,127,650,1706,0,0,,,,,,,0,75,36,WNW,17,0,49,52,NNE,6,0
2015,2,10,2,US,1759,IAH,PHL,1459,189,1325,1908,0,0,,,,,,,0,74,40,SSE,8,0,35,70,N,12,0
2015,2,10,2,MQ,3100,ORD,MSN,1500,47,108,1547,0,0,,,,,,,0,31,59,SE,8,0,29,67,SE,12,0
2015,2,10,2,MQ,3645,DFW,JAN,1500,76,408,1616,0,0,,,,,,,0,75,31,SSE,17,0,55,40,NNE,8,0
2015,2,10,2,OO,4561,SLC,SJC,1500,120,584,1600,0,0,,,,,,,0,49,56,N,8,0,60,60,W,12,0
2015,2,10,2,OO,3455,BUR,PDX,1500,134,817,1714,0,0,,,,,,,0,79,32,S,6,0,50,86,WNW,6,0
2015,2,10,2,OO,4722,SLC,LGB,1500,115,588,1555,0,0,,,,,,,0,49,56,N,8,0,75,43,WNW,5,0
2015,2,10,2,OO,6225,ORD,DFW,1500,155,802,1735,0,0,,0,0,83,0,0,1,31,59,SE,8,0,71,36,SSE,14,0
2015,2,10,2,OO,7391,SLC,GCC,1500,85,410,1625,0,0,,,,,,,0,49,56,N,8,0,36,86,NNW,24,0
2015,2,10,2,UA,1436,ORD,DEN,1500,161,888,1641,0,0,,,,,,,0,31,59,SE,8,0,46,44,E,12,0
2015,2,10,2,AA,1098,SMF,DFW,1501,199,1431,2020,0,0,,,,,,,0,59,62,NNW,5,0,64,46,SSE,10,0
2015,2,10,2,B6,879,LAS,LGB,1501,64,231,1605,0,0,,,,,,,0,73,10,VAR,6,0,73,44,NW,8,0
2015,2,10,2,DL,1920,MSP,BWI,1501,146,936,1827,0,0,,,,,,,0,24,81,SE,15,0,34,70,N,10,0
2015,2,10,2,US,1759,IAH,PHL,1459,189,1325,1908,0,0,,,,,,,0,74,40,SSE,8,0,35,70,N,12,0
2015,2,10,2,US,1826,PHX,LAS,1459,69,255,1508,0,0,,,,,,,0,82,21,WSW,7,0,73,10,VAR,6,0
2015,2,10,2,EV,4572,EWR,GSP,1459,124,594,1703,0,0,,,,,,,0,37,59,NNE,16,0,50,52,NW,8,0
2015,2,10,2,DL,755,CMH,ATL,1459,102,447,1641,0,0,,,,,,,0,30,66,N,7,0,53,50,NW,14,0
2015,2,10,2,EV,5305,PIT,LGA,1459,91,335,1630,0,0,,,,,,,0,31,59,NNE,9,0,38,55,N,15,0
2015,2,10,2,EV,5570,BTR,ATL,1459,86,448,1725,0,0,,,,,,,0,67,30,,0,0,50,54,NNW,10,0
2015,2,10,2,MQ,3295,JFK,RDU,1459,115,427,1654,0,0,,,,,,,0,38,62,N,14,0,43,70,NNE,10,0
2015,2,10,2,OO,6478,MFE,IAH,1459,74,316,1613,0,0,,,,,,,0,95,63,W,7,0,72,48,ESE,8,0
2015,2,10,2,OO,4733,SEA,SJC,1459,118,697,1657,0,0,,,,,,,0,54,69,SW,7,0,60,60,W,12,0
2015,2,10,2,OO,4820,IAD,MSP,1459,166,908,1645,0,0,,,,,,,0,37,70,NNW,14,0,24,84,SE,14,0
2015,2,10,2,UA,1406,RSW,EWR,1459,165,1068,1744,0,0,,,,,,,0,67,59,NW,10,0,36,62,N,17,0
2015,2,10,2,AA,28,LAX,MIA,1500,293,2342,2253,0,0,,,,,,,0,67,57,W,10,0,60,78,NW,9,0
2015,2,10,2,AA,364,ORD,LGA,1500,122,733,1802,0,0,,2,0,16,0,0,1,31,59,SE,8,0,34,61,N,14,0
2015,2,10,2,AA,351,DFW,IAH,1500,63,224,1603,0,0,,,,,,,0,75,31,SSE,17,0,72,48,ESE,8,0
2015,2,10,2,AA,989,LAS,MIA,1500,268,2174,2228,0,0,,1,0,0,47,0,1,73,10,VAR,6,0,60,78,NW,9,0
2015,2,10,2,AA,1333,DFW,MCI,1500,91,460,1631,0,0,,,,,,,0,75,31,SSE,17,0,48,48,E,5,0
2015,2,10,2,AA,1682,PHX,SNA,1500,80,338,1520,0,0,,0,0,0,45,0,1,82,19,VAR,6,0,72,46,SW,6,0
2015,2,10,2,AA,2327,MKE,DFW,1500,175,853,1755,0,0,,,,,,,0,26,71,SE,13,0,71,36,SSE,14,0
2015,2,10,2,AS,609,LAS,SEA,1500,155,867,1735,0,0,,,,,,,0,73,10,VAR,6,0,50,77,CALM,0,0
2015,2,10,2,AS,335,SJC,SEA,1500,123,697,1703,0,0,,,,,,,0,63,54,WNW,8,0,50,77,CALM,0,0
2015,2,10,2,B6,481,DCA,RSW,1500,160,892,1740,0,0,,,,,,,0,40,65,N,17,0,62,70,WNW,10,0
2015,2,10,2,B6,1115,BOS,DFW,1500,269,1562,1829,0,0,,,,,,,0,30,69,NNE,10,0,68,40,SSE,14,0
2015,2,10,2,DL,959,MSP,MCI,1500,89,393,1629,0,0,,21,0,0,0,0,1,24,81,SE,15,0,48,48,E,5,0
2015,2,10,2,DL,1143,SLC,PDX,1500,120,630,1600,0,0,,,,,,,0,49,56,N,8,0,50,86,NW,5,0
2015,2,10,2,DL,1945,DCA,DTW,1500,98,405,1638,0,0,,,,,,,0,40,65,N,17,0,24,65,ESE,9,0
2015,2,10,2,DL,2105,SFO,MSP,1500,221,1589,2041,0,0,,,,,,,0,63,58,CALM,0,0,27,89,SE,3,0
2015,2,10,2,AA,1544,DFW,BOS,1500,205,1562,1925,0,0,,49,0,0,0,0,1,75,31,SSE,17,0,27,72,N,7,0
2015,2,10,2,DL,1293,ATL,MSY,1500,100,425,1540,0,0,,,,,,,0,54,51,NW,12,0,63,37,NNW,12,0
2015,2,10,2,DL,1532,ATL,DSM,1500,132,743,1612,0,0,,,,,,,0,54,51,NW,12,0,37,67,SSW,15,0
2015,2,10,2,DL,1774,ATL,RDU,1500,80,356,1620,0,0,,,,,,,0,54,51,NW,12,0,43,70,NNE,10,0
2015,2,10,2,DL,1832,ATL,PNS,1500,77,271,1517,0,0,,,,,,,0,54,51,NW,12,0,59,36,NNW,14,0
2015,2,10,2,DL,1839,DCA,ATL,1500,122,547,1702,0,0,,,,,,,0,40,65,N,17,0,50,54,NNW,10,0
2015,2,10,2,DL,1841,ATL,SYR,1500,130,794,1710,0,0,,,,,,,0,54,51,NW,12,0,16,96,WNW,8,0
2015,2,10,2,DL,1847,SEA,ANC,1500,215,1448,1735,0,0,,,,,,,0,53,71,WSW,3,0,26,60,NE,5,0
2015,2,10,2,DL,1860,ATL,MIA,1500,115,594,1655,0,0,,,,,,,0,54,51,NW,12,0,73,39,NW,15,0
2015,2,10,2,DL,1862,MSY,ATL,1500,87,425,1727,0,0,,,,,,,0,63,37,NNW,12,0,50,54,NNW,10,0
2015,2,10,2,DL,1875,TPA,LGA,1500,159,1010,1739,0,0,,,,,,,0,60,67,NW,15,0,36,57,N,17,0
2015,2,10,2,DL,2448,ATL,PBI,1500,114,545,1654,0,0,,,,,,,0,54,51,NW,12,0,71,45,WNW,16,0
2015,2,10,2,DL,2498,LGA,TPA,1500,204,1010,1824,0,0,,,,,,,0,38,57,N,12,0,54,80,WNW,8,0
2015,2,10,2,DL,2587,ATL,OMA,1500,154,821,1634,0,0,,,,,,,0,54,51,NW,12,0,39,82,SW,8,0
2015,2,10,2,DL,2683,BOS,LGA,1500,77,184,1617,0,0,,,,,,,0,30,69,NNE,10,0,38,55,N,15,0
2015,2,10,2,B6,573,EWR,TPA,1500,181,997,1801,0,0,,,,,,,0,37,59,N,18,0,54,80,WNW,8,0
2015,2,10,2,EV,3935,MAF,IAH,1500,88,429,1628,0,0,,,,,,,0,82,16,SSW,9,0,72,48,ESE,8,0
2015,2,10,2,UA,434,SFO,RDU,1500,296,2400,2256,0,0,,,,,,,0,63,58,CALM,0,0,37,70,NNE,8,0
2015,2,10,2,UA,586,IAH,MSY,1500,67,305,1607,0,0,,,,,,,0,74,41,SSE,9,0,63,35,NNW,8,0
2015,2,10,2,UA,686,ORD,LGA,1500,127,733,1807,0,0,,,,,,,0,31,59,SE,8,0,34,61,N,14,0
2015,2,10,2,UA,1061,LGA,ORD,1500,159,733,1639,0,0,,,,,,,0,38,57,N,12,0,30,61,SE,10,0
2015,2,10,2,US,2119,BOS,DCA,1500,102,399,1642,0,0,,,,,,,0,30,69,NNE,10,0,39,65,N,17,0
2015,2,10,2,US,2152,LGA,BOS,1500,69,184,1609,0,0,,42,0,113,30,0,1,38,57,N,12,0,30,66,NNE,9,0
2015,2,10,2,US,2153,BOS,LGA,1500,80,184,1620,0,0,,68,0,0,0,0,1,30,69,NNE,10,0,38,55,N,15,0
2015,2,10,2,US,2184,DCA,LGA,1500,81,214,1621,0,0,,,,,,,0,40,65,N,17,0,38,55,N,15,0
2015,2,10,2,US,2185,LGA,DCA,1500,81,214,1621,0,0,,5,0,51,0,0,1,38,57,N,12,0,39,65,N,17,0
2015,2,10,2,WN,2291,AUS,DAL,1500,55,189,1555,0,0,,,,,,,0,79,32,SSE,9,0,76,31,S,20,0
2015,2,10,2,WN,1099,LAS,SMF,1500,90,397,1630,0,0,,,,,,,0,73,10,VAR,6,0,56,69,NW,5,0
2015,2,10,2,WN,571,BWI,DEN,1500,255,1491,1715,1,0,,,,,,,1,38,68,N,9,0,42,51,SSE,6,0
2015,2,10,2,WN,35,DAL,HOU,1500,65,239,1605,0,0,,0,0,35,0,0,1,76,31,S,20,0,70,51,SSE,10,0
2015,2,10,2,WN,791,DAL,OAK,1500,235,1468,1655,0,0,,,,,,,0,76,31,S,20,0,60,49,NW,9,0
2015,2,10,2,WN,402,DAL,TUL,1500,55,237,1555,0,0,,,,,,,0,76,31,S,20,0,62,39,SE,10,0
2015,2,10,2,WN,36,HOU,DAL,1500,60,239,1600,0,0,,,,,,,0,72,46,VAR,7,0,75,31,SSE,13,0
2015,2,10,2,WN,2505,HOU,MDW,1500,145,937,1725,0,0,,,,,,,0,72,46,VAR,7,0,30,64,ESE,8,0
2015,2,10,2,WN,464,HOU,PNS,1500,80,488,1620,0,0,,,,,,,0,72,46,VAR,7,0,57,39,N,14,0
2015,2,10,2,WN,143,LAS,BUF,1500,250,1986,2210,0,0,,,,,,,0,73,10,VAR,6,0,19,88,CALM,0,0
2015,2,10,2,WN,687,PHX,ELP,1500,65,347,1605,0,0,,,,,,,0,82,19,VAR,6,0,43,87,WNW,2,0
2015,2,10,2,WN,234,MKE,ATL,1500,130,669,1810,0,0,,,,,,,0,26,71,SE,13,0,47,59,NNW,12,0
2015,2,10,2,WN,1814,MSY,BNA,1500,85,471,1625,0,0,,,,,,,0,63,37,NNW,12,0,42,58,NE,7,0
2015,2,10,2,WN,4999,OAK,BUR,1500,65,325,1605,0,1,A,,,,,,1,61,54,WNW,9,0,76,35,S,5,0
2015,2,10,2,US,679,PHX,SAN,1500,70,304,1510,0,0,,0,0,16,0,0,1,82,19,VAR,6,0,68,59,NW,8,0
2015,2,10,2,US,1799,EWR,CLT,1500,116,529,1656,0,0,,,,,,,0,37,59,N,18,0,53,47,N,8,0
2015,2,10,2,US,1846,TPA,DCA,1500,128,814,1708,0,0,,,,,,,0,60,67,NW,15,0,39,61,N,18,0
2015,2,10,2,US,1972,CLT,EWR,1500,107,529,1647,0,0,,29,0,1,0,0,1,52,53,N,9,0,37,59,N,17,0
2015,2,10,2,EV,4704,CHS,IAH,1500,179,925,1659,0,0,,,,,,,0,49,71,N,20,0,72,48,ESE,8,0
2015,2,10,2,DL,221,LGA,ATL,1500,173,762,1753,0,0,,,,,,,0,38,57,N,12,0,50,54,NNW,10,0
2015,2,10,2,EV,5355,XNA,ATL,1500,102,589,1742,0,0,,,,,,,0,64,33,SE,9,0,50,54,NNW,10,0
2015,2,10,2,EV,5583,MSP,GRR,1500,86,408,1726,0,0,,4,0,8,24,0,1,24,81,SE,15,0,24,62,E,6,0
2015,2,10,2,EV,5028,MSP,STL,1500,88,448,1628,0,0,,16,0,0,0,0,1,24,81,SE,15,0,43,49,ESE,8,0
2015,2,10,2,F9,423,ATL,DEN,1500,207,1199,1627,0,0,,,,,,,0,54,51,NW,12,0,46,44,E,12,0
2015,2,10,2,F9,1050,PHX,IAH,1500,155,1009,1835,0,0,,,,,,,0,82,19,VAR,6,0,61,75,SE,8,0
2015,2,10,2,HA,26,HNL,PDX,1500,330,2603,2230,0,0,,,,,,,0,80,45,W,18,0,45,100,WNW,6,0
2015,2,10,2,MQ,2970,ORD,FAR,1500,116,557,1656,0,0,,,,,,,0,31,59,SE,8,0,,,,,
2015,2,10,2,MQ,3087,ORD,XNA,1500,104,522,1644,0,0,,,,,,,0,31,59,SE,8,0,63,33,S,8,0
2015,2,10,2,MQ,3100,ORD,MSN,1500,47,108,1547,0,0,,,,,,,0,31,59,SE,8,0,29,67,SE,12,0
2015,2,10,2,AA,390,ORD,RDU,1455,106,646,1741,0,0,,,,,,,0,33,56,SE,5,0,43,65,NNE,10,0
2015,2,10,2,DL,897,ATL,MCO,1455,89,404,1624,0,0,,,,,,,0,53,52,NW,14,0,64,63,NW,15,0
2015,2,10,2,DL,902,ATL,DTW,1455,120,594,1655,0,0,,,,,,,0,53,52,NW,14,0,24,65,ESE,9,0
2015,2,10,2,DL,1142,ATL,HOU,1455,147,696,1622,0,0,,,,,,,0,53,52,NW,14,0,70,51,SSE,10,0
2015,2,10,2,DL,1983,ATL,SAV,1455,63,214,1558,0,0,,,,,,,0,53,52,NW,14,0,59,53,N,15,0
2015,2,10,2,DL,2035,ATL,MKE,1455,125,669,1600,0,0,,,,,,,0,53,52,NW,14,0,27,69,SSE,9,0
2015,2,10,2,DL,2243,ATL,IAH,1455,140,689,1615,0,0,,,,,,,0,53,52,NW,14,0,72,48,ESE,8,0
2015,2,10,2,DL,1271,ATL,JAX,1455,68,270,1603,0,0,,,,,,,0,53,52,NW,14,0,56,72,NNW,10,0
2015,2,10,2,DL,1281,ATL,MEM,1455,84,332,1519,0,0,,,,,,,0,53,52,NW,14,0,88,70,S,13,0
2015,2,10,2,DL,1466,ATL,GSO,1455,74,306,1609,0,0,,,,,,,0,53,52,NW,14,0,48,58,N,13,0
2015,2,10,2,US,407,PHX,SFO,1455,127,651,1602,0,0,,,,,,,0,82,21,WSW,7,0,61,68,W,15,0
2015,2,10,2,US,2023,PHX,LAX,1455,88,370,1523,0,0,,0,0,4,19,0,1,82,21,WSW,7,0,67,57,W,10,0
2015,2,10,2,US,2041,RSW,CLT,1455,114,600,1649,0,0,,12,0,4,0,0,1,67,59,NW,10,0,53,47,N,8,0
2015,2,10,2,US,2063,CLT,BWI,1455,85,361,1620,0,0,,0,0,15,0,0,1,51,54,NNE,14,0,37,65,N,13,0
2015,2,10,2,WN,116,ABQ,HOU,1455,115,759,1750,0,0,,,,,,,0,67,19,CALM,0,0,66,65,SSE,8,0
2015,2,10,2,WN,3050,AUS,LAS,1455,185,1090,1600,0,0,,,,,,,0,78,32,SSW,14,0,71,10,ENE,5,0
2015,2,10,2,WN,648,BUF,MCO,1455,165,1011,1740,0,0,,0,0,9,120,0,1,20,85,NE,5,0,62,70,N,10,0
2015,2,10,2,WN,343,BUR,OAK,1455,70,325,1605,0,0,,,,,,,0,6,71,,0,0,60,49,NW,9,0
2015,2,10,2,WN,607,LAX,DAL,1455,175,1246,1950,0,0,,,,,,,0,67,57,W,12,0,66,45,SE,13,0
2015,2,10,2,WN,4122,LAX,SFO,1455,75,337,1610,0,1,A,,,,,,1,67,57,W,12,0,61,68,W,15,0
2015,2,10,2,WN,731,LGA,STL,1455,185,888,1700,0,0,,,,,,,0,38,60,NNE,16,0,40,55,ESE,8,0
2015,2,10,2,WN,4544,FLL,BWI,1455,155,925,1730,0,0,,0,0,2,23,0,1,72,44,WNW,18,0,35,70,N,10,0
2015,2,10,2,WN,4885,ISP,BWI,1455,75,220,1610,0,0,,0,0,0,15,0,1,35,61,NNE,18,0,37,65,N,13,0
2015,2,10,2,WN,896,LAS,BUR,1455,65,223,1600,0,0,,,,,,,0,73,11,NW,5,0,76,35,S,5,0
2015,2,10,2,WN,1105,PHX,DTW,1455,225,1671,2040,0,0,,,,,,,0,82,21,WSW,7,0,18,78,E,3,0
2015,2,10,2,WN,1700,PHX,LAX,1455,90,370,1525,0,0,,,,,,,0,82,21,WSW,7,0,67,57,W,10,0
2015,2,10,2,WN,2699,PHX,ONT,1455,70,325,1505,0,0,,,,,,,0,82,21,WSW,7,0,80,20,W,3,0
2015,2,10,2,WN,154,SMF,SAN,1455,80,480,1615,0,0,,,,,,,0,60,62,NW,8,0,67,61,NW,7,0
2015,2,10,2,WN,4391,STL,FLL,1455,160,1056,1835,0,0,,,,,,,0,41,51,VAR,5,0,65,56,NNW,10,0
2015,2,10,2,WN,406,STL,MDW,1455,65,251,1600,0,0,,,,,,,0,41,51,VAR,5,0,31,59,ESE,10,0
2015,2,10,2,WN,1697,MDW,JAX,1455,135,849,1810,0,0,,,,,,,0,33,50,SSE,6,0,51,86,WNW,6,0
2015,2,10,2,WN,683,TUL,PHX,1455,165,935,1640,0,0,,,,,,,0,,,,,,81,17,WNW,12,0
2015,2,10,2,US,599,MCI,PHX,1455,170,1044,1645,0,0,,,,,,,0,49,44,VAR,3,0,81,17,WNW,12,0
2015,2,10,2,US,749,CLT,SFO,1455,350,2296,1745,0,0,,,,,,,0,51,54,NNE,14,0,58,72,W,12,0
2015,2,10,2,US,863,CLT,ATL,1455,77,226,1612,0,0,,,,,,,0,51,54,NNE,14,0,53,50,NW,14,0
2015,2,10,2,US,1766,CLT,DCA,1455,80,331,1615,0,0,,0,0,0,37,0,1,51,54,NNE,14,0,39,65,N,17,0
2015,2,10,2,US,1784,FLL,CLT,1455,123,631,1658,0,0,,,,,,,0,72,44,WNW,18,0,53,47,N,8,0
2015,2,10,2,US,1974,DCA,FLL,1455,166,899,1741,0,0,,,,,,,0,40,65,N,15,0,68,47,NW,10,0
2015,2,10,2,DL,105,BOS,ATL,1455,183,946,1758,0,0,,,,,,,0,,,,,,50,54,NNW,10,0
2015,2,10,2,EV,5153,ATL,ALB,1455,131,853,1706,0,0,,,,,,,0,53,52,NW,14,0,25,66,N,12,0
2015,2,10,2,EV,5474,ATL,CSG,1455,42,83,1537,0,0,,,,,,,0,53,52,NW,14,0,56,45,NW,9,0
2015,2,10,2,EV,4637,ORD,BHM,1455,111,584,1646,0,0,,,,,,,0,33,56,SE,5,0,45,52,N,10,0
2015,2,10,2,EV,6167,CWA,ORD,1455,63,212,1558,0,0,,,,,,,0,23,86,SE,15,0,31,59,SE,8,0
2015,2,10,2,MQ,3064,SGF,DFW,1455,89,364,1624,0,0,,,,,,,0,53,35,SE,9,0,74,32,S,15,0
2015,2,10,2,MQ,3299,DFW,ACT,1455,38,89,1533,0,0,,,,,,,0,73,34,S,17,0,77,31,CALM,0,0
2015,2,10,2,MQ,3401,DFW,SHV,1455,53,190,1548,0,0,,,,,,,0,73,34,S,17,0,61,41,SW,3,0
2015,2,10,2,MQ,3572,DFW,XNA,1455,65,280,1600,0,0,,,,,,,0,73,34,S,17,0,63,33,S,8,0
2015,2,10,2,NK,175,MSP,LAS,1455,203,1299,1618,0,0,,20,0,0,0,0,1,24,81,SE,14,0,71,10,ENE,5,0
2015,2,10,2,OO,2742,PHX,TUS,1455,47,110,1542,0,0,,,,,,,0,82,21,WSW,7,0,77,17,NW,14,0
2015,2,10,2,HA,16,HNL,SAN,1455,320,2614,2215,0,0,,,,,,,0,82,42,W,18,0,61,70,CALM,0,0
2015,2,10,2,DL,1159,ATL,BUF,1456,122,712,1658,0,0,,,,,,,0,53,52,NW,14,0,20,89,NE,6,0
2015,2,10,2,DL,1159,ATL,BUF,1456,122,712,1658,0,0,,,,,,,0,53,52,NW,14,0,20,89,NE,6,0
2015,2,10,2,MQ,3470,CMH,ORD,1456,89,296,1525,0,0,,,,,,,0,30,66,N,7,0,31,59,SE,8,0
2015,2,10,2,OO,6208,DEN,MOT,1456,112,604,1748,0,0,,,,,,,0,53,30,E,15,0,12,70,WNW,23,0
2015,2,10,2,OO,5159,ABQ,IAH,1456,124,744,1800,0,0,,,,,,,0,67,19,CALM,0,0,61,75,SE,8,0
2015,2,10,2,OO,2635,MKE,ORD,1456,54,67,1550,0,0,,,,,,,0,27,69,ESE,9,0,31,59,SE,8,0
2015,2,10,2,OO,5463,SFO,SMF,1456,47,86,1543,0,0,,,,,,,0,63,58,N,3,0,59,62,NNW,5,0
2015,2,10,2,DL,1920,MSP,BWI,1501,146,936,1827,0,0,,,,,,,0,24,81,SE,15,0,34,70,N,10,0
2015,2,10,2,DL,2078,SLC,SAN,1501,109,626,1550,0,0,,,,,,,0,49,56,N,8,0,68,59,NW,8,0
2015,2,10,2,DL,2196,MSP,LGA,1501,162,1020,1843,0,0,,31,0,60,0,0,1,24,81,SE,15,0,34,61,N,14,0
2015,2,10,2,DL,42,SJU,JFK,1501,249,1598,1810,0,0,,,,,,,0,88,46,SSE,12,0,36,57,N,18,0
2015,2,10,2,AA,1221,ORD,MCO,1502,153,1005,1835,0,0,,,,,,,0,31,59,SE,8,0,58,81,N,8,0
2015,2,10,2,UA,1622,ORD,EWR,1502,130,719,1812,0,0,,13,0,13,0,0,1,31,59,SE,8,0,34,64,N,16,0
2015,2,10,2,OO,4743,SLC,SNA,1502,112,588,1554,0,0,,,,,,,0,49,56,N,8,0,72,46,SW,6,0
2015,2,10,2,EV,6006,SDF,ORD,1502,85,287,1527,0,0,,6,0,1,11,0,1,43,47,NE,5,0,31,59,SE,8,0
2015,2,10,2,OO,7432,TWF,SLC,1502,52,175,1554,0,0,,,,,,,0,49,54,W,14,0,49,56,N,8,0
2015,2,10,2,OO,5406,EAU,ORD,1502,79,268,1621,0,0,,,,,,,0,24,75,SSE,10,0,30,61,SE,10,0
2015,2,10,2,OO,5626,ORD,IND,1502,65,177,1707,0,0,,,,,,,0,31,59,SE,8,0,73,23,W,12,0
2015,2,10,2,UA,1273,IAH,SFO,1502,263,1635,1725,0,0,,,,,,,0,,,,,,58,72,W,12,0
2015,2,10,2,AA,200,SAT,DFW,1503,67,247,1610,0,0,,,,,,,0,,,,,,74,32,S,15,0
2015,2,10,2,AA,1347,DFW,DSM,1503,107,624,1650,0,0,,,,,,,0,75,31,SSE,17,0,37,67,SSW,15,0
2015,2,10,2,AA,1375,RSW,ORD,1503,187,1120,1710,0,0,,,,,,,0,67,59,NW,16,0,29,67,SE,12,0
2015,2,10,2,UA,1635,EWR,PHX,1503,346,2133,1849,0,0,,,,,,,0,37,59,N,18,0,74,27,WSW,3,0
2015,2,10,2,EV,5798,SHV,IAH,1503,65,192,1608,0,0,,,,,,,0,61,41,SW,3,0,72,48,ESE,8,0
2015,2,10,2,HA,335,OGG,HNL,1503,37,100,1540,0,0,,0,0,22,0,0,1,75,69,ENE,6,0,80,45,W,18,0
2015,2,10,2,EV,4394,ELP,IAH,1504,117,667,1801,0,0,,,,,,,0,81,20,W,12,0,61,75,SE,8,0
2015,2,10,2,EV,4396,XNA,IAH,1504,105,438,1649,0,0,,,,,,,0,64,33,SE,9,0,72,48,ESE,8,0
2015,2,10,2,UA,289,LAS,IAH,1504,182,1222,2006,0,0,,,,,,,0,73,10,VAR,6,0,57,87,SSE,8,0
2015,2,10,2,EV,4135,LIT,IAH,1504,95,374,1639,0,0,,,,,,,0,50,43,ESE,8,0,72,48,ESE,8,0
2015,2,10,2,OO,5560,DEN,PSP,1504,145,776,1629,0,0,,,,,,,0,50,36,E,14,0,82,13,N,8,0
2015,2,10,2,OO,6347,SFO,AUS,1504,208,1504,2032,0,0,,,,,,,0,63,58,CALM,0,0,57,67,S,6,0
2015,2,10,2,AA,20,SFO,JFK,1505,322,2586,2327,0,0,,,,,,,0,63,58,CALM,0,0,30,66,N,12,0
2015,2,10,2,AA,266,LIH,LAX,1505,328,2615,2233,0,0,,,,,,,0,81,33,W,17,0,62,62,E,5,0
2015,2,10,2,AA,1414,DFW,IAD,1505,161,1172,1846,0,0,,,,,,,0,75,31,SSE,17,0,36,67,N,13,0
2015,2,10,2,AS,633,PHX,SEA,1505,180,1107,1705,0,0,,,,,,,0,82,19,VAR,6,0,50,77,CALM,0,0
2015,2,10,2,AS,641,TUS,SEA,1505,190,1216,1715,0,0,,,,,,,0,77,17,NW,14,0,50,77,CALM,0,0
2015,2,10,2,DL,1199,ATL,STL,1505,107,484,1552,0,0,,,,,,,0,54,51,NW,12,0,43,49,SE,8,0
2015,2,10,2,DL,1317,ATL,DEN,1505,211,1199,1636,0,0,,,,,,,0,54,51,NW,12,0,46,44,E,12,0
2015,2,10,2,DL,1374,SLC,OAK,1505,115,588,1600,0,0,,,,,,,0,49,56,N,8,0,60,49,NW,9,0
2015,2,10,2,DL,1779,LGA,FLL,1505,212,1076,1837,0,0,,,,,,,0,38,57,N,12,0,65,56,NNW,10,0
2015,2,10,2,DL,2390,ATL,MDT,1505,110,620,1655,0,0,,15,0,0,0,0,1,54,51,NW,12,0,33,66,N,13,0
2015,2,10,2,EV,4102,ICT,IAH,1505,109,542,1654,0,0,,,,,,,0,60,44,S,7,0,72,48,ESE,8,0
2015,2,10,2,EV,4277,DEN,OMA,1505,88,472,1733,0,0,,,,,,,0,50,36,E,14,0,39,79,SW,6,0
2015,2,10,2,UA,637,EWR,ORD,1505,154,719,1639,0,0,,,,,,,0,37,59,N,18,0,30,61,SE,10,0
2015,2,10,2,VX,958,SFO,SAN,1505,85,447,1630,0,0,,,,,,,0,63,58,CALM,0,0,67,61,NW,7,0
2015,2,10,2,WN,4858,ALB,MCO,1505,195,1073,1820,0,0,,,,,,,0,28,63,N,14,0,58,81,N,8,0
2015,2,10,2,WN,44,ATL,HOU,1505,145,696,1630,0,0,,,,,,,0,54,51,NW,12,0,70,51,SSE,10,0
2015,2,10,2,WN,4896,ATL,IND,1505,100,432,1645,0,0,,,,,,,0,54,51,NW,12,0,35,52,VAR,5,0
2015,2,10,2,WN,203,ATL,JAX,1505,75,270,1620,0,0,,,,,,,0,54,51,NW,12,0,56,72,NNW,10,0
2015,2,10,2,WN,139,ATL,MSY,1505,100,425,1545,0,0,,,,,,,0,54,51,NW,12,0,63,37,NNW,12,0
2015,2,10,2,WN,362,ATL,TPA,1505,90,406,1635,0,0,,,,,,,0,54,51,NW,12,0,57,74,WNW,12,0
2015,2,10,2,WN,1061,BOS,BWI,1505,100,369,1645,0,0,,,,,,,0,30,69,NNE,10,0,37,65,N,13,0
2015,2,10,2,WN,2426,MCI,MDW,1505,80,405,1625,0,0,,,,,,,0,49,46,CALM,0,0,31,59,ESE,10,0
2015,2,10,2,WN,1261,MCO,ATL,1505,100,404,1645,0,0,,,,,,,0,65,63,NNW,16,0,53,50,NW,14,0
2015,2,10,2,WN,939,CMH,MDW,1505,75,283,1520,0,0,,,,,,,0,31,64,N,6,0,33,43,SSE,6,0
2015,2,10,2,WN,576,CMH,PHX,1505,275,1670,1740,0,0,,,,,,,0,31,64,N,6,0,79,21,W,14,0
2015,2,10,2,WN,1701,DEN,ATL,1505,165,1199,1950,0,0,,,,,,,0,50,36,E,14,0,46,61,NW,8,0
2015,2,10,2,WN,2958,DEN,SLC,1505,90,391,1635,0,0,,,,,,,0,50,36,E,14,0,50,48,N,10,0
2015,2,10,2,WN,4874,FNT,MCO,1505,185,1011,1810,0,0,,0,0,0,211,0,1,29,49,ENE,3,0,58,81,N,8,0
2015,2,10,2,WN,4744,HOU,DCA,1505,170,1218,1855,0,0,,,,,,,0,72,46,VAR,7,0,38,60,N,21,0
2015,2,10,2,WN,2783,IND,RSW,1505,150,945,1735,0,0,,,,,,,0,36,48,CALM,0,0,62,70,WNW,10,0
2015,2,10,2,WN,465,PHX,BUR,1505,85,369,1530,0,0,,,,,,,0,82,19,VAR,6,0,79,32,S,6,0
2015,2,10,2,WN,1140,PIT,TPA,1505,160,873,1745,0,0,,,,,,,0,31,59,N,6,0,56,77,NNW,15,0
2015,2,10,2,WN,1269,SMF,LAX,1505,75,373,1620,0,0,,,,,,,0,59,62,NNW,5,0,64,72,W,8,0
2015,2,10,2,WN,2429,SMF,SNA,1505,80,404,1625,0,0,,,,,,,0,59,62,NNW,5,0,70,51,SW,6,0
2015,2,10,2,WN,1451,STL,MCI,1505,65,237,1610,0,0,,,,,,,0,43,49,SE,8,0,48,48,E,5,0
2015,2,10,2,WN,4107,STL,RSW,1505,150,979,1835,0,0,,,,,,,0,43,49,SE,8,0,59,78,WNW,8,0
2015,2,10,2,WN,3925,MDW,PHX,1505,230,1444,1755,0,0,,,,,,,0,33,43,SSE,6,0,79,21,W,14,0
2015,2,10,2,WN,450,MSY,HOU,1505,80,302,1625,0,0,,,,,,,0,63,37,NNW,12,0,70,51,SSE,10,0
2015,2,10,2,WN,167,OAK,SAN,1505,80,446,1625,0,0,,,,,,,0,61,54,WNW,9,0,67,61,NW,7,0
2015,2,10,2,WN,377,TUS,LAS,1505,80,365,1525,0,0,,,,,,,0,77,17,NW,14,0,73,10,VAR,6,0
2015,2,10,2,US,1874,DCA,MCO,1505,148,759,1733,0,0,,,,,,,0,40,65,N,17,0,62,70,N,10,0
2015,2,10,2,DL,476,FLL,JFK,1505,178,1069,1803,0,0,,,,,,,0,72,46,NW,16,0,36,57,N,18,0
2015,2,10,2,MQ,3137,DFW,MLI,1505,115,691,1700,0,0,,,,,,,0,75,31,SSE,17,0,30,75,SE,10,0
2015,2,10,2,MQ,3199,LGA,GSO,1505,105,461,1650,0,0,,8,0,0,29,0,1,38,57,N,12,0,48,58,N,13,0
2015,2,10,2,MQ,3368,PIT,ORD,1505,99,413,1544,0,0,,,,,,,0,31,59,N,6,0,31,59,SE,8,0
2015,2,10,2,EV,4871,ATL,MOB,1505,77,302,1522,0,0,,,,,,,0,54,51,NW,12,0,59,36,NW,8,0
2015,2,10,2,NK,906,DEN,IAH,1505,139,862,1824,0,0,,20,0,0,0,0,1,50,36,E,14,0,61,75,SE,8,0
2015,2,10,2,OO,3481,SBA,SEA,1505,155,908,1740,0,0,,,,,,,0,73,35,W,6,0,50,77,CALM,0,0
2015,2,10,2,OO,4514,SLC,TUS,1505,109,601,1654,0,0,,,,,,,0,49,56,N,8,0,76,17,NNW,16,0
2015,2,10,2,OO,4749,SLC,ONT,1505,107,558,1552,0,0,,0,0,141,0,0,1,49,56,N,8,0,80,20,W,3,0
2015,2,10,2,OO,4765,SLC,BUR,1505,117,574,1602,0,0,,,,,,,0,49,56,N,8,0,76,35,S,5,0
2015,2,10,2,DL,1377,MSP,ORD,1506,93,334,1639,0,0,,17,0,0,0,0,1,24,81,SE,15,0,30,61,SE,10,0
2015,2,10,2,DL,1430,ATL,MSN,1506,128,707,1614,0,0,,,,,,,0,54,51,NW,12,0,29,69,SSE,14,0
2015,2,10,2,DL,1661,ATL,PHL,1506,127,666,1713,0,0,,,,,,,0,54,51,NW,12,0,37,62,N,14,0
2015,2,10,2,DL,1791,ATL,CHS,1506,73,259,1619,0,0,,,,,,,0,54,51,NW,12,0,50,66,N,21,0
2015,2,10,2,UA,1665,ORD,LAX,1506,269,1744,1735,0,0,,25,0,13,0,0,1,31,59,SE,8,0,62,75,W,3,0
2015,2,10,2,EV,5613,ATL,PVD,1506,136,903,1722,0,0,,15,0,0,2,0,1,54,51,NW,12,0,28,69,NNE,9,0
2015,3,10,2,DL,2118,ATL,MCO,750,84,404,914,0,0,,,,,,,0,58,70,SE,5,0,75,82,SE,12,0
2015,3,10,2,EV,2530,CAE,DFW,750,189,922,959,0,0,,,,,,,0,54,83,ESE,3,0,50,93,NNW,8,0
2015,3,10,2,UA,1643,EWR,DEN,750,276,1605,1026,0,0,,,,,,,0,35,72,NNE,3,0,55,24,N,8,0
2015,3,10,2,US,850,STL,CLT,750,111,575,1041,0,0,,,,,,,0,45,93,NE,6,0.1,60,69,CALM,0,0
2015,3,10,2,US,1739,PHL,ATL,750,149,666,1019,0,0,,,,,,,0,34,82,CALM,0,0,61,78,SE,6,0
2015,3,10,2,US,1811,PHL,TPA,750,176,920,1046,0,0,,,,,,,0,34,82,CALM,0,0,77,71,SSE,7,0
2015,3,10,2,US,1906,CLT,MCI,750,161,808,931,0,0,,,,,,,0,57,62,SE,6,0,49,80,WSW,6,0
2015,3,10,2,US,2007,PHL,RSW,750,187,993,1057,0,0,,,,,,,0,34,82,CALM,0,0,79,66,SE,15,0
2015,3,10,2,US,438,PHX,GEG,750,170,1020,1040,0,0,,,,,,,0,61,30,E,6,0,51,46,ESE,6,0
2015,3,10,2,US,469,CLT,ATL,750,80,226,910,0,0,,,,,,,0,57,62,SE,6,0,59,75,SE,6,0
2015,3,10,2,US,481,PHL,DEN,750,269,1558,1019,0,0,,,,,,,0,34,82,CALM,0,0,55,24,N,8,0
2015,3,10,2,US,487,CLT,SAN,750,322,2077,1012,0,0,,,,,,,0,57,62,SE,6,0,65,68,W,8,0
2015,3,10,2,US,602,PHX,LAS,750,73,255,903,0,0,,,,,,,0,61,30,E,6,0,64,21,S,7,0
2015,3,10,2,VX,713,DAL,SFO,750,230,1476,940,0,0,,,,,,,0,50,93,NW,7,0,54,100,SSE,3,0
2015,3,10,2,WN,543,DAL,ABQ,750,110,580,840,0,0,,,,,,,0,50,93,NW,7,0,40,58,NNW,8,0
2015,3,10,2,WN,4914,BNA,DCA,750,105,562,1035,0,0,,,,,,,0,56,93,SSE,7,0,50,57,CALM,0,0
2015,3,10,2,WN,1090,BNA,ECP,750,75,401,905,0,0,,,,,,,0,56,93,SSE,7,0,74,71,SSE,13,0
2015,3,10,2,WN,3926,BNA,FLL,750,135,793,1105,0,0,,,,,,,0,56,93,SSE,7,0,80,74,ESE,18,0
2015,3,10,2,WN,767,BNA,JAX,750,85,483,1015,0,0,,,,,,,0,56,93,SSE,7,0,76,79,S,16,0
2015,3,10,2,WN,283,BNA,PHX,750,235,1449,945,0,0,,,,,,,0,56,93,SSE,7,0,73,19,E,10,0
2015,3,10,2,WN,3054,BUR,DEN,750,135,850,1105,0,0,,,,,,,0,52,54,CALM,0,0,57,23,N,12,0
2015,3,10,2,WN,2514,DEN,HOU,750,140,883,1110,0,0,,,,,,,0,37,57,WSW,9,0,55,88,NNW,6,0
2015,3,10,2,WN,3050,HOU,ATL,750,115,696,1045,0,0,,,,,,,0,54,93,NNW,6,0,61,78,SE,6,0
2015,3,10,2,WN,2061,HOU,HRL,750,65,277,855,0,0,,,,,,,0,54,93,NNW,6,0,60,96,N,6,0.1
2015,3,10,2,WN,46,LAS,SLC,750,75,368,1005,0,0,,,,,,,0,56,30,SSW,7,0,50,36,SSE,5,0
2015,3,10,2,WN,2609,PHX,OMA,750,155,1037,1225,0,0,,,,,,,0,61,30,E,6,0,63,40,SW,6,0
2015,3,10,2,B6,644,PBI,EWR,746,167,1023,1033,0,0,,,,,,,0,76,76,ESE,14,0,48,50,CALM,0,0
2015,3,10,2,UA,1125,LAX,IAH,746,189,1379,1255,0,0,,,,,,,0,55,94,N,3,0,56,87,NNW,8,0
2015,3,10,2,US,452,PHX,SAN,746,75,304,901,0,0,,,,,,,0,61,30,E,6,0,63,67,CALM,0,0
2015,3,10,2,F9,403,DEN,LAX,746,149,862,915,0,0,,,,,,,0,37,57,WSW,9,0,60,80,W,8,0
2015,3,10,2,DL,1169,MIA,LAX,748,372,2342,1100,0,0,,,,,,,0,75,79,ESE,9,0,63,75,WSW,5,0
2015,3,10,2,F9,555,DEN,SAN,748,141,853,909,0,0,,,,,,,0,37,57,WSW,9,0,63,67,CALM,0,0
2015,3,10,2,AS,61,SEA,JNU,750,150,909,920,0,0,,,,,,,0,43,87,N,8,0,32,85,CALM,0,0
2015,3,10,2,AS,506,SEA,SNA,750,160,978,1030,0,0,,,,,,,0,43,87,N,8,0,63,72,CALM,0,0
2015,3,10,2,AS,743,SLC,SFO,750,122,599,852,0,0,,79,0,0,0,0,1,38,60,SSE,12,0,53,100,SSE,6,0
2015,3,10,2,B6,287,BOS,LAX,750,394,2611,1124,0,0,,,,,,,0,32,69,CALM,0,0,63,75,WSW,5,0
2015,3,10,2,B6,434,SFO,BOS,750,339,2704,1629,0,0,,,,,,,0,52,100,CALM,0,0,44,55,S,13,0
2015,3,10,2,DL,2118,ATL,MCO,750,84,404,914,0,0,,,,,,,0,58,70,SE,5,0,75,82,SE,12,0
2015,3,10,2,WN,2609,PHX,OMA,750,155,1037,1225,0,0,,,,,,,0,61,30,E,6,0,63,40,SW,6,0
2015,3,10,2,WN,3144,PIT,FLL,750,170,994,1040,0,0,,,,,,,0,34,85,CALM,0,0,79,74,ESE,18,0
2015,3,10,2,WN,112,SJC,SEA,750,125,697,955,0,0,,,,,,,0,53,89,ESE,6,0,43,93,NNE,7,0
2015,3,10,2,WN,527,SMF,SEA,750,105,605,935,0,0,,29,0,0,0,0,1,46,93,CALM,0,0,43,93,NNE,7,0
2015,3,10,2,WN,1945,MDW,LGA,750,120,725,1050,0,1,B,,,,,,1,40,93,S,7,0,38,62,NE,8,0
2015,3,10,2,WN,565,MDW,PHL,750,115,668,1045,0,0,,,,,,,0,40,93,S,7,0,49,59,ENE,3,0
2015,3,10,2,AA,33,JFK,LAX,800,398,2475,1138,0,0,,,,,,,0,40,77,CALM,0,0,63,75,WSW,5,0
2015,3,10,2,AA,34,LAX,JFK,800,338,2475,1638,0,0,,,,,,,0,58,87,E,3,0,49,71,E,6,0
2015,3,10,2,AA,306,LAX,MIA,800,294,2342,1554,0,0,,25,0,0,69,0,1,58,87,E,3,0,83,60,E,17,0
2015,3,10,2,AA,1081,IAD,LAX,800,357,2288,1057,0,0,,,,,,,0,37,79,CALM,0,0,61,82,WSW,6,0
2015,3,10,2,AA,1023,OKC,DFW,800,70,175,910,0,0,,,,,,,0,46,93,NNW,6,0,50,93,NNW,8,0
2015,3,10,2,AA,1141,STL,DFW,800,115,550,955,0,0,,,,,,,0,46,89,ENE,6,0,50,93,NNW,8,0
2015,3,10,2,AA,1209,TPA,LAX,800,335,2158,1035,0,0,,25,0,0,0,0,1,71,84,ESE,3,0,61,82,WSW,6,0
2015,3,10,2,AA,1350,STT,MIA,800,184,1107,1104,0,0,,,,,,,0,71,84,ESE,3,0,61,82,WSW,6,0
2015,3,10,2,AA,1373,ORD,BOS,800,130,867,1110,0,0,,,,,,,0,40,71,SW,8,0,40,53,ESE,6,0
2015,3,10,2,AA,1440,JAC,DFW,800,184,1047,1204,0,0,,21,0,51,0,0,1,32,80,VAR,1,0,54,83,NW,9,0
2015,3,10,2,AA,1567,STL,LAX,800,260,1592,1020,0,0,,,,,,,0,46,89,ENE,6,0,61,82,WSW,6,0
2015,3,10,2,AA,1642,DFW,EWR,800,182,1372,1202,0,0,,,,,,,0,49,97,NW,7,0,51,48,CALM,0,0
2015,3,10,2,AA,1680,LAS,DFW,800,157,1055,1237,0,0,,,,,,,0,60,26,CALM,0,0,54,83,NW,9,0
2015,3,10,2,AA,1677,DFW,MEM,800,85,432,925,0,0,,,,,,,0,49,97,NW,7,0,59,94,W,3,0
2015,3,10,2,AA,2483,ORD,MIA,800,186,1197,1206,0,0,,,,,,,0,37,100,S,3,0,82,60,ESE,15,0
2015,3,10,2,AA,2413,DFW,LAX,800,214,1235,934,0,0,,,,,,,0,49,97,NW,7,0,60,80,W,8,0
2015,3,10,2,AA,2428,LAX,DFW,800,179,1235,1259,0,0,,,,,,,0,58,87,E,3,0,54,83,NW,9,0
2015,3,10,2,AS,1,DCA,SEA,800,350,2329,1050,0,0,,,,,,,0,43,65,ENE,3,0,45,81,NNW,5,0
2015,3,10,2,AS,16,SEA,MCO,800,343,2554,1643,0,0,,,,,,,0,42,96,N,7,0,84,56,ESE,10,0
2015,3,10,2,AS,23,ORD,SEA,800,270,1721,1030,0,0,,18,0,0,0,0,1,37,100,S,3,0,45,81,NNW,5,0
2015,3,10,2,AS,25,BOS,SEA,800,383,2496,1123,0,0,,,,,,,0,33,72,CALM,0,0,46,81,NNW,3,0
2015,3,10,2,AS,62,ANC,JNU,800,97,571,937,0,0,,,,,,,0,8,50,N,12,0,32,85,CALM,0,0
2015,3,10,2,AS,83,SEA,ANC,800,217,1448,1037,0,0,,23,0,18,0,0,1,42,96,N,7,0,10,48,N,9,0
2015,3,10,2,AS,309,SJC,SEA,800,120,697,1000,0,0,,,,,,,0,54,88,ESE,3,0,45,81,NNW,5,0
2015,3,10,2,AS,373,SMF,SEA,800,105,605,945,0,0,,,,,,,0,51,89,NE,5,0,43,93,NNE,7,0
2015,3,10,2,AS,493,SAN,SEA,800,170,1050,1050,0,0,,,,,,,0,54,94,NNE,3,0,45,81,NNW,5,0
2015,3,10,2,AS,527,SNA,SEA,800,169,978,1049,0,0,,,,,,,0,59,78,NNE,3,0,45,81,NNW,5,0
2015,3,10,2,AS,626,PDX,LAS,800,125,763,1005,0,0,,,,,,,0,59,78,NNE,3,0,68,16,S,3,0
2015,3,10,2,AS,637,PHX,SEA,800,184,1107,1104,0,0,,,,,,,0,66,28,ESE,6,0,46,81,NNW,3,0
2015,3,10,2,AS,665,DFW,SEA,800,260,1660,1020,0,0,,,,,,,0,49,97,NW,7,0,45,81,NNW,5,0
2015,3,10,2,AS,679,DEN,SEA,800,179,1024,959,0,0,,,,,,,0,43,47,SW,8,0,43,93,NNE,7,0
2015,3,10,2,AS,690,SEA,GEG,800,57,224,857,0,0,,,,,,,0,42,96,N,7,0,41,65,NE,5,0
2015,3,10,2,AS,860,HNL,SEA,800,345,2677,1645,0,0,,,,,,,0,72,51,CALM,0,0,55,62,W,6,0
2015,3,10,2,AA,2470,DFW,BOS,800,201,1562,1221,0,0,,,,,,,0,49,97,NW,7,0,39,62,E,5,0
2015,3,10,2,B6,113,HPN,FLL,800,177,1097,1057,0,0,,0,0,20,0,8,1,34,67,CALM,0,0,79,74,ESE,18,0
2015,3,10,2,B6,123,JFK,LAX,800,383,2475,1123,0,0,,,,,,,0,40,77,CALM,0,0,63,75,WSW,5,0
2015,3,10,2,B6,433,DCA,PBI,800,151,857,1031,0,0,,,,,,,0,43,65,ENE,3,0,82,60,SE,17,0
2015,3,10,2,B6,921,BOS,PBI,800,197,1197,1117,0,0,,,,,,,0,33,72,CALM,0,0,83,60,SE,18,0
2015,3,10,2,B6,1307,JFK,IAD,800,86,228,926,0,0,,,,,,,0,40,77,CALM,0,0,40,73,NW,3,0
2015,3,10,2,B6,1347,DCA,SJU,800,222,1554,1142,0,0,,,,,,,0,43,65,ENE,3,0,84,67,ENE,23,0
2015,3,10,2,B6,1586,MCO,BUF,800,154,1011,1034,0,0,,,,,,,0,70,97,ESE,7,0,38,65,S,3,0
2015,3,10,2,DL,462,JFK,LAS,800,344,2248,1044,0,0,,,,,,,0,40,77,CALM,0,0,68,16,S,3,0
2015,3,10,2,DL,928,DEN,LGA,800,220,1620,1340,0,0,,,,,,,0,43,47,SW,8,0,45,56,ENE,9,0
2015,3,10,2,DL,1102,TPA,MSP,800,207,1306,1027,0,0,,,,,,,0,71,84,ESE,3,0,48,48,SSW,8,0
2015,3,10,2,DL,1106,SFO,MSP,800,211,1589,1331,0,0,,,,,,,0,53,100,SSE,6,0,61,34,SW,12,0
2015,3,10,2,DL,1139,DCA,ATL,800,118,547,958,0,0,,,,,,,0,43,65,ENE,3,0,59,75,SE,6,0
2015,3,10,2,DL,1245,FAR,MSP,800,72,223,912,0,0,,,,,,,0,38,70,W,10,0,45,52,SW,8,0
2015,3,10,2,DL,2185,FLL,JFK,800,174,1069,1054,0,0,,,,,,,0,76,82,ESE,16,0,47,59,ESE,5,0
2015,3,10,2,DL,2190,JFK,MIA,800,203,1089,1123,0,0,,,,,,,0,40,77,CALM,0,0,80,67,ESE,18,0
2015,3,10,2,DL,2222,JFK,PBI,800,187,1028,1107,0,0,,,,,,,0,40,77,CALM,0,0,83,60,SE,18,0
2015,3,10,2,DL,2226,ATL,FLL,800,110,581,950,0,0,,,,,,,0,58,75,ESE,7,0,78,74,ESE,18,0
2015,3,10,2,DL,2388,SNA,MSP,800,211,1522,1331,0,0,,,,,,,0,59,78,NNE,3,0,61,34,SW,12,0
2015,3,10,2,DL,2411,RSW,LGA,800,170,1080,1050,0,0,,,,,,,0,70,90,E,7,0,38,62,NE,8,0
2015,3,10,2,DL,2412,ORD,ATL,800,115,606,1055,0,0,,,,,,,0,37,100,S,3,0,61,78,SE,6,0
2015,3,10,2,DL,2501,SAN,MSP,800,214,1532,1334,0,0,,15,0,0,0,0,1,54,94,NNE,3,0,61,34,SW,12,0
2015,3,10,2,DL,2528,DTW,ORD,800,90,235,830,0,0,,,,,,,0,36,87,CALM,0,0,37,100,S,3,0
2015,3,10,2,DL,2589,BNA,ATL,800,74,214,1014,0,0,,,,,,,0,57,93,S,13,0,61,78,SE,6,0
2015,3,10,2,DL,2669,BOS,LGA,800,75,184,915,0,0,,,,,,,0,33,72,CALM,0,0,39,62,NE,9,0
2015,3,10,2,DL,1348,LAS,SLC,800,79,368,1019,0,0,,,,,,,0,60,26,CALM,0,0,50,36,SSE,5,0
2015,3,10,2,DL,1379,BHM,ATL,800,70,134,1010,0,0,,,,,,,0,62,90,SSE,10,0,61,78,SE,6,0
2015,3,10,2,DL,1526,MCO,LGA,800,155,950,1035,0,0,,,,,,,0,70,97,ESE,7,0,38,62,NE,8,0
2015,3,10,2,DL,1616,DEN,ATL,800,185,1199,1305,0,0,,,,,,,0,43,47,SW,8,0,73,59,SW,10,0
2015,3,10,2,DL,1659,BOS,LAX,800,401,2611,1141,0,0,,,,,,,0,33,72,CALM,0,0,63,75,WSW,5,0
2015,3,10,2,DL,1904,FLL,DTW,800,179,1127,1059,0,0,,,,,,,0,76,82,ESE,16,0,39,86,CALM,0,0
2015,3,10,2,DL,1907,GRR,DTW,800,60,120,900,0,0,,,,,,,0,35,100,S,6,0,37,87,CALM,0,0
2015,3,10,2,DL,1922,IAH,SLC,800,197,1195,1017,0,0,,,,,,,0,53,93,N,7,0,50,36,SSE,5,0
2015,3,10,2,DL,1947,MSY,JFK,800,174,1182,1154,0,0,,,,,,,0,66,93,SSE,9,0,48,61,SE,6,0
2015,3,10,2,DL,2006,LGA,MSY,800,207,1183,1027,0,0,,,,,,,0,37,65,NE,5,0,75,79,SSW,7,0
2015,3,10,2,EV,3952,MCI,ORD,800,93,403,933,0,0,,,,,,,0,43,97,SW,6,0,39,96,S,6,0
2015,3,10,2,UA,1070,DEN,SNA,800,154,846,934,0,0,,,,,,,0,43,47,SW,8,0,61,77,CALM,0,0
2015,3,10,2,UA,1276,LAS,LAX,800,75,236,915,0,0,,17,0,0,0,0,1,,,,,,60,80,W,8,0
2015,3,10,2,UA,1401,EWR,MIA,800,189,1085,1109,0,0,,,,,,,0,41,65,CALM,0,0,80,67,ESE,18,0
2015,3,10,2,UA,1556,BOS,EWR,800,87,200,927,0,0,,,,,,,0,33,72,CALM,0,0,44,55,CALM,0,0
2015,3,10,2,UA,1616,BOS,SFO,800,423,2704,1203,0,0,,,,,,,0,33,72,CALM,0,0,61,87,N,6,0
2015,3,10,2,UA,463,LGA,ORD,800,161,733,941,0,0,,,,,,,0,37,65,NE,5,0,42,74,WSW,12,0
2015,3,10,2,OO,4608,SEA,PDX,800,54,129,854,0,0,,,,,,,0,42,96,N,7,0,40,97,CALM,0,0
2015,3,10,2,US,879,PVD,CLT,800,148,683,1028,0,0,,,,,,,0,33,61,CALM,0,0,60,69,CALM,0,0
2015,3,10,2,US,1728,PHL,MCO,800,166,861,1046,0,0,,,,,,,0,41,70,NE,6,0,79,72,S,15,0
2015,3,10,2,US,1760,TPA,PHL,800,148,920,1028,0,0,,,,,,,0,71,84,ESE,3,0,49,59,ENE,3,0
2015,3,10,2,US,1824,PHL,PBI,800,177,951,1057,0,0,,,,,,,0,41,70,NE,6,0,82,60,SE,17,0
2015,3,10,2,US,1904,CLT,PIT,800,88,366,928,0,0,,,,,,,0,57,64,SSE,5,0,39,79,ESE,3,0
2015,3,10,2,US,2125,DCA,LGA,800,77,214,917,0,0,,,,,,,0,43,65,ENE,3,0,39,62,NE,9,0
2015,3,10,2,US,2126,BOS,LGA,800,79,184,919,0,0,,,,,,,0,33,72,CALM,0,0,39,62,NE,9,0
2015,3,10,2,US,466,ALB,CLT,800,150,646,1030,0,0,,,,,,,0,26,81,CALM,0,0,60,69,CALM,0,0
2015,3,10,2,US,582,IAH,PHX,800,193,1009,913,0,0,,,,,,,0,53,93,N,7,0,73,19,E,10,0
2015,3,10,2,US,623,DEN,PHX,800,135,602,915,0,0,,,,,,,0,43,47,SW,8,0,73,19,E,10,0
2015,3,10,2,US,658,CLT,LAS,800,304,1916,1004,0,0,,,,,,,0,57,64,SSE,5,0,68,16,S,3,0
2015,3,10,2,US,2137,LGA,DCA,800,83,214,923,0,0,,,,,,,0,37,65,NE,5,0,47,59,CALM,0,0
2015,3,10,2,US,2158,LGA,BOS,800,65,184,905,0,0,,,,,,,0,37,65,NE,5,0,36,62,S,8,0
2015,3,10,2,US,2173,BOS,DCA,800,104,399,944,0,0,,,,,,,0,33,72,CALM,0,0,47,59,CALM,0,0
2015,3,10,2,VX,174,SFO,EWR,800,330,2565,1630,0,0,,,,,,,0,53,100,SSE,6,0,48,74,ENE,5,0
2015,3,10,2,VX,219,AUS,SFO,800,230,1504,950,0,0,,,,,,,0,47,100,CALM,0,0,54,100,SSE,3,0
2015,3,10,2,VX,334,SFO,LAX,800,80,337,920,0,0,,,,,,,0,53,100,SSE,6,0,60,80,W,8,0
2015,3,10,2,VX,501,JFK,FLL,800,185,1069,1105,0,0,,,,,,,0,40,77,CALM,0,0,80,74,ESE,18,0
2015,3,10,2,VX,740,SFO,SEA,800,125,679,1005,0,0,,,,,,,0,53,100,SSE,6,0,45,81,NNW,5,0
2015,3,10,2,VX,871,DAL,LAX,800,200,1246,920,0,0,,,,,,,0,50,93,NNW,8,0,60,80,W,8,0
2015,3,10,2,WN,5,DAL,HOU,800,65,239,905,0,0,,,,,,,0,50,93,NNW,8,0,55,89,NNW,10,0
2015,3,10,2,WN,562,ABQ,LAX,800,120,677,900,0,0,,,,,,,0,40,58,NNW,8,0,60,80,W,8,0
2015,3,10,2,WN,521,BNA,TPA,800,105,612,1045,0,0,,,,,,,0,57,93,S,13,0,77,71,SSE,7,0
2015,3,10,2,WN,873,BOS,BWI,800,95,369,935,0,0,,,,,,,0,33,72,CALM,0,0,43,65,E,6,0
2015,3,10,2,WN,44,BUF,BWI,800,80,281,920,0,0,,,,,,,0,32,73,SE,6,0,43,65,E,6,0
2015,3,10,2,WN,2873,BUR,OAK,800,70,325,910,0,0,,,,,,,0,58,67,CALM,0,0,53,96,E,6,0
2015,3,10,2,WN,3410,LAX,RNO,800,80,391,920,0,0,,,,,,,0,58,87,E,3,0,53,96,E,6,0
2015,3,10,2,WN,707,LIT,DAL,800,70,296,910,0,0,,,,,,,0,48,93,NW,6,0,51,92,NW,9,0
2015,3,10,2,WN,15,MCI,DAL,800,90,460,930,0,0,,,,,,,0,43,97,SW,6,0,51,92,NW,9,0
2015,3,10,2,WN,1790,MCI,MDW,800,80,405,920,0,0,,4,0,10,2,0,1,43,97,SW,6,0,41,93,S,8,0
2015,3,10,2,WN,4010,BUR,SMF,755,80,358,915,0,0,,,,,,,0,52,54,CALM,0,0,56,80,CALM,0,0
2015,3,10,2,WN,1061,BWI,AUS,755,235,1342,1050,0,0,,,,,,,0,38,76,NE,3,0,56,80,N,8,0
2015,3,10,2,WN,4812,BWI,CMH,755,80,337,915,0,0,,,,,,,0,38,76,NE,3,0,41,93,E,3,0
2015,3,10,2,WN,508,LAX,DAL,755,170,1246,1245,0,0,,,,,,,0,55,94,N,3,0,55,80,NNW,8,0
2015,3,10,2,WN,1434,LAX,SMF,755,80,373,915,0,0,,,,,,,0,55,94,N,3,0,56,80,CALM,0,0
2015,3,10,2,WN,4638,DCA,IND,755,110,500,945,0,0,,,,,,,0,41,67,NE,6,0,42,96,ESE,5,0
2015,3,10,2,WN,613,DEN,DAL,755,115,651,1050,0,0,,,,,,,0,37,57,WSW,9,0,52,89,NW,8,0
2015,3,10,2,WN,445,LAS,SAN,755,65,258,900,0,0,,,,,,,0,56,30,SSW,7,0,63,67,CALM,0,0
2015,3,10,2,WN,193,LAS,SJC,755,85,386,920,0,0,,,,,,,0,56,30,SSW,7,0,54,94,CALM,0,0
2015,3,10,2,WN,4646,SJC,PDX,755,105,569,940,0,0,,,,,,,0,53,89,ESE,6,0,45,90,WNW,6,0
2015,3,10,2,WN,321,PHL,STL,755,165,814,940,0,0,,,,,,,0,34,82,CALM,0,0,46,93,NE,5,0
2015,3,10,2,EV,6163,DEN,MCI,755,99,533,1034,0,0,,,,,,,0,37,57,WSW,9,0,52,71,WNW,3,0
2015,3,10,2,EV,6077,TYS,DEN,755,222,1162,937,0,0,,,,,,,0,49,97,NNE,5,0,50,39,SW,8,0
2015,3,10,2,F9,657,DEN,SFO,755,160,967,935,0,0,,27,0,0,0,0,1,37,57,WSW,9,0,54,100,SSE,3,0
2015,3,10,2,EV,2514,DFW,OKC,755,54,175,849,0,1,A,,,,,,1,49,97,NNW,7,0,46,93,NNW,6,0
2015,3,10,2,MQ,3065,DFW,GSO,755,144,999,1119,0,0,,,,,,,0,49,97,NNW,7,0,62,70,SSW,9,0
2015,3,10,2,AA,15,JFK,SFO,800,401,2586,1141,0,0,,,,,,,0,40,77,CALM,0,0,58,90,NE,3,0
2015,3,10,2,AA,33,JFK,LAX,800,398,2475,1138,0,0,,,,,,,0,40,77,CALM,0,0,63,75,WSW,5,0
2015,3,10,2,AA,34,LAX,JFK,800,338,2475,1638,0,0,,,,,,,0,58,87,E,3,0,49,71,E,6,0
2015,3,10,2,AA,306,LAX,MIA,800,294,2342,1554,0,0,,25,0,0,69,0,1,58,87,E,3,0,83,60,E,17,0
2015,3,10,2,AA,1081,IAD,LAX,800,357,2288,1057,0,0,,,,,,,0,37,79,CALM,0,0,61,82,WSW,6,0
2015,3,10,2,AA,1023,OKC,DFW,800,70,175,910,0,0,,,,,,,0,46,93,NNW,6,0,50,93,NNW,8,0
2015,3,10,2,MQ,3065,DFW,GSO,755,144,999,1119,0,0,,,,,,,0,49,97,NNW,7,0,62,70,SSW,9,0
2015,3,10,2,MQ,3283,ORD,DAY,755,63,240,958,0,0,,,,,,,0,39,69,SW,6,0,43,93,SE,7,0.1
2015,3,10,2,EV,5794,IAH,OKC,755,89,395,924,0,0,,,,,,,0,53,93,NNW,7,0,48,87,NNW,6,0
2015,3,10,2,OO,5203,DEN,TUS,755,124,639,859,0,0,,,,,,,0,37,57,WSW,9,0,62,29,SE,7,0
2015,3,10,2,OO,5594,DEN,DRO,755,67,251,902,0,0,,,,,,,0,37,57,WSW,9,0,38,51,CALM,0,0
2015,3,10,2,OO,5525,DEN,PSP,755,142,776,917,0,0,,,,,,,0,37,57,WSW,9,0,76,15,CALM,0,0
2015,3,10,2,UA,204,DEN,IAH,755,137,862,1112,0,0,,,,,,,0,37,57,WSW,9,0,55,86,NW,8,0
2015,3,10,2,UA,447,DEN,LAX,755,157,862,932,0,0,,,,,,,0,37,57,WSW,9,0,60,80,W,8,0
2015,3,10,2,US,784,FLL,PHL,755,159,992,1034,0,0,,,,,,,0,75,82,SE,16,0,49,59,ENE,3,0
2015,3,10,2,US,1757,MCO,PHL,755,141,861,1016,0,0,,,,,,,0,66,96,SE,5,0,49,59,ENE,3,0
2015,3,10,2,US,1833,PHL,MSP,755,191,980,1006,0,0,,,,,,,0,34,82,CALM,0,0,48,48,SSW,8,0
2015,3,10,2,US,1950,PHL,FLL,755,185,992,1100,0,0,,0,0,25,0,0,1,34,82,CALM,0,0,80,74,ESE,18,0
2015,3,10,2,US,1980,CLT,BOS,755,130,728,1005,0,0,,,,,,,0,57,62,SE,6,0,44,38,CALM,0,0
2015,3,10,2,US,2062,CLT,LGA,755,110,544,945,0,0,,,,,,,0,57,62,SE,6,0,39,62,NE,9,0
2015,3,10,2,WN,4808,DAL,LIT,755,65,296,900,0,0,,,,,,,0,50,93,NW,7,0,48,93,WNW,7,0
2015,3,10,2,WN,2945,BNA,MSY,755,95,471,930,0,0,,,,,,,0,56,93,SSE,7,0,73,84,S,7,0
2015,3,10,2,WN,4010,BUR,SMF,755,80,358,915,0,0,,,,,,,0,52,54,CALM,0,0,56,80,CALM,0,0
2015,3,10,2,OO,4993,ORD,IND,754,59,177,953,0,0,,,,,,,0,37,100,S,3,0,42,96,ESE,5,0
2015,3,10,2,UA,496,ORD,EWR,754,126,719,1100,0,0,,,,,,,0,37,100,S,3,0,50,46,NE,3,0
2015,3,10,2,AA,168,DFW,SFO,755,232,1464,947,0,0,,,,,,,0,49,97,NNW,7,0,54,100,SSE,3,0
2015,3,10,2,AA,204,LAS,MIA,755,266,2174,1521,0,0,,,,,,,0,56,30,SSW,7,0,104,8,VAR,3,0
2015,3,10,2,AA,206,DFW,MIA,755,161,1121,1136,0,0,,,,,,,0,49,97,NNW,7,0,80,67,ESE,18,0
2015,3,10,2,AA,1090,DFW,SNA,755,199,1205,914,0,0,,,,,,,0,49,97,NNW,7,0,61,77,CALM,0,0
2015,3,10,2,WN,809,CLE,PHX,750,275,1737,925,0,0,,,,,,,0,38,76,SSE,7,0,73,19,E,10,
2015,3,10,2,EV,4213,ORD,HPN,750,127,738,1057,0,0,,,,,,,0,37,100,S,3,0,44,43,CALM,0,
2015,3,10,2,EV,6122,ORD,LEX,750,81,323,1011,0,0,,0,0,47,0,0,1,37,100,S,3,0,49,97,ESE,12,
2015,3,10,2,HA,23,OAK,OGG,750,335,2349,1025,0,0,,0,0,39,0,0,1,52,97,CALM,0,0,75,46,NNE,12,
2015,3,10,2,MQ,3375,DFW,XNA,750,64,280,854,0,0,,,,,,,0,49,97,NNW,7,0,45,97,N,5,
2015,3,10,2,MQ,3320,DFW,LAW,750,47,140,837,0,0,,,,,,,0,49,97,NNW,7,0,48,100,NNW,5,
2015,3,10,2,NK,135,MSP,MCO,750,193,1310,1203,0,0,,,,,,,0,38,65,SSW,5,0,85,49,SE,9,
2015,3,10,2,NK,330,DFW,CLE,750,148,1021,1118,0,0,,,,,,,0,49,97,NNW,7,0,43,71,SSW,7,
2015,3,10,2,OO,4478,ORD,SLC,750,217,1250,1027,0,0,,0,0,94,0,0,1,37,100,S,3,0,50,36,SSE,5,
2015,3,10,2,OO,6321,SAN,LAX,750,55,109,845,0,0,,,,,,,0,55,82,NNE,6,0,58,87,E,3,
2015,3,10,2,OO,2789,PSP,PHX,750,76,261,906,0,0,,,,,,,0,61,31,NNW,7,0,73,19,E,10,
2015,3,10,2,OO,6271,COS,DEN,750,50,73,840,0,0,,,,,,,0,40,41,NNW,12,0,43,47,SW,8,
2015,3,10,2,UA,1059,LGA,DEN,751,276,1620,1027,0,0,,5,0,12,0,0,1,35,67,ENE,5,0,55,24,N,8,
2015,3,10,2,OO,6373,SFO,DFW,751,219,1464,1330,0,0,,,,,,,0,52,100,CALM,0,0,55,80,NW,8,
2015,3,10,2,B6,163,JFK,SRQ,752,186,1041,1058,0,0,,,,,,,0,36,79,E,3,0,79,69,SE,14,
2015,3,10,2,F9,787,DEN,PDX,752,163,991,935,0,0,,,,,,,0,37,57,WSW,9,0,45,90,WNW,6,
2015,3,10,2,AA,1119,MCI,DFW,753,105,460,938,0,0,,,,,,,0,40,100,SSW,5,0,50,93,NNW,8,
2015,3,10,2,EV,4507,IAH,MEM,753,90,468,923,0,0,,,,,,,0,53,93,NNW,7,0,59,94,W,3,
2015,3,10,2,EV,5995,ORD,CAK,753,81,343,1014,0,0,,0,0,23,0,0,1,37,100,S,3,0,41,79,S,8,
2015,3,10,2,UA,500,IND,SFO,753,312,1943,1005,0,0,,,,,,,0,41,93,ESE,5,0,55,94,SE,6,
2015,3,10,2,OO,4993,ORD,IND,754,59,177,953,0,0,,,,,,,0,37,100,S,3,0,42,96,ESE,5,
2015,3,10,2,AA,1090,DFW,SNA,755,199,1205,914,0,0,,,,,,,0,49,97,NNW,7,0,61,77,CALM,0,0
2015,3,10,2,AA,1637,BDL,DFW,755,260,1471,1115,0,0,,,,,,,0,24,75,CALM,0,0,53,86,NNW,8,0
2015,3,10,2,AA,2381,LAX,MCO,755,276,2218,1531,0,0,,,,,,,0,55,94,N,3,0,84,49,SSE,7,0
2015,3,10,2,AS,65,SEA,KTN,755,123,680,858,0,0,,,,,,,0,43,87,N,8,0,38,89,SSE,3,0
2015,3,10,2,AS,522,SEA,BUR,755,138,937,1013,0,0,,,,,,,0,43,87,N,8,0,70,41,CALM,0,0
2015,3,10,2,B6,1169,RIC,MCO,755,119,667,954,0,0,,,,,,,0,48,71,CALM,0,0,75,82,SE,12,0
2015,3,10,2,DL,2245,MSP,RSW,755,202,1416,1217,0,0,,,,,,,0,38,65,SSW,5,0,84,53,SSE,16,0
2015,3,10,2,EV,4099,CLE,STL,755,106,487,841,0,0,,,,,,,0,38,76,SSE,7,0,46,89,ENE,6,0
2015,3,10,2,EV,3960,SAF,DEN,755,84,303,919,0,0,,,,,,,0,28,78,N,5,0,50,39,SW,8,0
2015,3,10,2,UA,1476,SFO,EWR,755,334,2565,1629,0,0,,0,0,87,0,0,1,52,100,CALM,0,0,48,74,ENE,5,0
2015,3,10,2,UA,204,DEN,IAH,755,137,862,1112,0,0,,,,,,,0,37,57,WSW,9,0,55,86,NW,8,0
2015,3,10,2,WN,565,MDW,PHL,750,115,668,1045,0,0,,,,,,,0,40,93,S,7,0,49,59,ENE,3,0
2015,3,10,2,WN,597,ORF,BWI,750,70,159,900,0,0,,,,,,,0,52,69,S,3,0,43,65,E,6,0
2015,3,10,2,WN,2362,STL,PHX,750,210,1262,920,0,0,,,,,,,0,45,93,NE,6,0.1,73,19,E,10,0
2015,3,10,2,WN,4129,STL,RSW,750,155,979,1125,0,0,,,,,,,0,45,93,NE,6,0.1,82,56,ESE,16,0
2015,3,10,2,WN,719,BWI,MDW,750,120,611,850,0,0,,102,0,0,0,0,1,38,76,NE,3,0,40,97,S,5,0
2015,3,10,2,WN,809,CLE,PHX,750,275,1737,925,0,0,,,,,,,0,38,76,SSE,7,0,73,19,E,10,0
